{"type":"FeatureCollection","bbox":[-75.29,39.95,-75.08,40.1],"features":[{"type":"Feature","properties":{"zipcode":"19128","total_requests":570,"closed_requests":369,"open_requests":201,"open_share":0.3526,"closed_within_180":315,"closed_within_180_share":0.5526,"median_close_days":93,"expected_date_requests":570,"closed_by_expected":327,"on_time_share":0.5737,"missed_expected":243,"missed_expected_share":0.4263,"feature_kind":"boundary"},"geometry":{"type":"Polygon","coordinates":[[[-75.2260209093017,40.0791414209193],[-75.2259900508598,40.0790776800118],[-75.2254931769555,40.0792511229486],[-75.2254842714842,40.0792541060418],[-75.2253396954402,40.0790012055021],[-75.2251861593721,40.0787738294839],[-75.2247913794281,40.0780641092021],[-75.2246751579247,40.0777048088476],[-75.2244858703615,40.0772775319442],[-75.2243055238215,40.076900230174],[-75.224069370408,40.0765714796447],[-75.2238045544276,40.0761425413937],[-75.2236140404091,40.0757484212593],[-75.2234842592296,40.0754634903455],[-75.2233658885798,40.0751622165065],[-75.2231240510576,40.0746964480139],[-75.2230158549666,40.0744119901635],[-75.223014331175,40.0741630641373],[-75.2230664494496,40.0739236139686],[-75.2232166084198,40.0736614294665],[-75.2234065307351,40.0734913807342],[-75.2239377466101,40.0731463115959],[-75.2244436737028,40.0729002424086],[-75.2247522845579,40.072732798965],[-75.2250944988522,40.0725329076193],[-75.225360254249,40.0723562255744],[-75.225420377265,40.0721916175463],[-75.2255551040552,40.0720535383022],[-75.2256086966237,40.071874458228],[-75.2256291016079,40.0718062714474],[-75.2256033634335,40.0716273327046],[-75.2254794363968,40.0714752751157],[-75.2253422503327,40.0713892969097],[-75.225174237453,40.0712611594852],[-75.2249433357925,40.0710818609554],[-75.2246695841892,40.0708933248513],[-75.2243640817521,40.0706874966348],[-75.2239207814748,40.0704122668382],[-75.2235425324114,40.0701301699783],[-75.2232373456309,40.0699160491884],[-75.2230394405622,40.0697208794143],[-75.2228390669871,40.0695920267672],[-75.2226510282637,40.0694219623331],[-75.2225264917586,40.069286480625],[-75.2224457344975,40.0691353689861],[-75.2222780415837,40.0689989377445],[-75.2220690434137,40.06881181852],[-75.2217444509286,40.0685391920732],[-75.2213045746737,40.0681727660301],[-75.2209197320699,40.0677785130523],[-75.2207252400066,40.0674921531678],[-75.220581297134,40.0672981674548],[-75.2205441701615,40.0672228315693],[-75.2205110267786,40.0671555814969],[-75.220484221932,40.0670056550305],[-75.2204071815619,40.0667550662836],[-75.2203523373496,40.066488372465],[-75.2204038420341,40.0662655025485],[-75.2204744505125,40.0661094249983],[-75.2207550001036,40.0658252249146],[-75.2210432458941,40.0656241581442],[-75.2215090599712,40.0652942553749],[-75.2219175262175,40.0650543500228],[-75.2225195743753,40.064835294178],[-75.2230101768747,40.0647091925993],[-75.2232842258122,40.0645990691076],[-75.2234510010299,40.0644699935861],[-75.2235219105767,40.0643056237015],[-75.2235737107552,40.064074462739],[-75.2235268675359,40.0638826155889],[-75.2234029581592,40.063730554768],[-75.2231529795324,40.0634844615239],[-75.2228931404418,40.0632132617418],[-75.2226342299907,40.0629171917562],[-75.2223968990293,40.0626215958338],[-75.2222335468025,40.0623691095943],[-75.2221555773717,40.0621433906378],[-75.2220883981335,40.0619179090053],[-75.2218742199636,40.0612909638723],[-75.2217125709547,40.060992883316],[-75.2215107065288,40.0606151020276],[-75.2213461264753,40.0603957727737],[-75.2211803102821,40.0602096015274],[-75.2210120239141,40.0600897475061],[-75.2207999672811,40.0599855224819],[-75.220643397528,40.0598410366923],[-75.2204785118924,40.0596299957276],[-75.2203580184414,40.0593867463839],[-75.2202708150189,40.0591193407385],[-75.2200067094782,40.0586738132779],[-75.2198264361134,40.0582965040534],[-75.2196532435385,40.0580189078246],[-75.2193906564226,40.0578223061268],[-75.2192112820764,40.0577105014101],[-75.2189434765206,40.0573644480137],[-75.2187033973883,40.0571434504441],[-75.2185379068464,40.0569489867158],[-75.218414949267,40.0567720526728],[-75.2183003052238,40.0566616727002],[-75.2181588672046,40.0564013655416],[-75.2179647299188,40.0561067121697],[-75.2178673726116,40.0558224869152],[-75.2178470765746,40.0554984780826],[-75.2178344815691,40.0553976393206],[-75.2177972019337,40.0550991489994],[-75.2177655002617,40.0547914824056],[-75.2176715492278,40.0544160708906],[-75.217551116608,40.0538824433976],[-75.2174072549745,40.0533980784446],[-75.2172156052912,40.053037105472],[-75.2170119314605,40.0527090543581],[-75.2167925204961,40.0525133979808],[-75.2163287244476,40.0522127942464],[-75.2157797187525,40.0518812715988],[-75.2154225623165,40.0516162027612],[-75.2152244245624,40.0514293089177],[-75.2150158096679,40.0512338871326],[-75.2147754552304,40.0510211717413],[-75.2145107366492,40.0506867410477],[-75.2145046910064,40.050679104106],[-75.2140527710169,40.0498528553608],[-75.2139162783465,40.0495301824596],[-75.213784052038,40.0490934398397],[-75.213668120422,40.0488168867059],[-75.2135051047103,40.0486077913509],[-75.2133329620967,40.048444160421],[-75.2131296406125,40.0483197990829],[-75.2129786982048,40.048185176685],[-75.2126104473859,40.0479030497424],[-75.2123844398639,40.0477896015879],[-75.212152292293,40.0476417676521],[-75.2119508966848,40.0474660717021],[-75.2117702719752,40.0473307927241],[-75.2116483784685,40.0472139346932],[-75.2115854279164,40.0471097955556],[-75.2115839816284,40.0469499344495],[-75.2116624607211,40.046837503868],[-75.2118470162086,40.0464705475709],[-75.2119456702701,40.046215857831],[-75.2120441102404,40.0459668720198],[-75.2121113716147,40.0457571539266],[-75.2121815413345,40.0448739311463],[-75.2121924204074,40.04458305327],[-75.2121731887767,40.0443029258269],[-75.2121461102792,40.0440340415728],[-75.2120516040885,40.0437807928727],[-75.2119308283055,40.0434356311588],[-75.2117913729845,40.0431928046945],[-75.2115607347638,40.0430050458851],[-75.2113472878943,40.0427548749666],[-75.2110594688346,40.0423089817832],[-75.2109064579386,40.0420316047914],[-75.2108613426345,40.0418479451738],[-75.2108397696536,40.0416305562412],[-75.2107411660125,40.0413620932972],[-75.2107202003501,40.0413050137073],[-75.2105634760987,40.0408783070682],[-75.2104825503565,40.0406579705348],[-75.2101629289579,40.0402684535712],[-75.2100188406474,40.0399513149326],[-75.2098134694269,40.0396841958596],[-75.2095597870296,40.0393189674724],[-75.2093192398576,40.038999695296],[-75.2091263648015,40.0387956410733],[-75.2088707672459,40.0384817427685],[-75.2086541394412,40.0383171197583],[-75.208378364886,40.0381454797068],[-75.2080799029515,40.037984753461],[-75.2077309979108,40.0377829514539],[-75.2072174146737,40.0374176733508],[-75.2069760303624,40.0371212095795],[-75.2067687547862,40.0369054165892],[-75.2065373589927,40.0365406743619],[-75.2064789153343,40.0363167589824],[-75.2063753113279,40.0361089687851],[-75.2062621494515,40.0359580488344],[-75.2061409272267,40.0358240746699],[-75.2060869128879,40.0356801732549],[-75.2060727765934,40.0354629476924],[-75.2060189765101,40.0353133422344],[-75.20586893123,40.0351558961516],[-75.205702763711,40.0350323424839],[-75.2054696050447,40.0349130131943],[-75.2051972082041,40.0348498951908],[-75.2048648117225,40.0348025732258],[-75.2042979752817,40.0346701372381],[-75.2040315031966,40.0346471062791],[-75.2037493354616,40.034646559932],[-75.2035101880618,40.0346869234581],[-75.2032239534629,40.0347947419934],[-75.2030865439928,40.0348944426173],[-75.2029243048545,40.035062092056],[-75.2027139056031,40.0353257129459],[-75.2025732828763,40.0355109657858],[-75.20238835328,40.0356895269668],[-75.2022629960702,40.035863702358],[-75.2021518360166,40.0360553161088],[-75.2020338982398,40.0362296549567],[-75.2017900326439,40.0363954921134],[-75.2015648614143,40.0364589950278],[-75.201350109282,40.0364428133726],[-75.2011968591264,40.0363709139874],[-75.2011042554438,40.0362661104391],[-75.2009614247008,40.0361145266052],[-75.2008910813199,40.0360102177913],[-75.2008565524382,40.0359409527223],[-75.2008527739021,40.0358438281525],[-75.200902435862,40.0357079328625],[-75.2008691925317,40.035604447404],[-75.2007776604512,40.0354711262692],[-75.2006588066991,40.0352744086332],[-75.2004460659506,40.0350071071505],[-75.2002929005788,40.0347354199268],[-75.2002008087606,40.0344194227901],[-75.2000993698741,40.0341545914369],[-75.1999871627252,40.0337810653389],[-75.200030476021,40.0336164883746],[-75.2001482823058,40.033248068044],[-75.2002084689224,40.0330296369533],[-75.200244576365,40.032859191194],[-75.2002335939829,40.0327561996841],[-75.2001702457695,40.0326634613167],[-75.1999750600441,40.0325221302773],[-75.1997283666804,40.0323682385584],[-75.1996656960136,40.0323305464148],[-75.1994524245289,40.0322022801319],[-75.1992072329058,40.0320084628867],[-75.1989016150548,40.0318418439807],[-75.1986549265966,40.0316879499518],[-75.1984970573961,40.0315417364698],[-75.1983402621938,40.0313670064208],[-75.1982269128247,40.0312217816436],[-75.1981024766713,40.0309764170028],[-75.1980883669389,40.0307591895107],[-75.19810350738,40.0305540294695],[-75.1981729410175,40.0302872848325],[-75.1982048487608,40.0300311229987],[-75.1982358984904,40.0297977753343],[-75.1982955544408,40.0295936043515],[-75.1982859474865,40.0292566046635],[-75.1981943013639,40.0289291978467],[-75.1981125623008,40.0287333017624],[-75.1980301803564,40.0285545158038],[-75.1979185508661,40.0283636632154],[-75.1977791766257,40.0281208195734],[-75.197769673289,40.0280994834351],[-75.1976764685209,40.0278902072477],[-75.1975639843157,40.0277221685143],[-75.1974203214673,40.0275933934963],[-75.1972594623674,40.0275270279339],[-75.196942589179,40.0274629017752],[-75.1966165803456,40.027444237218],[-75.1962364924347,40.0274814514273],[-75.1959227475945,40.0275315564912],[-75.1955373868281,40.0275115697852],[-75.1950835372174,40.0275357228551],[-75.1947941941409,40.0275292854564],[-75.1945330244109,40.0275634320127],[-75.1942625029555,40.0276487442779],[-75.1939184349282,40.0277152936009],[-75.1936138232581,40.0277199300456],[-75.193347167249,40.0277025773848],[-75.1932177061074,40.0275912385025],[-75.1931632959875,40.0274587380313],[-75.1933062922101,40.0272107582129],[-75.1934842326425,40.0270206384371],[-75.193636694402,40.0269155755964],[-75.1937463586939,40.026763894292],[-75.1939391359361,40.0265741041133],[-75.1942817930852,40.0263476923461],[-75.1944957502473,40.0261869146761],[-75.1946785274491,40.026065400618],[-75.1948468966903,40.0259321490773],[-75.1949698916797,40.0258207201655],[-75.1950479456349,40.0257197079263],[-75.1951037419797,40.0256182013654],[-75.1951678152648,40.0254940447496],[-75.1952233965795,40.0253982412202],[-75.1952573656876,40.025284832378],[-75.195241763465,40.0251075297174],[-75.1952590568558,40.0248453345627],[-75.1953197895788,40.0246126477983],[-75.1954004175683,40.0244431937195],[-75.1956162967053,40.0242310824999],[-75.1958287416957,40.0241102257749],[-75.1958814440776,40.0240777931773],[-75.1962315883422,40.0238623140275],[-75.1962416069733,40.0238566253323],[-75.1962424201207,40.0238561631797],[-75.1966185218231,40.0236425891259],[-75.1971264887945,40.0233627725977],[-75.1977397069427,40.0230453147476],[-75.1982910567355,40.0228006956174],[-75.1987870617714,40.0226404703904],[-75.1989846272184,40.0225657737933],[-75.199186348344,40.0224895059226],[-75.1992871006644,40.0224435041406],[-75.1993435446435,40.0224177691976],[-75.1996395472635,40.0222826606752],[-75.2000739704692,40.0219840638421],[-75.2002741343807,40.0217944277109],[-75.2004045320213,40.0216831585917],[-75.2005501946616,40.0215608116232],[-75.2006234207722,40.0213911925966],[-75.2006917314236,40.0211529602094],[-75.2008222049882,40.0208419038336],[-75.2009352715928,40.0205989588127],[-75.200993618191,40.020429003879],[-75.2016540558724,40.0193003864829],[-75.2017948996308,40.0190596897845],[-75.2019924585049,40.0187444094957],[-75.2022225351898,40.0183499368354],[-75.2023533435501,40.0180274733802],[-75.2024025228798,40.0179059145543],[-75.2024029013554,40.0179049787001],[-75.2024678539977,40.0177445968911],[-75.2026778871597,40.0172926029094],[-75.2028683302235,40.0169657495296],[-75.2030344576817,40.016689727204],[-75.203124263356,40.0165981193893],[-75.2031658933116,40.0165556540613],[-75.2033860854219,40.0164235348712],[-75.2036482775658,40.0163608508273],[-75.2039610552805,40.0163335448848],[-75.2042483751233,40.0163912851429],[-75.2045210164343,40.0164487001726],[-75.2047758159362,40.0165115845865],[-75.2048005423566,40.0165176873555],[-75.205006318116,40.0165736226546],[-75.2053098088115,40.0165974733316],[-75.2055522024239,40.0164715553521],[-75.205795542316,40.0163171131976],[-75.2061766064456,40.0160515648331],[-75.2063895265409,40.0157194907548],[-75.20645266546,40.0154605304714],[-75.2064530310543,40.0154595925178],[-75.2064685588994,40.0153958815531],[-75.2065906495671,40.0151630334701],[-75.2065910523399,40.0151622603221],[-75.2066283276095,40.0150911644136],[-75.2067022548177,40.0149226918478],[-75.2067076160316,40.014910706538],[-75.2067142447215,40.0148954480313],[-75.2067825151459,40.0147406778012],[-75.206811162303,40.0146653839787],[-75.2069225034506,40.014372743073],[-75.2070679941891,40.0140562952815],[-75.2071596195591,40.0137900475688],[-75.2072717308965,40.0134982262287],[-75.2072748394223,40.0134900662186],[-75.2072954820564,40.0134421837073],[-75.2073686194279,40.0132727129964],[-75.2073954949248,40.0132101794506],[-75.2075964537832,40.0127472942027],[-75.2086447722591,40.0134243977031],[-75.2087859578025,40.0135068223864],[-75.2106620489838,40.0144808200013],[-75.2106513050241,40.014507535831],[-75.2105451442723,40.0146447998468],[-75.2105423160219,40.0146485151921],[-75.2102159366223,40.0150704574873],[-75.2104108906783,40.0151579301459],[-75.2101457966613,40.0154893409867],[-75.2098328435668,40.0153576781214],[-75.2097314794733,40.0154894009866],[-75.2100267889293,40.0156391686756],[-75.2098756556145,40.0158590763204],[-75.209749335755,40.0160428151439],[-75.2101664452376,40.0162413532174],[-75.210500712818,40.0164002624074],[-75.2112806238222,40.0168229984562],[-75.2113775347047,40.0169514252932],[-75.2114139113849,40.0170279279813],[-75.2114209119339,40.0170425924628],[-75.2114183860596,40.0171101035484],[-75.2114158681781,40.0171774634425],[-75.2125397819158,40.0180828278034],[-75.2126643038933,40.0182084217825],[-75.2127890309313,40.0183511778905],[-75.2128880859292,40.0184847963203],[-75.2130025948542,40.0186617725348],[-75.2123607056728,40.0189551372332],[-75.211698616005,40.0192566168422],[-75.2119733846856,40.0196162707032],[-75.2132682258945,40.0213103438477],[-75.2135196233359,40.0216367196787],[-75.2136846627334,40.0218508322219],[-75.2140628023101,40.0223685329613],[-75.2144218830515,40.0228349590918],[-75.2153502141293,40.0239121789702],[-75.2162438345551,40.023428585927],[-75.2163467541646,40.0235175724326],[-75.2164734883935,40.0236272386812],[-75.2165706500923,40.0237027118031],[-75.2166829847375,40.023789941516],[-75.2174442286567,40.0243801563576],[-75.2175111393535,40.024433834886],[-75.2175530247316,40.0244530704547],[-75.2175540703283,40.0244535674377],[-75.2175712393558,40.0244613937057],[-75.2176094225201,40.0244786510098],[-75.2176588055629,40.0245011693298],[-75.2176857469204,40.0245133799924],[-75.2183174885622,40.0247987769173],[-75.2183191773183,40.0247995322422],[-75.2183539394259,40.0248152308282],[-75.2184954534612,40.0248734473834],[-75.2185040904558,40.0248771345503],[-75.2185068099849,40.024878282004],[-75.2185264751217,40.024880996825],[-75.2185864693283,40.0248892596909],[-75.2186576006485,40.0249456993113],[-75.2187252711094,40.0250275662516],[-75.2187474645839,40.0250543438557],[-75.2187672791887,40.0250782245704],[-75.2189254078054,40.02529745112],[-75.2190849547334,40.0255186476325],[-75.219126778532,40.0255766205508],[-75.2197024468144,40.0261496155771],[-75.2202159334828,40.0265977866678],[-75.2205622580091,40.0269279361651],[-75.220614850137,40.026978072729],[-75.2206559818306,40.0270172827417],[-75.2212429948275,40.027561070222],[-75.2218391703886,40.0272727295475],[-75.2221570135167,40.0276688928284],[-75.2223806307975,40.0279572439696],[-75.2227384582917,40.0284214809328],[-75.2230342011533,40.0288332055521],[-75.223210338233,40.0290878778847],[-75.2234774982973,40.0294502662916],[-75.2238281346766,40.0299362463174],[-75.2241475205808,40.0303591808181],[-75.2245950520833,40.0309479016567],[-75.2251295152487,40.0316523977637],[-75.2246606521373,40.03190808229],[-75.2248608671937,40.0321767150169],[-75.2251027903582,40.0325013034075],[-75.2253680491687,40.032871002578],[-75.2258510224029,40.0335152359955],[-75.2262388836842,40.0333387678962],[-75.2262774059032,40.0333233955471],[-75.2267677897222,40.0331068722016],[-75.2269070805503,40.0330510017264],[-75.2273501977601,40.0336457865879],[-75.2281519837017,40.034721973107],[-75.228152839977,40.0347231235575],[-75.2287554824035,40.0343822603363],[-75.2299042512538,40.0337343820862],[-75.2310312808037,40.0331047305737],[-75.2310499775018,40.0331220865268],[-75.2326085322845,40.0345688997933],[-75.2329202357613,40.034429708124],[-75.2329491540429,40.0344167936304],[-75.233349669252,40.034237991481],[-75.233473205504,40.034197236162],[-75.2335647326552,40.0341526106157],[-75.2336610686926,40.0340994552362],[-75.2340100117443,40.0339187524165],[-75.2348846032205,40.034850267632],[-75.2349402232624,40.0349095068231],[-75.2350410028222,40.0350305653649],[-75.2354057989243,40.0354680792224],[-75.2358597989728,40.0351020786637],[-75.2361507988833,40.0348670793994],[-75.236267999462,40.0348203971466],[-75.2363138345447,40.0348574841285],[-75.2365596072857,40.0350417709867],[-75.2368168574345,40.0352150198928],[-75.2368904824078,40.0352565943709],[-75.237091915358,40.0353703388274],[-75.2373819025392,40.0355113902974],[-75.2374351247546,40.0355371958071],[-75.237638613412,40.0356358583796],[-75.2376722019835,40.0356521442041],[-75.2380584932039,40.0358203245138],[-75.2385840605058,40.0360368912977],[-75.2387862529256,40.0361202065637],[-75.239354493733,40.0363633521291],[-75.2396709254994,40.0365477484221],[-75.2400987780384,40.036841065879],[-75.240617607,40.0371718656281],[-75.2409712649953,40.0373843435555],[-75.2410467811599,40.0374297128018],[-75.2414561617518,40.0375983865178],[-75.2418912370711,40.0376966271345],[-75.2420949353918,40.03772731536],[-75.2422040375727,40.0375926865167],[-75.2423868725757,40.0373751697128],[-75.2424895541398,40.0373202156019],[-75.242937660713,40.0370553970153],[-75.243234390435,40.036923923632],[-75.2436984015232,40.036655221856],[-75.2442193965213,40.0369245740944],[-75.2451634601533,40.0373304984903],[-75.2454735260527,40.0375153909418],[-75.2458630893878,40.0378750318347],[-75.2460611030814,40.0381001235006],[-75.246357508369,40.0384847983614],[-75.2469909900504,40.0393955149623],[-75.2474439362094,40.0402157608234],[-75.2476327258091,40.0404841194454],[-75.2480621251321,40.0409586320572],[-75.2483326131876,40.0412301185548],[-75.2488761558864,40.0417294249014],[-75.2494803881303,40.0422301658491],[-75.2503631493053,40.0429139259669],[-75.2510712462204,40.0434247296994],[-75.2520723428167,40.0441468752267],[-75.2535137796624,40.0451077625338],[-75.2563560810284,40.0468318195191],[-75.2586029280311,40.0484927762661],[-75.2593011700867,40.0490550275568],[-75.2599674594166,40.0496491722061],[-75.2612416626948,40.0508772189598],[-75.2619497961623,40.0516001335737],[-75.2625767902315,40.0522401981678],[-75.2645076984136,40.0540427272583],[-75.264403202689,40.0541273979724],[-75.2638705774253,40.0545589665423],[-75.2636449875939,40.0547666628512],[-75.2636443396243,40.0547672596954],[-75.2635210366771,40.0548807811889],[-75.263224981411,40.0551533505844],[-75.2434599797885,40.073343692634],[-75.2432943876954,40.073500597348],[-75.2432905702259,40.0735042153418],[-75.243068787435,40.0737143606588],[-75.2421170715578,40.0746546402439],[-75.2330402013426,40.083620708489],[-75.2330369786405,40.0836209757891],[-75.2329753741928,40.0836260886523],[-75.2329552919731,40.0836277553919],[-75.2329452136007,40.0835957143835],[-75.2329313422517,40.0835516215454],[-75.2329046961576,40.0834669169804],[-75.2328298703359,40.0833497252994],[-75.2327062246731,40.0832679554024],[-75.2324883216131,40.0831658757978],[-75.2320043752766,40.0829789057619],[-75.2318488613594,40.0829025184398],[-75.2316011230352,40.0827511289942],[-75.2314141904253,40.0826679709481],[-75.2308719390084,40.0825587803848],[-75.2303134157532,40.0824613939007],[-75.2299992332172,40.0823936880006],[-75.2297105909172,40.0822778885944],[-75.2294124564539,40.0822044521571],[-75.2293239528392,40.0821720324526],[-75.2293170576488,40.0821694918024],[-75.2290057999281,40.0820540883793],[-75.2284208643425,40.0818299625576],[-75.2277918293792,40.0814999120027],[-75.2276139470573,40.0813865367911],[-75.2274460104371,40.0812186451629],[-75.2273980265677,40.0811102071867],[-75.2273291552106,40.0809545663228],[-75.2272538480066,40.0808236542528],[-75.2272314032974,40.0807865605661],[-75.2272175002519,40.080763582812],[-75.22706512651,40.0806236169684],[-75.2267369452582,40.0802940822596],[-75.2266160257526,40.0801393840208],[-75.2264159655346,40.0798806645219],[-75.226328984214,40.0797681793386],[-75.2262256969942,40.0795652141738],[-75.2260713326725,40.0792455748513],[-75.2260209093017,40.0791414209193]]]}},{"type":"Feature","properties":{"zipcode":"19131","total_requests":878,"closed_requests":317,"open_requests":561,"open_share":0.639,"closed_within_180":100,"closed_within_180_share":0.1139,"median_close_days":260.6,"expected_date_requests":878,"closed_by_expected":113,"on_time_share":0.1287,"missed_expected":765,"missed_expected_share":0.8713,"feature_kind":"boundary"},"geometry":{"type":"Polygon","coordinates":[[[-75.2055627206179,40.0114542524146],[-75.2052510565112,40.0112797641318],[-75.2049230375104,40.0111051881403],[-75.2045515885478,40.0109188678409],[-75.2041362640645,40.0107211380044],[-75.2037149502827,40.0105307665246],[-75.2032887460985,40.0103475371445],[-75.202897396847,40.0101872954184],[-75.2025009074207,40.0100339985281],[-75.2022206640959,40.0099305690325],[-75.20189813475,40.0098159559562],[-75.2015736653244,40.0097048596533],[-75.2012476884174,40.0095970230145],[-75.2010016032592,40.0095192335663],[-75.2007127052174,40.0094317198956],[-75.1996103990906,40.0091125628956],[-75.1995847699918,40.0091050585466],[-75.1995497123726,40.0090947741799],[-75.199263200738,40.0090081747561],[-75.1990541955786,40.0089449874913],[-75.1986866857925,40.0088248994778],[-75.1986625171946,40.008816793066],[-75.1977950771325,40.0085187291067],[-75.1974131445744,40.0083931598486],[-75.1970982663252,40.0082972033864],[-75.1967649200315,40.0082028562903],[-75.1956718592631,40.0079139372788],[-75.195295632471,40.0078107651196],[-75.1949234507208,40.007700980044],[-75.1945974812696,40.007595361435],[-75.1944773514415,40.0075522206654],[-75.1943590279442,40.0075060439414],[-75.1942422882586,40.0074572335697],[-75.1940887125846,40.0073887503773],[-75.1939555108363,40.0073253247106],[-75.1938617289027,40.0072806687254],[-75.1933815862009,40.0070412950733],[-75.1933760133162,40.0070385373316],[-75.1931925193686,40.0069490941918],[-75.1928046709326,40.0067497210966],[-75.1926198271631,40.0066219361483],[-75.1924812878559,40.0064912639273],[-75.1924801652372,40.0064901487013],[-75.1923562494612,40.0063471411367],[-75.1920938563337,40.0060119458556],[-75.1919570918339,40.0058122422245],[-75.1919530828861,40.0058053584083],[-75.1919042017097,40.0057185700049],[-75.1918590551372,40.0056228141815],[-75.1917748135583,40.0054286063571],[-75.1916977450001,40.0052317615769],[-75.1916408949559,40.0050660627921],[-75.1916010652671,40.0049290060497],[-75.1915923990812,40.0048991472768],[-75.1915606548783,40.0047649232636],[-75.1915295507991,40.0045973924702],[-75.1915168522039,40.0045289735372],[-75.1914826766643,40.004332084345],[-75.1914647932239,40.0042290439947],[-75.1914581684749,40.0041901602677],[-75.1914549040853,40.0041699581226],[-75.1914384332245,40.0040640389948],[-75.1914232825728,40.0039666142456],[-75.191410439562,40.0038840012175],[-75.1913788065815,40.0036453709321],[-75.1913565824017,40.0034406750177],[-75.1913548667417,40.0034198253228],[-75.1913397697941,40.0032359843771],[-75.1913305096627,40.003065516516],[-75.1913269939182,40.0029301483651],[-75.1913261258492,40.0028952330196],[-75.1913260967726,40.0028924293391],[-75.1913261829875,40.0028502542256],[-75.1913263785224,40.0027591974179],[-75.1913293441174,40.0026565955777],[-75.1913303654067,40.0026233702835],[-75.1913306052498,40.0026177830791],[-75.191334484407,40.0025449096005],[-75.1913395413229,40.0024536538989],[-75.1913409415912,40.0024325384753],[-75.1913521799069,40.0022838885481],[-75.1913721601993,40.0020801566841],[-75.1913835551414,40.0019913298981],[-75.1914200818908,40.0017066896776],[-75.1914652125205,40.0014268642726],[-75.191485754094,40.0012995358763],[-75.191535237902,40.0010341632146],[-75.191561920103,40.0008910833068],[-75.1915680559985,40.0008590784346],[-75.1916050619689,40.0006760103538],[-75.1916183980976,40.0006099312868],[-75.1917137741819,40.0001396183512],[-75.1917138876336,40.0001388460136],[-75.1917389912697,40.0000150692081],[-75.1918271926035,39.9996241353983],[-75.1919660013086,39.9990761502985],[-75.1922286276428,39.9981070246013],[-75.1923252680202,39.9977390713051],[-75.1924499595267,39.9974824198952],[-75.1926724056796,39.9969979876543],[-75.1927792958165,39.9967731332259],[-75.1928930247862,39.9965509745981],[-75.193017125048,39.9963328987003],[-75.1930743601145,39.9962410329573],[-75.1931548828136,39.9961201734331],[-75.1932597098256,39.9959703805705],[-75.1933683715091,39.9958217461281],[-75.193573154232,39.995557424092],[-75.1937960134729,39.9952897704982],[-75.194015119056,39.9950430849398],[-75.194250496342,39.9947942357677],[-75.194494418087,39.9945516311374],[-75.1947191471648,39.9943410971688],[-75.1949505165418,39.9941344650903],[-75.1951869474912,39.993930759074],[-75.196092004399,39.9931776815725],[-75.1964491213701,39.9928734858916],[-75.1966528963045,39.9926932894097],[-75.1968238710232,39.9925366324932],[-75.1969632407694,39.9924042320351],[-75.1971264836438,39.9922429697772],[-75.1972863276152,39.9920796783336],[-75.1974432515776,39.9919146440758],[-75.1976804093704,39.9916556601153],[-75.1977751312708,39.9915522135523],[-75.198074459044,39.9912134423302],[-75.1988393411613,39.9903330343612],[-75.1990396329515,39.9901074819166],[-75.1992429553612,39.9898836948948],[-75.1998372223338,39.9892451652135],[-75.2001509530124,39.9889137692865],[-75.2004714231302,39.9885865785924],[-75.200746061659,39.9883188553717],[-75.2009150238502,39.9881609966107],[-75.2010876315885,39.9880055729018],[-75.201263941576,39.9878525089025],[-75.2014433983768,39.9877015607044],[-75.2018406632125,39.9873798792711],[-75.2026807736144,39.9867215917045],[-75.2030502064439,39.9864265647098],[-75.2033517280074,39.9861766242757],[-75.2039229991632,39.985687357468],[-75.2040955849038,39.9855166047574],[-75.2041671327526,39.9854304755186],[-75.2042274863423,39.9853420355399],[-75.2042603864641,39.9852816727465],[-75.2042866296366,39.9852201036098],[-75.2043144440127,39.9851253970667],[-75.2043343695963,39.9850280999514],[-75.2043473927369,39.9849285846352],[-75.2043540547932,39.9848272208257],[-75.2043549019043,39.9847243756324],[-75.204350474254,39.9846204187346],[-75.2043373063796,39.9844807188742],[-75.204317022266,39.9843405719449],[-75.2042909032434,39.9842008551087],[-75.2042520185786,39.9840281441649],[-75.2042085487948,39.9838591778811],[-75.2041248232258,39.9835588802895],[-75.2040536908406,39.9833231260726],[-75.2039980026321,39.9831549013652],[-75.2039371286209,39.9829877644195],[-75.203884029746,39.9828553975724],[-75.2038264696568,39.9827246904807],[-75.2037306659798,39.9825326685005],[-75.2036780416741,39.982438866026],[-75.2036219835604,39.9823467785322],[-75.2035622764895,39.982256584144],[-75.2034987063472,39.9821684646124],[-75.2033608442259,39.9819975899592],[-75.2032635366831,39.9818854352016],[-75.2031623824937,39.9817745158626],[-75.2030576034452,39.9816648521707],[-75.2029494334758,39.9815564213767],[-75.2027238258085,39.981343580367],[-75.2026067876528,39.9812391663871],[-75.2024569923437,39.9811105765032],[-75.2022102655419,39.9809093931265],[-75.2019242828079,39.9806899662343],[-75.2016318413804,39.9804780969563],[-75.2013353225402,39.9802740904092],[-75.2011326546548,39.9801435559224],[-75.2008892599749,39.9799970201057],[-75.2006394103014,39.9798559238833],[-75.2003473509241,39.9797003120893],[-75.2000498850036,39.9795495790682],[-75.1997107816869,39.9793843571345],[-75.1987250452722,39.9789179543025],[-75.1985350052171,39.9788300835608],[-75.198265937151,39.9787105013736],[-75.1979941182971,39.9785940838643],[-75.1968571403061,39.978125117377],[-75.1963527575142,39.9779097214332],[-75.1960853421131,39.9777893012695],[-75.1958592879101,39.9776826899277],[-75.1955999889831,39.9775535247702],[-75.195418630046,39.9774573436304],[-75.1952776104034,39.9773753744004],[-75.1951399846462,39.9772899612161],[-75.1949721135543,39.9771786931303],[-75.1948081166517,39.9770633294773],[-75.1945201306016,39.9768484535725],[-75.193865440005,39.9763417687642],[-75.193651191737,39.9761604196336],[-75.1935421880031,39.9760522671973],[-75.1934678086826,39.9759677743042],[-75.1933566462928,39.9758212501492],[-75.1932531966613,39.9756702971736],[-75.1930707583871,39.975362429773],[-75.1931694521521,39.9753521066024],[-75.1942340666865,39.9752405468496],[-75.1943520631317,39.9752282135454],[-75.1944059627283,39.9752225797735],[-75.1946124102475,39.9752010002561],[-75.1946631482271,39.9751956969084],[-75.1949004229371,39.9751711902933],[-75.1949187055209,39.9751690664415],[-75.1954140190207,39.9751115317813],[-75.1957579149634,39.9750727021471],[-75.198247663764,39.9747939802279],[-75.1982699923944,39.974791479998],[-75.1984002829799,39.9747778599084],[-75.198412053662,39.9747765232505],[-75.1988121935603,39.9747310702558],[-75.1989961260085,39.9747106041729],[-75.199354342213,39.9746723425876],[-75.1995076790649,39.974655963754],[-75.2001351441322,39.9745850927663],[-75.2007328751651,39.9745175763153],[-75.2017387979088,39.9744039462764],[-75.2031559230344,39.9742544581964],[-75.2037225157544,39.9741913916602],[-75.2043640921844,39.9744266025927],[-75.2066286076396,39.9752567642646],[-75.2069096283142,39.9753629307123],[-75.2078944033966,39.975726682559],[-75.2086016182104,39.9759909326011],[-75.2093235375807,39.9762595879623],[-75.2103606780789,39.9766453959716],[-75.2112919705922,39.9769923423932],[-75.2134726076981,39.9778001758298],[-75.2134724301536,39.9777994105596],[-75.2133068862038,39.9772261726747],[-75.2131245159243,39.9765547552146],[-75.2131243865992,39.9765539847026],[-75.2130121379482,39.9761473761889],[-75.2130120062848,39.976146605625],[-75.2126175243458,39.9747310061146],[-75.2126174009142,39.974730234831],[-75.2124235557978,39.9739929845824],[-75.2124234229751,39.9739922139918],[-75.2122147794091,39.9732517095788],[-75.212822940362,39.9731830161608],[-75.2138897469546,39.9730633249459],[-75.2138896305659,39.9730625529186],[-75.213692823054,39.9720297984927],[-75.2128765886078,39.9721202376108],[-75.2128765015854,39.9721194635285],[-75.212741930946,39.9714117553062],[-75.2125947623473,39.9714277969395],[-75.2125946459761,39.9714270249108],[-75.2124039924895,39.9704224690731],[-75.2123736367148,39.9704040462222],[-75.2120712856768,39.9702205476232],[-75.2120718116884,39.9702198835061],[-75.2126578065473,39.9696535258953],[-75.2126436065479,39.9695454683162],[-75.2128456872325,39.969442571598],[-75.2128981781119,39.969391678663],[-75.2138478094745,39.969297847355],[-75.2143519178199,39.9692461372016],[-75.2148101863957,39.9692003840122],[-75.215291718328,39.9691505604068],[-75.2157639695691,39.9691031454295],[-75.2163699994588,39.9690391767615],[-75.2169981953783,39.9689787513347],[-75.2176603821872,39.9689089571305],[-75.2176732658251,39.9689075989414],[-75.2179373844105,39.9688815772073],[-75.2188419245822,39.9687925303083],[-75.2200090066759,39.9686729551515],[-75.2206495805682,39.9686100527793],[-75.2210863524523,39.968568154482],[-75.2215653534927,39.9685180705777],[-75.2228274642611,39.9683882857351],[-75.2231175630768,39.9683582869398],[-75.2233988382638,39.9683291995506],[-75.2235434836708,39.9683142410877],[-75.2237176554501,39.9682962294216],[-75.223729642031,39.9682949922643],[-75.2238352605219,39.9682841287752],[-75.2238409045862,39.9682835646709],[-75.2239518543892,39.9682737131395],[-75.2239989771358,39.9682695292423],[-75.2251428217934,39.9681547822897],[-75.2259426818282,39.9680692932222],[-75.226643726696,39.9680029287675],[-75.2281510034428,39.9678525004514],[-75.2291288408285,39.9677506239152],[-75.2300604114442,39.9676584872289],[-75.2307320879562,39.9675869263931],[-75.2312937677013,39.9675312806395],[-75.2315096669341,39.9675056975196],[-75.2319758510264,39.9674864537298],[-75.232162688382,39.9674554121935],[-75.2336135717458,39.9673525758226],[-75.2355247795107,39.9676142341804],[-75.2360329005793,39.9676788835589],[-75.2362927730369,39.9677119347833],[-75.2368664975485,39.9677812846241],[-75.2375046116842,39.967863549014],[-75.2372850897672,39.968907876156],[-75.2372433367734,39.9689858799323],[-75.2372430724844,39.968986630079],[-75.23729515706,39.9692684511415],[-75.2372952419835,39.9692692260544],[-75.2374578698363,39.9701498304299],[-75.2374579547627,39.9701506053427],[-75.2377444372669,39.9716871518154],[-75.2377445233687,39.9716879267536],[-75.237985076449,39.9729658580956],[-75.2379851637586,39.9729666321589],[-75.2382797997916,39.9745616080026],[-75.238279884733,39.9745623829147],[-75.2385724065495,39.9761098190668],[-75.2385724938698,39.9761105931296],[-75.2386925770209,39.9767354465103],[-75.2386926643434,39.976736220573],[-75.2387946551782,39.9772890209279],[-75.2387947401288,39.9772897958396],[-75.2388471616364,39.977565731625],[-75.2388472489616,39.9775665056875],[-75.2388937833438,39.9778267344369],[-75.2388938647856,39.9778275092715],[-75.2390083010092,39.9784315418707],[-75.2390083883373,39.9784323159331],[-75.2390522223995,39.9786625662043],[-75.2391275558959,39.9790782588857],[-75.2391276385121,39.9790790337458],[-75.2391910032687,39.9794239878754],[-75.2392605483437,39.9797629080598],[-75.2392606438682,39.9797636823012],[-75.2393053883537,39.9800247636238],[-75.2393814315078,39.9804326518567],[-75.2393815176393,39.9804334267934],[-75.2394695524055,39.9809229369861],[-75.2394696350279,39.9809237118459],[-75.2394766522891,39.981123724629],[-75.2394196523199,39.9812919645139],[-75.239338476773,39.9814560634212],[-75.2393382287425,39.9814568166318],[-75.2390456895015,39.9819592671105],[-75.2390454054204,39.9819600132248],[-75.2387473820036,39.9823908978502],[-75.2386155478266,39.9826104909505],[-75.2386151906428,39.9826112183454],[-75.2387316002629,39.9826546166505],[-75.2390403437474,39.9827680594879],[-75.2393500455607,39.9828800015591],[-75.239660394913,39.9829909289025],[-75.2399710809876,39.9831013284594],[-75.2402817929416,39.9832116880752],[-75.2405922200721,39.9833224919977],[-75.2409020526869,39.9834342290043],[-75.2412109776895,39.983547385099],[-75.2415188034362,39.9836622975762],[-75.2418264780782,39.9837778086668],[-75.2421336954428,39.9838942486527],[-75.242439717303,39.98401248348],[-75.2427438043714,39.9841333763761],[-75.2430452196116,39.984257793328],[-75.2433432284032,39.9843865985812],[-75.2436378952537,39.984520362096],[-75.2439291945605,39.9846590806351],[-75.2442165835285,39.9848027054318],[-75.2444995241032,39.9849511860259],[-75.2447774746122,39.9851044745865],[-75.2450494462951,39.9852636253532],[-75.2453155101883,39.985429094919],[-75.2455771725003,39.9855991069994],[-75.2458359480816,39.9857718728706],[-75.2460933506995,39.9859456010689],[-75.2463508928501,39.9861192650307],[-75.2464423560053,39.986182979856],[-75.2466051122396,39.9862963589649],[-75.246847860497,39.9864818002885],[-75.247073746026,39.9866787384922],[-75.2472901942722,39.9868823260803],[-75.2475006564987,39.9870901939669],[-75.2477076092077,39.9873003293039],[-75.2479135550672,39.9875108675571],[-75.2481210638112,39.9877203177455],[-75.2483298653895,39.9879293334998],[-75.24853727797,39.9881391736131],[-75.2487405950916,39.9883510972628],[-75.2489371046209,39.9885663581155],[-75.2491240701332,39.9887862327529],[-75.2492995086583,39.989011734881],[-75.2494660060286,39.9892416351749],[-75.2496271530566,39.9894741648673],[-75.249786548778,39.9897075553478],[-75.250003738485,39.9900186588108],[-75.2500936324887,39.9901468697726],[-75.2491913178109,39.9905715283791],[-75.2480128396263,39.9911253661123],[-75.2456860274355,39.9922188122503],[-75.2437906121218,39.9931094697809],[-75.2416529462225,39.9941138959219],[-75.2390267441681,39.9953448268813],[-75.2373615569517,39.9961252654597],[-75.2352877515737,39.9970971552223],[-75.2343106329655,39.9975527456807],[-75.2342422813609,39.9975846151654],[-75.2332306148048,39.998056298107],[-75.2321529458084,39.9985587371665],[-75.2308893604113,39.9991478332493],[-75.229455057588,39.9998200497724],[-75.2287414983279,40.0001552749301],[-75.2283774916573,40.0003262797827],[-75.2264163254068,40.0012475715937],[-75.2236315670737,40.0025556583496],[-75.220698115278,40.0039334641571],[-75.2192263010954,40.0046247077482],[-75.2183475182062,40.0050374153672],[-75.2157766646352,40.0062447135288],[-75.2145721653403,40.0068103241693],[-75.2137570317949,40.0071548994279],[-75.2130475408666,40.0074548100459],[-75.2107684020376,40.0085603714815],[-75.2092683168649,40.0094958929459],[-75.2084246465873,40.0100353643339],[-75.2083811809861,40.0100616772689],[-75.2083791848147,40.0100628863731],[-75.2081075169114,40.0102409495103],[-75.2080263340812,40.0102945015927],[-75.2079482927935,40.0103459805939],[-75.2078878448389,40.0103843466693],[-75.207832604636,40.0104194087205],[-75.2076254921425,40.0105776085408],[-75.207572211071,40.0106068429265],[-75.2072639591652,40.0107759760194],[-75.207087419408,40.0108728621535],[-75.2068241117599,40.0110771771511],[-75.2060005302658,40.0117157606041],[-75.2055627206179,40.0114542524146]]]}},{"type":"Feature","properties":{"id":"17347386","status":"Closed","zipcode":"19128","requested_date":"2025-01-02","closed_date":"2025-03-20","expected_date":"2025-07-10","days_to_close":77.1,"closed_within_180_days":true,"closed_by_expected":true,"missed_expected":false,"feature_kind":"request"},"geometry":{"type":"Point","coordinates":[-75.22464764,40.04787617]}},{"type":"Feature","properties":{"id":"17347416","status":"Open","zipcode":"19131","requested_date":"2025-01-02","closed_date":null,"expected_date":"2025-07-10","days_to_close":null,"closed_within_180_days":false,"closed_by_expected":false,"missed_expected":true,"feature_kind":"request"},"geometry":{"type":"Point","coordinates":[-75.23295369,39.97069153]}},{"type":"Feature","properties":{"id":"17347926","status":"Closed","zipcode":"19131","requested_date":"2025-01-02","closed_date":"2025-06-04","expected_date":"2025-07-10","days_to_close":153.2,"closed_within_180_days":true,"closed_by_expected":true,"missed_expected":false,"feature_kind":"request"},"geometry":{"type":"Point","coordinates":[-75.23312656,39.97806146]}},{"type":"Feature","properties":{"id":"17348524","status":"Closed","zipcode":"19131","requested_date":"2025-01-02","closed_date":"2025-10-31","expected_date":"2025-07-10","days_to_close":301.5,"closed_within_180_days":false,"closed_by_expected":false,"missed_expected":true,"feature_kind":"request"},"geometry":{"type":"Point","coordinates":[-75.23499158,39.9776246]}},{"type":"Feature","properties":{"id":"17348529","status":"Closed","zipcode":"19131","requested_date":"2025-01-02","closed_date":"2026-07-14","expected_date":"2025-07-14","days_to_close":557.7,"closed_within_180_days":false,"closed_by_expected":false,"missed_expected":true,"feature_kind":"request"},"geometry":{"type":"Point","coordinates":[-75.23504322,39.97761864]}},{"type":"Feature","properties":{"id":"17348830","status":"Open","zipcode":"19131","requested_date":"2025-01-02","closed_date":null,"expected_date":"2025-07-10","days_to_close":null,"closed_within_180_days":false,"closed_by_expected":false,"missed_expected":true,"feature_kind":"request"},"geometry":{"type":"Point","coordinates":[-75.23094208,39.96842077]}},{"type":"Feature","properties":{"id":"17350432","status":"Open","zipcode":"19131","requested_date":"2025-01-03","closed_date":null,"expected_date":"2025-07-11","days_to_close":null,"closed_within_180_days":false,"closed_by_expected":false,"missed_expected":true,"feature_kind":"request"},"geometry":{"type":"Point","coordinates":[-75.21010612,39.99881363]}},{"type":"Feature","properties":{"id":"17351319","status":"Closed","zipcode":"19131","requested_date":"2025-01-03","closed_date":"2026-07-13","expected_date":"2025-07-16","days_to_close":555.7,"closed_within_180_days":false,"closed_by_expected":false,"missed_expected":true,"feature_kind":"request"},"geometry":{"type":"Point","coordinates":[-75.23536905,39.98583164]}},{"type":"Feature","properties":{"id":"17351634","status":"Closed","zipcode":"19128","requested_date":"2025-01-03","closed_date":"2025-02-18","expected_date":"2025-07-11","days_to_close":45.9,"closed_within_180_days":true,"closed_by_expected":true,"missed_expected":false,"feature_kind":"request"},"geometry":{"type":"Point","coordinates":[-75.21450876,40.03675075]}},{"type":"Feature","properties":{"id":"17351637","status":"Closed","zipcode":"19128","requested_date":"2025-01-03","closed_date":"2025-10-31","expected_date":"2025-07-11","days_to_close":300.5,"closed_within_180_days":false,"closed_by_expected":false,"missed_expected":true,"feature_kind":"request"},"geometry":{"type":"Point","coordinates":[-75.21450876,40.03675075]}},{"type":"Feature","properties":{"id":"17352098","status":"Closed","zipcode":"19128","requested_date":"2025-01-05","closed_date":"2025-01-30","expected_date":"2025-07-11","days_to_close":25.6,"closed_within_180_days":true,"closed_by_expected":true,"missed_expected":false,"feature_kind":"request"},"geometry":{"type":"Point","coordinates":[-75.22229827,40.03066693]}},{"type":"Feature","properties":{"id":"17352301","status":"Closed","zipcode":"19131","requested_date":"2025-01-05","closed_date":"2026-07-22","expected_date":"2025-07-16","days_to_close":562.9,"closed_within_180_days":false,"closed_by_expected":false,"missed_expected":true,"feature_kind":"request"},"geometry":{"type":"Point","coordinates":[-75.23871569,39.98734447]}},{"type":"Feature","properties":{"id":"17354089","status":"Closed","zipcode":"19128","requested_date":"2025-01-06","closed_date":"2025-03-12","expected_date":"2025-07-14","days_to_close":64.9,"closed_within_180_days":true,"closed_by_expected":true,"missed_expected":false,"feature_kind":"request"},"geometry":{"type":"Point","coordinates":[-75.21379131,40.02787824]}},{"type":"Feature","properties":{"id":"17354740","status":"Closed","zipcode":"19128","requested_date":"2025-01-06","closed_date":"2025-02-10","expected_date":"2025-07-14","days_to_close":34.7,"closed_within_180_days":true,"closed_by_expected":true,"missed_expected":false,"feature_kind":"request"},"geometry":{"type":"Point","coordinates":[-75.21125564,40.03332411]}},{"type":"Feature","properties":{"id":"17354742","status":"Closed","zipcode":"19128","requested_date":"2025-01-06","closed_date":"2025-02-10","expected_date":"2025-07-14","days_to_close":34.7,"closed_within_180_days":true,"closed_by_expected":true,"missed_expected":false,"feature_kind":"request"},"geometry":{"type":"Point","coordinates":[-75.21179132,40.03304363]}},{"type":"Feature","properties":{"id":"17354881","status":"Closed","zipcode":"19128","requested_date":"2025-01-07","closed_date":"2025-04-24","expected_date":"2025-07-14","days_to_close":107.7,"closed_within_180_days":true,"closed_by_expected":true,"missed_expected":false,"feature_kind":"request"},"geometry":{"type":"Point","coordinates":[-75.20932737,40.03174647]}},{"type":"Feature","properties":{"id":"17357530","status":"Closed","zipcode":"19128","requested_date":"2025-01-07","closed_date":"2025-03-12","expected_date":"2025-07-15","days_to_close":63.8,"closed_within_180_days":true,"closed_by_expected":true,"missed_expected":false,"feature_kind":"request"},"geometry":{"type":"Point","coordinates":[-75.21991193,40.0290614]}},{"type":"Feature","properties":{"id":"17358140","status":"Closed","zipcode":"19131","requested_date":"2025-01-08","closed_date":"2026-07-14","expected_date":"2025-07-18","days_to_close":552.5,"closed_within_180_days":false,"closed_by_expected":false,"missed_expected":true,"feature_kind":"request"},"geometry":{"type":"Point","coordinates":[-75.23497809,39.97753843]}},{"type":"Feature","properties":{"id":"17358141","status":"Closed","zipcode":"19131","requested_date":"2025-01-08","closed_date":"2026-07-14","expected_date":"2025-07-15","days_to_close":552.5,"closed_within_180_days":false,"closed_by_expected":false,"missed_expected":true,"feature_kind":"request"},"geometry":{"type":"Point","coordinates":[-75.23504322,39.97761864]}},{"type":"Feature","properties":{"id":"17358144","status":"Closed","zipcode":"19131","requested_date":"2025-01-08","closed_date":"2026-07-13","expected_date":"2025-07-18","days_to_close":551.5,"closed_within_180_days":false,"closed_by_expected":false,"missed_expected":true,"feature_kind":"request"},"geometry":{"type":"Point","coordinates":[-75.23456927,39.97767042]}},{"type":"Feature","properties":{"id":"17359345","status":"Open","zipcode":"19131","requested_date":"2025-01-08","closed_date":null,"expected_date":"2025-07-16","days_to_close":null,"closed_within_180_days":false,"closed_by_expected":false,"missed_expected":true,"feature_kind":"request"},"geometry":{"type":"Point","coordinates":[-75.23027818,39.96820164]}},{"type":"Feature","properties":{"id":"17359708","status":"Closed","zipcode":"19128","requested_date":"2025-01-08","closed_date":"2025-01-30","expected_date":"2025-07-16","days_to_close":21.9,"closed_within_180_days":true,"closed_by_expected":true,"missed_expected":false,"feature_kind":"request"},"geometry":{"type":"Point","coordinates":[-75.22388763,40.03365448]}},{"type":"Feature","properties":{"id":"17359914","status":"Closed","zipcode":"19131","requested_date":"2025-01-08","closed_date":"2026-06-23","expected_date":"2025-07-18","days_to_close":530.7,"closed_within_180_days":false,"closed_by_expected":false,"missed_expected":true,"feature_kind":"request"},"geometry":{"type":"Point","coordinates":[-75.23445493,39.98602571]}},{"type":"Feature","properties":{"id":"17360291","status":"Closed","zipcode":"19128","requested_date":"2025-01-08","closed_date":"2025-07-17","expected_date":"2025-07-16","days_to_close":189.9,"closed_within_180_days":false,"closed_by_expected":false,"missed_expected":true,"feature_kind":"request"},"geometry":{"type":"Point","coordinates":[-75.20433448,40.03064006]}},{"type":"Feature","properties":{"id":"17360325","status":"Closed","zipcode":"19128","requested_date":"2025-01-08","closed_date":"2025-07-14","expected_date":"2025-07-16","days_to_close":186.7,"closed_within_180_days":false,"closed_by_expected":true,"missed_expected":false,"feature_kind":"request"},"geometry":{"type":"Point","coordinates":[-75.20433448,40.03064006]}},{"type":"Feature","properties":{"id":"17361285","status":"Closed","zipcode":"19128","requested_date":"2025-01-09","closed_date":"2025-07-14","expected_date":"2025-07-17","days_to_close":185.9,"closed_within_180_days":false,"closed_by_expected":true,"missed_expected":false,"feature_kind":"request"},"geometry":{"type":"Point","coordinates":[-75.20546431,40.02087226]}},{"type":"Feature","properties":{"id":"17361507","status":"Closed","zipcode":"19128","requested_date":"2025-01-09","closed_date":"2025-03-26","expected_date":"2025-07-17","days_to_close":75.9,"closed_within_180_days":true,"closed_by_expected":true,"missed_expected":false,"feature_kind":"request"},"geometry":{"type":"Point","coordinates":[-75.22474691,40.04765562]}},{"type":"Feature","properties":{"id":"17361872","status":"Closed","zipcode":"19131","requested_date":"2025-01-09","closed_date":"2025-06-06","expected_date":"2025-07-17","days_to_close":147.8,"closed_within_180_days":true,"closed_by_expected":true,"missed_expected":false,"feature_kind":"request"},"geometry":{"type":"Point","coordinates":[-75.22936303,39.98386518]}},{"type":"Feature","properties":{"id":"17361874","status":"Closed","zipcode":"19128","requested_date":"2025-01-09","closed_date":"2025-02-19","expected_date":"2025-07-17","days_to_close":41.2,"closed_within_180_days":true,"closed_by_expected":true,"missed_expected":false,"feature_kind":"request"},"geometry":{"type":"Point","coordinates":[-75.21634227,40.04117877]}},{"type":"Feature","properties":{"id":"17361903","status":"Open","zipcode":"19131","requested_date":"2025-01-09","closed_date":null,"expected_date":"2025-07-17","days_to_close":null,"closed_within_180_days":false,"closed_by_expected":false,"missed_expected":true,"feature_kind":"request"},"geometry":{"type":"Point","coordinates":[-75.22703083,39.99495738]}},{"type":"Feature","properties":{"id":"17363541","status":"Closed","zipcode":"19128","requested_date":"2025-01-10","closed_date":"2025-10-31","expected_date":"2025-07-17","days_to_close":294,"closed_within_180_days":false,"closed_by_expected":false,"missed_expected":true,"feature_kind":"request"},"geometry":{"type":"Point","coordinates":[-75.20732091,40.02449502]}},{"type":"Feature","properties":{"id":"17365817","status":"Closed","zipcode":"19128","requested_date":"2025-01-11","closed_date":"2025-01-30","expected_date":"2025-07-18","days_to_close":18.7,"closed_within_180_days":true,"closed_by_expected":true,"missed_expected":false,"feature_kind":"request"},"geometry":{"type":"Point","coordinates":[-75.22411467,40.0433227]}},{"type":"Feature","properties":{"id":"17365927","status":"Closed","zipcode":"19131","requested_date":"2025-01-12","closed_date":"2026-07-13","expected_date":"2025-07-23","days_to_close":547,"closed_within_180_days":false,"closed_by_expected":false,"missed_expected":true,"feature_kind":"request"},"geometry":{"type":"Point","coordinates":[-75.23462037,39.97766532]}},{"type":"Feature","properties":{"id":"17366087","status":"Closed","zipcode":"19128","requested_date":"2025-01-12","closed_date":"2025-07-14","expected_date":"2025-07-18","days_to_close":182.7,"closed_within_180_days":false,"closed_by_expected":true,"missed_expected":false,"feature_kind":"request"},"geometry":{"type":"Point","coordinates":[-75.21954328,40.03278379]}},{"type":"Feature","properties":{"id":"17366420","status":"Open","zipcode":"19131","requested_date":"2025-01-13","closed_date":null,"expected_date":"2025-07-18","days_to_close":null,"closed_within_180_days":false,"closed_by_expected":false,"missed_expected":true,"feature_kind":"request"},"geometry":{"type":"Point","coordinates":[-75.20393907,40.00103589]}},{"type":"Feature","properties":{"id":"17366481","status":"Open","zipcode":"19131","requested_date":"2025-01-13","closed_date":null,"expected_date":"2025-07-18","days_to_close":null,"closed_within_180_days":false,"closed_by_expected":false,"missed_expected":true,"feature_kind":"request"},"geometry":{"type":"Point","coordinates":[-75.20393907,40.00103589]}},{"type":"Feature","properties":{"id":"17367095","status":"Closed","zipcode":"19131","requested_date":"2025-01-13","closed_date":"2025-06-04","expected_date":"2025-07-21","days_to_close":142.2,"closed_within_180_days":true,"closed_by_expected":true,"missed_expected":false,"feature_kind":"request"},"geometry":{"type":"Point","coordinates":[-75.23312656,39.97806146]}},{"type":"Feature","properties":{"id":"17368829","status":"Closed","zipcode":"19131","requested_date":"2025-01-14","closed_date":"2025-10-31","expected_date":"2025-07-21","days_to_close":289.8,"closed_within_180_days":false,"closed_by_expected":false,"missed_expected":true,"feature_kind":"request"},"geometry":{"type":"Point","coordinates":[-75.23594387,39.97697075]}},{"type":"Feature","properties":{"id":"17368967","status":"Closed","zipcode":"19128","requested_date":"2025-01-14","closed_date":"2025-01-30","expected_date":"2025-07-21","days_to_close":16.1,"closed_within_180_days":true,"closed_by_expected":true,"missed_expected":false,"feature_kind":"request"},"geometry":{"type":"Point","coordinates":[-75.2192587,40.04010353]}},{"type":"Feature","properties":{"id":"17369337","status":"Closed","zipcode":"19131","requested_date":"2025-01-14","closed_date":"2026-07-13","expected_date":"2025-07-24","days_to_close":544.9,"closed_within_180_days":false,"closed_by_expected":false,"missed_expected":true,"feature_kind":"request"},"geometry":{"type":"Point","coordinates":[-75.23467508,39.9776591]}},{"type":"Feature","properties":{"id":"17369444","status":"Closed","zipcode":"19131","requested_date":"2025-01-14","closed_date":"2026-06-23","expected_date":"2025-07-24","days_to_close":524.9,"closed_within_180_days":false,"closed_by_expected":false,"missed_expected":true,"feature_kind":"request"},"geometry":{"type":"Point","coordinates":[-75.23451194,39.97767685]}},{"type":"Feature","properties":{"id":"17369660","status":"Closed","zipcode":"19131","requested_date":"2025-01-14","closed_date":"2026-07-14","expected_date":"2025-07-24","days_to_close":545.8,"closed_within_180_days":false,"closed_by_expected":false,"missed_expected":true,"feature_kind":"request"},"geometry":{"type":"Point","coordinates":[-75.23646942,39.98843166]}},{"type":"Feature","properties":{"id":"17369828","status":"Open","zipcode":"19128","requested_date":"2025-01-14","closed_date":null,"expected_date":"2025-07-22","days_to_close":null,"closed_within_180_days":false,"closed_by_expected":false,"missed_expected":true,"feature_kind":"request"},"geometry":{"type":"Point","coordinates":[-75.2085746,40.02364124]}},{"type":"Feature","properties":{"id":"17371719","status":"Closed","zipcode":"19131","requested_date":"2025-01-15","closed_date":"2025-06-04","expected_date":"2025-07-23","days_to_close":140.2,"closed_within_180_days":true,"closed_by_expected":true,"missed_expected":false,"feature_kind":"request"},"geometry":{"type":"Point","coordinates":[-75.23312656,39.97806146]}},{"type":"Feature","properties":{"id":"17372775","status":"Closed","zipcode":"19131","requested_date":"2025-01-15","closed_date":"2026-07-23","expected_date":"2025-07-28","days_to_close":553.7,"closed_within_180_days":false,"closed_by_expected":false,"missed_expected":true,"feature_kind":"request"},"geometry":{"type":"Point","coordinates":[-75.23742774,39.98877056]}},{"type":"Feature","properties":{"id":"17373041","status":"Closed","zipcode":"19128","requested_date":"2025-01-15","closed_date":"2025-02-04","expected_date":"2025-07-23","days_to_close":19.7,"closed_within_180_days":true,"closed_by_expected":true,"missed_expected":false,"feature_kind":"request"},"geometry":{"type":"Point","coordinates":[-75.24347936,40.05610986]}},{"type":"Feature","properties":{"id":"17373822","status":"Closed","zipcode":"19128","requested_date":"2025-01-16","closed_date":"2025-02-19","expected_date":"2025-07-24","days_to_close":34.3,"closed_within_180_days":true,"closed_by_expected":true,"missed_expected":false,"feature_kind":"request"},"geometry":{"type":"Point","coordinates":[-75.22387092,40.04081971]}},{"type":"Feature","properties":{"id":"17374600","status":"Closed","zipcode":"19131","requested_date":"2025-01-16","closed_date":"2025-10-31","expected_date":"2025-07-24","days_to_close":287.5,"closed_within_180_days":false,"closed_by_expected":false,"missed_expected":true,"feature_kind":"request"},"geometry":{"type":"Point","coordinates":[-75.23499158,39.9776246]}},{"type":"Feature","properties":{"id":"17374603","status":"Closed","zipcode":"19131","requested_date":"2025-01-16","closed_date":"2026-07-14","expected_date":"2025-07-28","days_to_close":543.8,"closed_within_180_days":false,"closed_by_expected":false,"missed_expected":true,"feature_kind":"request"},"geometry":{"type":"Point","coordinates":[-75.23503339,39.9775331]}},{"type":"Feature","properties":{"id":"17374609","status":"Closed","zipcode":"19131","requested_date":"2025-01-16","closed_date":"2026-07-13","expected_date":"2025-07-24","days_to_close":542.8,"closed_within_180_days":false,"closed_by_expected":false,"missed_expected":true,"feature_kind":"request"},"geometry":{"type":"Point","coordinates":[-75.23462037,39.97766532]}},{"type":"Feature","properties":{"id":"17374616","status":"Closed","zipcode":"19131","requested_date":"2025-01-16","closed_date":"2026-07-13","expected_date":"2025-07-24","days_to_close":542.8,"closed_within_180_days":false,"closed_by_expected":false,"missed_expected":true,"feature_kind":"request"},"geometry":{"type":"Point","coordinates":[-75.23456927,39.97767042]}},{"type":"Feature","properties":{"id":"17374625","status":"Closed","zipcode":"19131","requested_date":"2025-01-16","closed_date":"2026-06-23","expected_date":"2025-07-24","days_to_close":522.8,"closed_within_180_days":false,"closed_by_expected":false,"missed_expected":true,"feature_kind":"request"},"geometry":{"type":"Point","coordinates":[-75.23451194,39.97767685]}},{"type":"Feature","properties":{"id":"17374631","status":"Closed","zipcode":"19131","requested_date":"2025-01-16","closed_date":"2026-07-13","expected_date":"2025-07-28","days_to_close":542.8,"closed_within_180_days":false,"closed_by_expected":false,"missed_expected":true,"feature_kind":"request"},"geometry":{"type":"Point","coordinates":[-75.23467508,39.9776591]}},{"type":"Feature","properties":{"id":"17375777","status":"Closed","zipcode":"19128","requested_date":"2025-01-17","closed_date":"2025-01-29","expected_date":"2025-07-24","days_to_close":12.2,"closed_within_180_days":true,"closed_by_expected":true,"missed_expected":false,"feature_kind":"request"},"geometry":{"type":"Point","coordinates":[-75.20400535,40.03017262]}},{"type":"Feature","properties":{"id":"17375790","status":"Closed","zipcode":"19128","requested_date":"2025-01-17","closed_date":"2025-07-14","expected_date":"2025-07-24","days_to_close":178,"closed_within_180_days":true,"closed_by_expected":true,"missed_expected":false,"feature_kind":"request"},"geometry":{"type":"Point","coordinates":[-75.20404748,40.03024289]}},{"type":"Feature","properties":{"id":"17376183","status":"Closed","zipcode":"19131","requested_date":"2025-01-17","closed_date":"2026-07-14","expected_date":"2025-07-25","days_to_close":542.9,"closed_within_180_days":false,"closed_by_expected":false,"missed_expected":true,"feature_kind":"request"},"geometry":{"type":"Point","coordinates":[-75.23504322,39.97761864]}},{"type":"Feature","properties":{"id":"17376189","status":"Closed","zipcode":"19131","requested_date":"2025-01-17","closed_date":"2025-10-31","expected_date":"2025-07-25","days_to_close":286.6,"closed_within_180_days":false,"closed_by_expected":false,"missed_expected":true,"feature_kind":"request"},"geometry":{"type":"Point","coordinates":[-75.23499158,39.9776246]}},{"type":"Feature","properties":{"id":"17376193","status":"Closed","zipcode":"19131","requested_date":"2025-01-17","closed_date":"2026-08-28","expected_date":"2025-07-25","days_to_close":588,"closed_within_180_days":false,"closed_by_expected":false,"missed_expected":true,"feature_kind":"request"},"geometry":{"type":"Point","coordinates":[-75.2348336,39.97764236]}},{"type":"Feature","properties":{"id":"17376203","status":"Closed","zipcode":"19131","requested_date":"2025-01-17","closed_date":"2026-07-13","expected_date":"2025-07-29","days_to_close":541.9,"closed_within_180_days":false,"closed_by_expected":false,"missed_expected":true,"feature_kind":"request"},"geometry":{"type":"Point","coordinates":[-75.23467508,39.9776591]}},{"type":"Feature","properties":{"id":"17376211","status":"Closed","zipcode":"19131","requested_date":"2025-01-17","closed_date":"2026-07-13","expected_date":"2025-07-25","days_to_close":541.9,"closed_within_180_days":false,"closed_by_expected":false,"missed_expected":true,"feature_kind":"request"},"geometry":{"type":"Point","coordinates":[-75.23462037,39.97766532]}},{"type":"Feature","properties":{"id":"17376217","status":"Closed","zipcode":"19131","requested_date":"2025-01-17","closed_date":"2025-09-17","expected_date":"2025-07-25","days_to_close":243,"closed_within_180_days":false,"closed_by_expected":false,"missed_expected":true,"feature_kind":"request"},"geometry":{"type":"Point","coordinates":[-75.23456927,39.97767042]}},{"type":"Feature","properties":{"id":"17376220","status":"Closed","zipcode":"19131","requested_date":"2025-01-17","closed_date":"2026-06-23","expected_date":"2025-07-25","days_to_close":521.9,"closed_within_180_days":false,"closed_by_expected":false,"missed_expected":true,"feature_kind":"request"},"geometry":{"type":"Point","coordinates":[-75.23451194,39.97767685]}},{"type":"Feature","properties":{"id":"17376335","status":"Closed","zipcode":"19131","requested_date":"2025-01-17","closed_date":"2025-10-31","expected_date":"2025-07-25","days_to_close":286.9,"closed_within_180_days":false,"closed_by_expected":false,"missed_expected":true,"feature_kind":"request"},"geometry":{"type":"Point","coordinates":[-75.23435618,39.97769424]}},{"type":"Feature","properties":{"id":"17377876","status":"Open","zipcode":"19131","requested_date":"2025-01-19","closed_date":null,"expected_date":"2025-07-25","days_to_close":null,"closed_within_180_days":false,"closed_by_expected":false,"missed_expected":true,"feature_kind":"request"},"geometry":{"type":"Point","coordinates":[-75.23456483,39.96914453]}},{"type":"Feature","properties":{"id":"17377910","status":"Closed","zipcode":"19128","requested_date":"2025-01-19","closed_date":"2025-07-14","expected_date":"2025-07-25","days_to_close":175.7,"closed_within_180_days":true,"closed_by_expected":true,"missed_expected":false,"feature_kind":"request"},"geometry":{"type":"Point","coordinates":[-75.20675062,40.0223755]}},{"type":"Feature","properties":{"id":"17379047","status":"Open","zipcode":"19131","requested_date":"2025-01-21","closed_date":null,"expected_date":"2025-07-29","days_to_close":null,"closed_within_180_days":false,"closed_by_expected":false,"missed_expected":true,"feature_kind":"request"},"geometry":{"type":"Point","coordinates":[-75.23367881,39.97437417]}},{"type":"Feature","properties":{"id":"17380804","status":"Closed","zipcode":"19128","requested_date":"2025-01-21","closed_date":"2025-08-08","expected_date":"2025-07-29","days_to_close":198.9,"closed_within_180_days":false,"closed_by_expected":false,"missed_expected":true,"feature_kind":"request"},"geometry":{"type":"Point","coordinates":[-75.23677552,40.05398293]}},{"type":"Feature","properties":{"id":"17380934","status":"Closed","zipcode":"19131","requested_date":"2025-01-21","closed_date":"2025-06-06","expected_date":"2025-07-29","days_to_close":135.6,"closed_within_180_days":true,"closed_by_expected":true,"missed_expected":false,"feature_kind":"request"},"geometry":{"type":"Point","coordinates":[-75.22746047,39.98172728]}},{"type":"Feature","properties":{"id":"17381300","status":"Closed","zipcode":"19128","requested_date":"2025-01-22","closed_date":"2025-08-08","expected_date":"2025-07-29","days_to_close":198.7,"closed_within_180_days":false,"closed_by_expected":false,"missed_expected":true,"feature_kind":"request"},"geometry":{"type":"Point","coordinates":[-75.20832994,40.02587219]}},{"type":"Feature","properties":{"id":"17386802","status":"Closed","zipcode":"19128","requested_date":"2025-01-24","closed_date":"2025-07-14","expected_date":"2025-07-31","days_to_close":171.1,"closed_within_180_days":true,"closed_by_expected":true,"missed_expected":false,"feature_kind":"request"},"geometry":{"type":"Point","coordinates":[-75.2137459,40.02535099]}},{"type":"Feature","properties":{"id":"17389232","status":"Open","zipcode":"19131","requested_date":"2025-01-25","closed_date":null,"expected_date":"2025-08-01","days_to_close":null,"closed_within_180_days":false,"closed_by_expected":false,"missed_expected":true,"feature_kind":"request"},"geometry":{"type":"Point","coordinates":[-75.22701314,39.99297147]}},{"type":"Feature","properties":{"id":"17389549","status":"Closed","zipcode":"19128","requested_date":"2025-01-26","closed_date":"2025-07-14","expected_date":"2025-08-01","days_to_close":168.7,"closed_within_180_days":true,"closed_by_expected":true,"missed_expected":false,"feature_kind":"request"},"geometry":{"type":"Point","coordinates":[-75.21296562,40.02728885]}},{"type":"Feature","properties":{"id":"17389590","status":"Closed","zipcode":"19128","requested_date":"2025-01-26","closed_date":"2025-04-24","expected_date":"2025-08-01","days_to_close":87.8,"closed_within_180_days":true,"closed_by_expected":true,"missed_expected":false,"feature_kind":"request"},"geometry":{"type":"Point","coordinates":[-75.20484297,40.0299035]}},{"type":"Feature","properties":{"id":"17390381","status":"Closed","zipcode":"19128","requested_date":"2025-01-27","closed_date":"2025-07-10","expected_date":"2025-08-04","days_to_close":164.1,"closed_within_180_days":true,"closed_by_expected":true,"missed_expected":false,"feature_kind":"request"},"geometry":{"type":"Point","coordinates":[-75.24075962,40.05949735]}},{"type":"Feature","properties":{"id":"17390777","status":"Open","zipcode":"19131","requested_date":"2025-01-27","closed_date":null,"expected_date":"2025-08-04","days_to_close":null,"closed_within_180_days":false,"closed_by_expected":false,"missed_expected":true,"feature_kind":"request"},"geometry":{"type":"Point","coordinates":[-75.23653674,39.97190381]}},{"type":"Feature","properties":{"id":"17393235","status":"Closed","zipcode":"19128","requested_date":"2025-01-28","closed_date":"2025-07-14","expected_date":"2025-08-04","days_to_close":167.2,"closed_within_180_days":true,"closed_by_expected":true,"missed_expected":false,"feature_kind":"request"},"geometry":{"type":"Point","coordinates":[-75.22895698,40.04860325]}},{"type":"Feature","properties":{"id":"17393529","status":"Open","zipcode":"19131","requested_date":"2025-01-28","closed_date":null,"expected_date":"2025-08-05","days_to_close":null,"closed_within_180_days":false,"closed_by_expected":false,"missed_expected":true,"feature_kind":"request"},"geometry":{"type":"Point","coordinates":[-75.22717304,39.98886413]}},{"type":"Feature","properties":{"id":"17393536","status":"Open","zipcode":"19131","requested_date":"2025-01-28","closed_date":null,"expected_date":"2025-08-05","days_to_close":null,"closed_within_180_days":false,"closed_by_expected":false,"missed_expected":true,"feature_kind":"request"},"geometry":{"type":"Point","coordinates":[-75.22679653,39.98969727]}},{"type":"Feature","properties":{"id":"17394628","status":"Closed","zipcode":"19128","requested_date":"2025-01-28","closed_date":"2025-07-07","expected_date":"2025-08-05","days_to_close":160,"closed_within_180_days":true,"closed_by_expected":true,"missed_expected":false,"feature_kind":"request"},"geometry":{"type":"Point","coordinates":[-75.23190354,40.04904166]}},{"type":"Feature","properties":{"id":"17396717","status":"Open","zipcode":"19131","requested_date":"2025-01-29","closed_date":null,"expected_date":"2025-08-06","days_to_close":null,"closed_within_180_days":false,"closed_by_expected":false,"missed_expected":true,"feature_kind":"request"},"geometry":{"type":"Point","coordinates":[-75.21996134,39.9688735]}},{"type":"Feature","properties":{"id":"17396743","status":"Open","zipcode":"19131","requested_date":"2025-01-29","closed_date":null,"expected_date":"2025-08-06","days_to_close":null,"closed_within_180_days":false,"closed_by_expected":false,"missed_expected":true,"feature_kind":"request"},"geometry":{"type":"Point","coordinates":[-75.21998908,39.96908167]}},{"type":"Feature","properties":{"id":"17396755","status":"Open","zipcode":"19131","requested_date":"2025-01-29","closed_date":null,"expected_date":"2025-08-06","days_to_close":null,"closed_within_180_days":false,"closed_by_expected":false,"missed_expected":true,"feature_kind":"request"},"geometry":{"type":"Point","coordinates":[-75.22011346,39.96902519]}},{"type":"Feature","properties":{"id":"17397378","status":"Open","zipcode":"19131","requested_date":"2025-01-29","closed_date":null,"expected_date":"2025-08-06","days_to_close":null,"closed_within_180_days":false,"closed_by_expected":false,"missed_expected":true,"feature_kind":"request"},"geometry":{"type":"Point","coordinates":[-75.22686825,39.99560455]}},{"type":"Feature","properties":{"id":"17397764","status":"Closed","zipcode":"19128","requested_date":"2025-01-30","closed_date":"2025-07-14","expected_date":"2025-08-06","days_to_close":165,"closed_within_180_days":true,"closed_by_expected":true,"missed_expected":false,"feature_kind":"request"},"geometry":{"type":"Point","coordinates":[-75.20732091,40.02449502]}},{"type":"Feature","properties":{"id":"17398100","status":"Closed","zipcode":"19128","requested_date":"2025-01-30","closed_date":"2025-07-14","expected_date":"2025-08-07","days_to_close":165.2,"closed_within_180_days":true,"closed_by_expected":true,"missed_expected":false,"feature_kind":"request"},"geometry":{"type":"Point","coordinates":[-75.21983362,40.04884556]}},{"type":"Feature","properties":{"id":"17398377","status":"Closed","zipcode":"19128","requested_date":"2025-01-30","closed_date":"2025-02-24","expected_date":"2025-08-07","days_to_close":25.2,"closed_within_180_days":true,"closed_by_expected":true,"missed_expected":false,"feature_kind":"request"},"geometry":{"type":"Point","coordinates":[-75.23454116,40.05338045]}},{"type":"Feature","properties":{"id":"17398800","status":"Closed","zipcode":"19131","requested_date":"2025-01-30","closed_date":"2026-07-21","expected_date":"2025-08-11","days_to_close":536.8,"closed_within_180_days":false,"closed_by_expected":false,"missed_expected":true,"feature_kind":"request"},"geometry":{"type":"Point","coordinates":[-75.23842389,39.98921758]}},{"type":"Feature","properties":{"id":"17398964","status":"Closed","zipcode":"19128","requested_date":"2025-01-30","closed_date":"2025-07-14","expected_date":"2025-08-07","days_to_close":165,"closed_within_180_days":true,"closed_by_expected":true,"missed_expected":false,"feature_kind":"request"},"geometry":{"type":"Point","coordinates":[-75.22411467,40.0433227]}},{"type":"Feature","properties":{"id":"17399270","status":"Open","zipcode":"19131","requested_date":"2025-01-30","closed_date":null,"expected_date":"2025-08-07","days_to_close":null,"closed_within_180_days":false,"closed_by_expected":false,"missed_expected":true,"feature_kind":"request"},"geometry":{"type":"Point","coordinates":[-75.22870605,39.98246018]}},{"type":"Feature","properties":{"id":"17401140","status":"Closed","zipcode":"19128","requested_date":"2025-01-31","closed_date":"2025-07-11","expected_date":"2025-08-08","days_to_close":161,"closed_within_180_days":true,"closed_by_expected":true,"missed_expected":false,"feature_kind":"request"},"geometry":{"type":"Point","coordinates":[-75.2060313,40.03116003]}},{"type":"Feature","properties":{"id":"17401479","status":"Closed","zipcode":"19131","requested_date":"2025-01-31","closed_date":"2026-06-23","expected_date":"2025-08-08","days_to_close":507.7,"closed_within_180_days":false,"closed_by_expected":false,"missed_expected":true,"feature_kind":"request"},"geometry":{"type":"Point","coordinates":[-75.23451194,39.97767685]}},{"type":"Feature","properties":{"id":"17401497","status":"Closed","zipcode":"19131","requested_date":"2025-01-31","closed_date":"2026-07-13","expected_date":"2025-08-08","days_to_close":527.6,"closed_within_180_days":false,"closed_by_expected":false,"missed_expected":true,"feature_kind":"request"},"geometry":{"type":"Point","coordinates":[-75.23456927,39.97767042]}},{"type":"Feature","properties":{"id":"17401500","status":"Closed","zipcode":"19131","requested_date":"2025-01-31","closed_date":"2025-10-31","expected_date":"2025-08-08","days_to_close":272.4,"closed_within_180_days":false,"closed_by_expected":false,"missed_expected":true,"feature_kind":"request"},"geometry":{"type":"Point","coordinates":[-75.23499158,39.9776246]}},{"type":"Feature","properties":{"id":"17401503","status":"Closed","zipcode":"19128","requested_date":"2025-01-31","closed_date":"2025-07-10","expected_date":"2025-08-08","days_to_close":159.9,"closed_within_180_days":true,"closed_by_expected":true,"missed_expected":false,"feature_kind":"request"},"geometry":{"type":"Point","coordinates":[-75.22584815,40.03429099]}},{"type":"Feature","properties":{"id":"17401507","status":"Closed","zipcode":"19131","requested_date":"2025-01-31","closed_date":"2026-07-14","expected_date":"2025-08-08","days_to_close":528.6,"closed_within_180_days":false,"closed_by_expected":false,"missed_expected":true,"feature_kind":"request"},"geometry":{"type":"Point","coordinates":[-75.23504322,39.97761864]}},{"type":"Feature","properties":{"id":"17401527","status":"Closed","zipcode":"19131","requested_date":"2025-01-31","closed_date":"2026-07-14","expected_date":"2025-08-13","days_to_close":528.6,"closed_within_180_days":false,"closed_by_expected":false,"missed_expected":true,"feature_kind":"request"},"geometry":{"type":"Point","coordinates":[-75.23478275,39.9776476]}},{"type":"Feature","properties":{"id":"17402391","status":"Closed","zipcode":"19128","requested_date":"2025-02-02","closed_date":"2025-05-06","expected_date":"2025-08-08","days_to_close":92.6,"closed_within_180_days":true,"closed_by_expected":true,"missed_expected":false,"feature_kind":"request"},"geometry":{"type":"Point","coordinates":[-75.21307714,40.02850152]}},{"type":"Feature","properties":{"id":"17403162","status":"Closed","zipcode":"19131","requested_date":"2025-02-03","closed_date":"2026-07-22","expected_date":"2025-08-13","days_to_close":533.9,"closed_within_180_days":false,"closed_by_expected":false,"missed_expected":true,"feature_kind":"request"},"geometry":{"type":"Point","coordinates":[-75.23757064,39.97693801]}},{"type":"Feature","properties":{"id":"17404241","status":"Closed","zipcode":"19128","requested_date":"2025-02-03","closed_date":"2025-05-01","expected_date":"2025-08-11","days_to_close":86.9,"closed_within_180_days":true,"closed_by_expected":true,"missed_expected":false,"feature_kind":"request"},"geometry":{"type":"Point","coordinates":[-75.23746057,40.04304785]}},{"type":"Feature","properties":{"id":"17404249","status":"Closed","zipcode":"19128","requested_date":"2025-02-03","closed_date":"2025-05-01","expected_date":"2025-08-11","days_to_close":86.9,"closed_within_180_days":true,"closed_by_expected":true,"missed_expected":false,"feature_kind":"request"},"geometry":{"type":"Point","coordinates":[-75.23746057,40.04304785]}},{"type":"Feature","properties":{"id":"17404256","status":"Closed","zipcode":"19128","requested_date":"2025-02-03","closed_date":"2025-05-01","expected_date":"2025-08-11","days_to_close":86.9,"closed_within_180_days":true,"closed_by_expected":true,"missed_expected":false,"feature_kind":"request"},"geometry":{"type":"Point","coordinates":[-75.23746057,40.04304785]}},{"type":"Feature","properties":{"id":"17404453","status":"Open","zipcode":"19131","requested_date":"2025-02-03","closed_date":null,"expected_date":"2025-08-11","days_to_close":null,"closed_within_180_days":false,"closed_by_expected":false,"missed_expected":true,"feature_kind":"request"},"geometry":{"type":"Point","coordinates":[-75.23053299,39.98800928]}},{"type":"Feature","properties":{"id":"17405067","status":"Open","zipcode":"19131","requested_date":"2025-02-04","closed_date":null,"expected_date":"2025-08-11","days_to_close":null,"closed_within_180_days":false,"closed_by_expected":false,"missed_expected":true,"feature_kind":"request"},"geometry":{"type":"Point","coordinates":[-75.23463735,39.96905503]}},{"type":"Feature","properties":{"id":"17406432","status":"Closed","zipcode":"19128","requested_date":"2025-02-04","closed_date":"2025-07-17","expected_date":"2025-08-12","days_to_close":163,"closed_within_180_days":true,"closed_by_expected":true,"missed_expected":false,"feature_kind":"request"},"geometry":{"type":"Point","coordinates":[-75.20950683,40.03170405]}},{"type":"Feature","properties":{"id":"17406766","status":"Closed","zipcode":"19128","requested_date":"2025-02-04","closed_date":"2025-03-13","expected_date":"2025-08-12","days_to_close":37.1,"closed_within_180_days":true,"closed_by_expected":true,"missed_expected":false,"feature_kind":"request"},"geometry":{"type":"Point","coordinates":[-75.24474757,40.05409661]}},{"type":"Feature","properties":{"id":"17407421","status":"Closed","zipcode":"19128","requested_date":"2025-02-05","closed_date":"2025-04-09","expected_date":"2025-08-12","days_to_close":63.6,"closed_within_180_days":true,"closed_by_expected":true,"missed_expected":false,"feature_kind":"request"},"geometry":{"type":"Point","coordinates":[-75.21160971,40.03097085]}},{"type":"Feature","properties":{"id":"17407467","status":"Closed","zipcode":"19128","requested_date":"2025-02-05","closed_date":"2025-04-28","expected_date":"2025-08-12","days_to_close":82.3,"closed_within_180_days":true,"closed_by_expected":true,"missed_expected":false,"feature_kind":"request"},"geometry":{"type":"Point","coordinates":[-75.22263446,40.03106213]}},{"type":"Feature","properties":{"id":"17408074","status":"Closed","zipcode":"19131","requested_date":"2025-02-05","closed_date":"2025-06-06","expected_date":"2025-08-13","days_to_close":120.8,"closed_within_180_days":true,"closed_by_expected":true,"missed_expected":false,"feature_kind":"request"},"geometry":{"type":"Point","coordinates":[-75.2311454,39.98430235]}},{"type":"Feature","properties":{"id":"17408116","status":"Closed","zipcode":"19131","requested_date":"2025-02-05","closed_date":"2025-06-06","expected_date":"2025-08-13","days_to_close":120.8,"closed_within_180_days":true,"closed_by_expected":true,"missed_expected":false,"feature_kind":"request"},"geometry":{"type":"Point","coordinates":[-75.2310292,39.9835646]}},{"type":"Feature","properties":{"id":"17408959","status":"Closed","zipcode":"19128","requested_date":"2025-02-05","closed_date":"2025-02-19","expected_date":"2025-08-13","days_to_close":14.1,"closed_within_180_days":true,"closed_by_expected":true,"missed_expected":false,"feature_kind":"request"},"geometry":{"type":"Point","coordinates":[-75.21634227,40.04117877]}},{"type":"Feature","properties":{"id":"17409173","status":"Closed","zipcode":"19128","requested_date":"2025-02-05","closed_date":"2025-03-13","expected_date":"2025-08-13","days_to_close":36,"closed_within_180_days":true,"closed_by_expected":true,"missed_expected":false,"feature_kind":"request"},"geometry":{"type":"Point","coordinates":[-75.23128462,40.03827808]}},{"type":"Feature","properties":{"id":"17409406","status":"Open","zipcode":"19131","requested_date":"2025-02-05","closed_date":null,"expected_date":"2025-08-13","days_to_close":null,"closed_within_180_days":false,"closed_by_expected":false,"missed_expected":true,"feature_kind":"request"},"geometry":{"type":"Point","coordinates":[-75.22673987,39.97153465]}},{"type":"Feature","properties":{"id":"17409468","status":"Closed","zipcode":"19131","requested_date":"2025-02-05","closed_date":"2025-10-31","expected_date":"2025-08-13","days_to_close":267.3,"closed_within_180_days":false,"closed_by_expected":false,"missed_expected":true,"feature_kind":"request"},"geometry":{"type":"Point","coordinates":[-75.21946183,39.97446501]}},{"type":"Feature","properties":{"id":"17409856","status":"Closed","zipcode":"19128","requested_date":"2025-02-06","closed_date":"2025-02-19","expected_date":"2025-08-13","days_to_close":13.3,"closed_within_180_days":true,"closed_by_expected":true,"missed_expected":false,"feature_kind":"request"},"geometry":{"type":"Point","coordinates":[-75.21634227,40.04117877]}},{"type":"Feature","properties":{"id":"17409931","status":"Closed","zipcode":"19128","requested_date":"2025-02-06","closed_date":"2025-03-13","expected_date":"2025-08-14","days_to_close":35.3,"closed_within_180_days":true,"closed_by_expected":true,"missed_expected":false,"feature_kind":"request"},"geometry":{"type":"Point","coordinates":[-75.21742866,40.03117458]}},{"type":"Feature","properties":{"id":"17411293","status":"Open","zipcode":"19131","requested_date":"2025-02-06","closed_date":null,"expected_date":"2025-08-14","days_to_close":null,"closed_within_180_days":false,"closed_by_expected":false,"missed_expected":true,"feature_kind":"request"},"geometry":{"type":"Point","coordinates":[-75.23018912,39.9877199]}},{"type":"Feature","properties":{"id":"17411326","status":"Open","zipcode":"19131","requested_date":"2025-02-06","closed_date":null,"expected_date":"2025-08-14","days_to_close":null,"closed_within_180_days":false,"closed_by_expected":false,"missed_expected":true,"feature_kind":"request"},"geometry":{"type":"Point","coordinates":[-75.22688203,39.97409376]}},{"type":"Feature","properties":{"id":"17411372","status":"Closed","zipcode":"19131","requested_date":"2025-02-06","closed_date":"2025-10-31","expected_date":"2025-08-14","days_to_close":266.4,"closed_within_180_days":false,"closed_by_expected":false,"missed_expected":true,"feature_kind":"request"},"geometry":{"type":"Point","coordinates":[-75.23118215,39.98667234]}},{"type":"Feature","properties":{"id":"17411382","status":"Open","zipcode":"19131","requested_date":"2025-02-06","closed_date":null,"expected_date":"2025-08-14","days_to_close":null,"closed_within_180_days":false,"closed_by_expected":false,"missed_expected":true,"feature_kind":"request"},"geometry":{"type":"Point","coordinates":[-75.23118078,39.98699289]}},{"type":"Feature","properties":{"id":"17411848","status":"Closed","zipcode":"19128","requested_date":"2025-02-07","closed_date":"2025-07-14","expected_date":"2025-08-14","days_to_close":157.7,"closed_within_180_days":true,"closed_by_expected":true,"missed_expected":false,"feature_kind":"request"},"geometry":{"type":"Point","coordinates":[-75.23549003,40.05476006]}},{"type":"Feature","properties":{"id":"17412628","status":"Closed","zipcode":"19128","requested_date":"2025-02-07","closed_date":"2025-03-13","expected_date":"2025-08-15","days_to_close":34.2,"closed_within_180_days":true,"closed_by_expected":true,"missed_expected":false,"feature_kind":"request"},"geometry":{"type":"Point","coordinates":[-75.21637291,40.04121951]}},{"type":"Feature","properties":{"id":"17414174","status":"Open","zipcode":"19131","requested_date":"2025-02-08","closed_date":null,"expected_date":"2025-08-15","days_to_close":null,"closed_within_180_days":false,"closed_by_expected":false,"missed_expected":true,"feature_kind":"request"},"geometry":{"type":"Point","coordinates":[-75.23670781,39.97265941]}},{"type":"Feature","properties":{"id":"17414356","status":"Closed","zipcode":"19131","requested_date":"2025-02-09","closed_date":"2026-07-14","expected_date":"2025-08-15","days_to_close":519.9,"closed_within_180_days":false,"closed_by_expected":false,"missed_expected":true,"feature_kind":"request"},"geometry":{"type":"Point","coordinates":[-75.23504322,39.97761864]}},{"type":"Feature","properties":{"id":"17414357","status":"Closed","zipcode":"19131","requested_date":"2025-02-09","closed_date":"2025-10-31","expected_date":"2025-08-15","days_to_close":263.6,"closed_within_180_days":false,"closed_by_expected":false,"missed_expected":true,"feature_kind":"request"},"geometry":{"type":"Point","coordinates":[-75.23499158,39.9776246]}},{"type":"Feature","properties":{"id":"17414358","status":"Closed","zipcode":"19131","requested_date":"2025-02-09","closed_date":"2025-09-17","expected_date":"2025-08-15","days_to_close":220,"closed_within_180_days":false,"closed_by_expected":false,"missed_expected":true,"feature_kind":"request"},"geometry":{"type":"Point","coordinates":[-75.23456927,39.97767042]}},{"type":"Feature","properties":{"id":"17414359","status":"Closed","zipcode":"19131","requested_date":"2025-02-09","closed_date":"2026-06-23","expected_date":"2025-08-15","days_to_close":498.9,"closed_within_180_days":false,"closed_by_expected":false,"missed_expected":true,"feature_kind":"request"},"geometry":{"type":"Point","coordinates":[-75.23451194,39.97767685]}},{"type":"Feature","properties":{"id":"17415473","status":"Closed","zipcode":"19131","requested_date":"2025-02-10","closed_date":"2026-07-14","expected_date":"2025-08-20","days_to_close":518.8,"closed_within_180_days":false,"closed_by_expected":false,"missed_expected":true,"feature_kind":"request"},"geometry":{"type":"Point","coordinates":[-75.2348336,39.97764236]}},{"type":"Feature","properties":{"id":"17416871","status":"Closed","zipcode":"19128","requested_date":"2025-02-11","closed_date":"2025-03-11","expected_date":"2025-08-18","days_to_close":28.3,"closed_within_180_days":true,"closed_by_expected":true,"missed_expected":false,"feature_kind":"request"},"geometry":{"type":"Point","coordinates":[-75.210912,40.02025598]}},{"type":"Feature","properties":{"id":"17416942","status":"Closed","zipcode":"19128","requested_date":"2025-02-11","closed_date":"2025-03-11","expected_date":"2025-08-18","days_to_close":28.3,"closed_within_180_days":true,"closed_by_expected":true,"missed_expected":false,"feature_kind":"request"},"geometry":{"type":"Point","coordinates":[-75.210912,40.02025598]}},{"type":"Feature","properties":{"id":"17417654","status":"Closed","zipcode":"19131","requested_date":"2025-02-11","closed_date":"2025-10-31","expected_date":"2025-08-19","days_to_close":261.8,"closed_within_180_days":false,"closed_by_expected":false,"missed_expected":true,"feature_kind":"request"},"geometry":{"type":"Point","coordinates":[-75.24061867,39.98678895]}},{"type":"Feature","properties":{"id":"17418191","status":"Open","zipcode":"19131","requested_date":"2025-02-11","closed_date":null,"expected_date":"2025-08-19","days_to_close":null,"closed_within_180_days":false,"closed_by_expected":false,"missed_expected":true,"feature_kind":"request"},"geometry":{"type":"Point","coordinates":[-75.21010612,39.99881363]}},{"type":"Feature","properties":{"id":"17419906","status":"Closed","zipcode":"19128","requested_date":"2025-02-12","closed_date":"2025-07-14","expected_date":"2025-08-20","days_to_close":152.1,"closed_within_180_days":true,"closed_by_expected":true,"missed_expected":false,"feature_kind":"request"},"geometry":{"type":"Point","coordinates":[-75.22895698,40.04860325]}},{"type":"Feature","properties":{"id":"17420119","status":"Closed","zipcode":"19131","requested_date":"2025-02-12","closed_date":"2025-10-31","expected_date":"2025-08-20","days_to_close":260.8,"closed_within_180_days":false,"closed_by_expected":false,"missed_expected":true,"feature_kind":"request"},"geometry":{"type":"Point","coordinates":[-75.23106142,39.96843624]}},{"type":"Feature","properties":{"id":"17420905","status":"Closed","zipcode":"19131","requested_date":"2025-02-12","closed_date":"2026-01-15","expected_date":"2025-08-25","days_to_close":336.8,"closed_within_180_days":false,"closed_by_expected":false,"missed_expected":true,"feature_kind":"request"},"geometry":{"type":"Point","coordinates":[-75.23370082,39.97973781]}},{"type":"Feature","properties":{"id":"17422068","status":"Closed","zipcode":"19131","requested_date":"2025-02-13","closed_date":"2025-05-09","expected_date":"2025-08-21","days_to_close":85.1,"closed_within_180_days":true,"closed_by_expected":true,"missed_expected":false,"feature_kind":"request"},"geometry":{"type":"Point","coordinates":[-75.23544032,39.97354491]}},{"type":"Feature","properties":{"id":"17423722","status":"Closed","zipcode":"19128","requested_date":"2025-02-13","closed_date":"2025-10-31","expected_date":"2025-08-21","days_to_close":259.4,"closed_within_180_days":false,"closed_by_expected":false,"missed_expected":true,"feature_kind":"request"},"geometry":{"type":"Point","coordinates":[-75.21258156,40.02185299]}},{"type":"Feature","properties":{"id":"17423723","status":"Closed","zipcode":"19128","requested_date":"2025-02-13","closed_date":"2025-10-31","expected_date":"2025-08-21","days_to_close":259.4,"closed_within_180_days":false,"closed_by_expected":false,"missed_expected":true,"feature_kind":"request"},"geometry":{"type":"Point","coordinates":[-75.21258156,40.02185299]}},{"type":"Feature","properties":{"id":"17423750","status":"Closed","zipcode":"19131","requested_date":"2025-02-13","closed_date":"2026-07-23","expected_date":"2025-08-26","days_to_close":524.6,"closed_within_180_days":false,"closed_by_expected":false,"missed_expected":true,"feature_kind":"request"},"geometry":{"type":"Point","coordinates":[-75.23287289,39.97894402]}},{"type":"Feature","properties":{"id":"17423788","status":"Open","zipcode":"19131","requested_date":"2025-02-13","closed_date":null,"expected_date":"2025-08-21","days_to_close":null,"closed_within_180_days":false,"closed_by_expected":false,"missed_expected":true,"feature_kind":"request"},"geometry":{"type":"Point","coordinates":[-75.21918874,39.97385474]}},{"type":"Feature","properties":{"id":"17425571","status":"Closed","zipcode":"19128","requested_date":"2025-02-15","closed_date":"2025-03-11","expected_date":"2025-08-22","days_to_close":24,"closed_within_180_days":true,"closed_by_expected":true,"missed_expected":false,"feature_kind":"request"},"geometry":{"type":"Point","coordinates":[-75.2283956,40.03708673]}},{"type":"Feature","properties":{"id":"17425673","status":"Closed","zipcode":"19128","requested_date":"2025-02-15","closed_date":"2025-03-11","expected_date":"2025-08-22","days_to_close":23.9,"closed_within_180_days":true,"closed_by_expected":true,"missed_expected":false,"feature_kind":"request"},"geometry":{"type":"Point","coordinates":[-75.20693637,40.01958649]}},{"type":"Feature","properties":{"id":"17425915","status":"Closed","zipcode":"19131","requested_date":"2025-02-16","closed_date":"2026-07-13","expected_date":"2025-08-27","days_to_close":511.8,"closed_within_180_days":false,"closed_by_expected":false,"missed_expected":true,"feature_kind":"request"},"geometry":{"type":"Point","coordinates":[-75.2340858,39.977725]}},{"type":"Feature","properties":{"id":"17425929","status":"Closed","zipcode":"19131","requested_date":"2025-02-16","closed_date":"2026-06-23","expected_date":"2025-08-22","days_to_close":491.8,"closed_within_180_days":false,"closed_by_expected":false,"missed_expected":true,"feature_kind":"request"},"geometry":{"type":"Point","coordinates":[-75.23451194,39.97767685]}},{"type":"Feature","properties":{"id":"17426768","status":"Closed","zipcode":"19128","requested_date":"2025-02-17","closed_date":"2025-03-13","expected_date":"2025-08-25","days_to_close":24,"closed_within_180_days":true,"closed_by_expected":true,"missed_expected":false,"feature_kind":"request"},"geometry":{"type":"Point","coordinates":[-75.2173451,40.03088691]}},{"type":"Feature","properties":{"id":"17426771","status":"Closed","zipcode":"19128","requested_date":"2025-02-17","closed_date":"2025-03-26","expected_date":"2025-08-25","days_to_close":36.6,"closed_within_180_days":true,"closed_by_expected":true,"missed_expected":false,"feature_kind":"request"},"geometry":{"type":"Point","coordinates":[-75.2158726,40.03173707]}},{"type":"Feature","properties":{"id":"17426774","status":"Closed","zipcode":"19128","requested_date":"2025-02-17","closed_date":"2025-07-14","expected_date":"2025-08-25","days_to_close":146.6,"closed_within_180_days":true,"closed_by_expected":true,"missed_expected":false,"feature_kind":"request"},"geometry":{"type":"Point","coordinates":[-75.21306595,40.02931126]}},{"type":"Feature","properties":{"id":"17427900","status":"Closed","zipcode":"19128","requested_date":"2025-02-18","closed_date":"2025-03-12","expected_date":"2025-08-26","days_to_close":22.1,"closed_within_180_days":true,"closed_by_expected":true,"missed_expected":false,"feature_kind":"request"},"geometry":{"type":"Point","coordinates":[-75.21305893,40.02259031]}},{"type":"Feature","properties":{"id":"17427931","status":"Closed","zipcode":"19128","requested_date":"2025-02-18","closed_date":"2025-04-29","expected_date":"2025-08-26","days_to_close":69.9,"closed_within_180_days":true,"closed_by_expected":true,"missed_expected":false,"feature_kind":"request"},"geometry":{"type":"Point","coordinates":[-75.21305893,40.02259031]}},{"type":"Feature","properties":{"id":"17428045","status":"Closed","zipcode":"19128","requested_date":"2025-02-18","closed_date":"2025-03-13","expected_date":"2025-08-26","days_to_close":23.2,"closed_within_180_days":true,"closed_by_expected":true,"missed_expected":false,"feature_kind":"request"},"geometry":{"type":"Point","coordinates":[-75.23798628,40.05855681]}},{"type":"Feature","properties":{"id":"17428395","status":"Open","zipcode":"19131","requested_date":"2025-02-18","closed_date":null,"expected_date":"2025-08-26","days_to_close":null,"closed_within_180_days":false,"closed_by_expected":false,"missed_expected":true,"feature_kind":"request"},"geometry":{"type":"Point","coordinates":[-75.21513415,39.97108739]}},{"type":"Feature","properties":{"id":"17428755","status":"Open","zipcode":"19131","requested_date":"2025-02-18","closed_date":null,"expected_date":"2025-08-26","days_to_close":null,"closed_within_180_days":false,"closed_by_expected":false,"missed_expected":true,"feature_kind":"request"},"geometry":{"type":"Point","coordinates":[-75.2263382,39.96854418]}},{"type":"Feature","properties":{"id":"17429214","status":"Closed","zipcode":"19131","requested_date":"2025-02-18","closed_date":"2026-06-23","expected_date":"2025-08-29","days_to_close":489.6,"closed_within_180_days":false,"closed_by_expected":false,"missed_expected":true,"feature_kind":"request"},"geometry":{"type":"Point","coordinates":[-75.23451194,39.97767685]}},{"type":"Feature","properties":{"id":"17429511","status":"Open","zipcode":"19131","requested_date":"2025-02-19","closed_date":null,"expected_date":"2025-08-26","days_to_close":null,"closed_within_180_days":false,"closed_by_expected":false,"missed_expected":true,"feature_kind":"request"},"geometry":{"type":"Point","coordinates":[-75.2214724,39.97489905]}},{"type":"Feature","properties":{"id":"17429608","status":"Closed","zipcode":"19128","requested_date":"2025-02-19","closed_date":"2025-03-20","expected_date":"2025-08-26","days_to_close":29.6,"closed_within_180_days":true,"closed_by_expected":true,"missed_expected":false,"feature_kind":"request"},"geometry":{"type":"Point","coordinates":[-75.22903336,40.04815233]}},{"type":"Feature","properties":{"id":"17429669","status":"Closed","zipcode":"19131","requested_date":"2025-02-19","closed_date":"2025-10-31","expected_date":"2025-08-26","days_to_close":253.8,"closed_within_180_days":false,"closed_by_expected":false,"missed_expected":true,"feature_kind":"request"},"geometry":{"type":"Point","coordinates":[-75.21045525,39.99919626]}},{"type":"Feature","properties":{"id":"17430313","status":"Closed","zipcode":"19131","requested_date":"2025-02-19","closed_date":"2026-06-23","expected_date":"2025-08-29","days_to_close":488.9,"closed_within_180_days":false,"closed_by_expected":false,"missed_expected":true,"feature_kind":"request"},"geometry":{"type":"Point","coordinates":[-75.24021872,39.98735629]}},{"type":"Feature","properties":{"id":"17430343","status":"Closed","zipcode":"19131","requested_date":"2025-02-19","closed_date":"2026-06-23","expected_date":"2025-08-29","days_to_close":488.9,"closed_within_180_days":false,"closed_by_expected":false,"missed_expected":true,"feature_kind":"request"},"geometry":{"type":"Point","coordinates":[-75.24002866,39.98750037]}},{"type":"Feature","properties":{"id":"17431452","status":"Open","zipcode":"19131","requested_date":"2025-02-19","closed_date":null,"expected_date":"2025-08-27","days_to_close":null,"closed_within_180_days":false,"closed_by_expected":false,"missed_expected":true,"feature_kind":"request"},"geometry":{"type":"Point","coordinates":[-75.20378183,40.00121559]}},{"type":"Feature","properties":{"id":"17432082","status":"Open","zipcode":"19131","requested_date":"2025-02-20","closed_date":null,"expected_date":"2025-08-27","days_to_close":null,"closed_within_180_days":false,"closed_by_expected":false,"missed_expected":true,"feature_kind":"request"},"geometry":{"type":"Point","coordinates":[-75.21941685,39.97387558]}},{"type":"Feature","properties":{"id":"17432207","status":"Open","zipcode":"19131","requested_date":"2025-02-20","closed_date":null,"expected_date":"2025-08-27","days_to_close":null,"closed_within_180_days":false,"closed_by_expected":false,"missed_expected":true,"feature_kind":"request"},"geometry":{"type":"Point","coordinates":[-75.22931092,39.98786491]}},{"type":"Feature","properties":{"id":"17432208","status":"Open","zipcode":"19131","requested_date":"2025-02-20","closed_date":null,"expected_date":"2025-08-27","days_to_close":null,"closed_within_180_days":false,"closed_by_expected":false,"missed_expected":true,"feature_kind":"request"},"geometry":{"type":"Point","coordinates":[-75.22938575,39.98784959]}},{"type":"Feature","properties":{"id":"17432267","status":"Open","zipcode":"19131","requested_date":"2025-02-20","closed_date":null,"expected_date":"2025-08-27","days_to_close":null,"closed_within_180_days":false,"closed_by_expected":false,"missed_expected":true,"feature_kind":"request"},"geometry":{"type":"Point","coordinates":[-75.2037397,40.00126769]}},{"type":"Feature","properties":{"id":"17432269","status":"Open","zipcode":"19131","requested_date":"2025-02-20","closed_date":null,"expected_date":"2025-08-27","days_to_close":null,"closed_within_180_days":false,"closed_by_expected":false,"missed_expected":true,"feature_kind":"request"},"geometry":{"type":"Point","coordinates":[-75.2037397,40.00126769]}},{"type":"Feature","properties":{"id":"17432991","status":"Open","zipcode":"19131","requested_date":"2025-02-20","closed_date":null,"expected_date":"2025-08-28","days_to_close":null,"closed_within_180_days":false,"closed_by_expected":false,"missed_expected":true,"feature_kind":"request"},"geometry":{"type":"Point","coordinates":[-75.22335951,39.96883177]}},{"type":"Feature","properties":{"id":"17433009","status":"Closed","zipcode":"19128","requested_date":"2025-02-20","closed_date":"2025-03-13","expected_date":"2025-08-28","days_to_close":21.2,"closed_within_180_days":true,"closed_by_expected":true,"missed_expected":false,"feature_kind":"request"},"geometry":{"type":"Point","coordinates":[-75.20831642,40.02873854]}},{"type":"Feature","properties":{"id":"17433084","status":"Closed","zipcode":"19128","requested_date":"2025-02-20","closed_date":"2025-03-11","expected_date":"2025-08-28","days_to_close":19.1,"closed_within_180_days":true,"closed_by_expected":true,"missed_expected":false,"feature_kind":"request"},"geometry":{"type":"Point","coordinates":[-75.210912,40.02025598]}},{"type":"Feature","properties":{"id":"17433701","status":"Closed","zipcode":"19131","requested_date":"2025-02-20","closed_date":"2025-05-09","expected_date":"2025-08-28","days_to_close":77.9,"closed_within_180_days":true,"closed_by_expected":true,"missed_expected":false,"feature_kind":"request"},"geometry":{"type":"Point","coordinates":[-75.23606182,39.97294699]}},{"type":"Feature","properties":{"id":"17435508","status":"Closed","zipcode":"19131","requested_date":"2025-02-21","closed_date":"2026-07-23","expected_date":"2025-09-02","days_to_close":516.8,"closed_within_180_days":false,"closed_by_expected":false,"missed_expected":true,"feature_kind":"request"},"geometry":{"type":"Point","coordinates":[-75.23765335,39.98995486]}},{"type":"Feature","properties":{"id":"17435593","status":"Open","zipcode":"19131","requested_date":"2025-02-21","closed_date":null,"expected_date":"2025-08-29","days_to_close":null,"closed_within_180_days":false,"closed_by_expected":false,"missed_expected":true,"feature_kind":"request"},"geometry":{"type":"Point","coordinates":[-75.22025604,40.00163034]}},{"type":"Feature","properties":{"id":"17435607","status":"Open","zipcode":"19131","requested_date":"2025-02-21","closed_date":null,"expected_date":"2025-08-29","days_to_close":null,"closed_within_180_days":false,"closed_by_expected":false,"missed_expected":true,"feature_kind":"request"},"geometry":{"type":"Point","coordinates":[-75.23046577,39.98917968]}},{"type":"Feature","properties":{"id":"17435632","status":"Closed","zipcode":"19128","requested_date":"2025-02-21","closed_date":"2025-03-14","expected_date":"2025-08-29","days_to_close":20.9,"closed_within_180_days":true,"closed_by_expected":true,"missed_expected":false,"feature_kind":"request"},"geometry":{"type":"Point","coordinates":[-75.21773068,40.03098941]}},{"type":"Feature","properties":{"id":"17436303","status":"Open","zipcode":"19131","requested_date":"2025-02-21","closed_date":null,"expected_date":"2025-08-29","days_to_close":null,"closed_within_180_days":false,"closed_by_expected":false,"missed_expected":true,"feature_kind":"request"},"geometry":{"type":"Point","coordinates":[-75.2064093,40.00275303]}},{"type":"Feature","properties":{"id":"17437020","status":"Closed","zipcode":"19128","requested_date":"2025-02-22","closed_date":"2025-03-14","expected_date":"2025-08-29","days_to_close":19.7,"closed_within_180_days":true,"closed_by_expected":true,"missed_expected":false,"feature_kind":"request"},"geometry":{"type":"Point","coordinates":[-75.22587847,40.03608875]}},{"type":"Feature","properties":{"id":"17437114","status":"Closed","zipcode":"19128","requested_date":"2025-02-23","closed_date":"2025-03-13","expected_date":"2025-08-29","days_to_close":18.3,"closed_within_180_days":true,"closed_by_expected":true,"missed_expected":false,"feature_kind":"request"},"geometry":{"type":"Point","coordinates":[-75.2248611,40.03613233]}},{"type":"Feature","properties":{"id":"17437213","status":"Open","zipcode":"19131","requested_date":"2025-02-23","closed_date":null,"expected_date":"2025-08-29","days_to_close":null,"closed_within_180_days":false,"closed_by_expected":false,"missed_expected":true,"feature_kind":"request"},"geometry":{"type":"Point","coordinates":[-75.23495746,39.96902022]}},{"type":"Feature","properties":{"id":"17437216","status":"Open","zipcode":"19131","requested_date":"2025-02-23","closed_date":null,"expected_date":"2025-08-29","days_to_close":null,"closed_within_180_days":false,"closed_by_expected":false,"missed_expected":true,"feature_kind":"request"},"geometry":{"type":"Point","coordinates":[-75.23500428,39.9689348]}},{"type":"Feature","properties":{"id":"17437220","status":"Open","zipcode":"19131","requested_date":"2025-02-23","closed_date":null,"expected_date":"2025-08-29","days_to_close":null,"closed_within_180_days":false,"closed_by_expected":false,"missed_expected":true,"feature_kind":"request"},"geometry":{"type":"Point","coordinates":[-75.23532113,39.96895974]}},{"type":"Feature","properties":{"id":"17438564","status":"Open","zipcode":"19131","requested_date":"2025-02-24","closed_date":null,"expected_date":"2025-09-01","days_to_close":null,"closed_within_180_days":false,"closed_by_expected":false,"missed_expected":true,"feature_kind":"request"},"geometry":{"type":"Point","coordinates":[-75.23197079,39.97534556]}},{"type":"Feature","properties":{"id":"17440615","status":"Closed","zipcode":"19128","requested_date":"2025-02-24","closed_date":"2025-03-12","expected_date":"2025-09-01","days_to_close":15.9,"closed_within_180_days":true,"closed_by_expected":true,"missed_expected":false,"feature_kind":"request"},"geometry":{"type":"Point","coordinates":[-75.21921365,40.03359687]}},{"type":"Feature","properties":{"id":"17440743","status":"Closed","zipcode":"19131","requested_date":"2025-02-24","closed_date":"2026-07-22","expected_date":"2025-09-01","days_to_close":512.5,"closed_within_180_days":false,"closed_by_expected":false,"missed_expected":true,"feature_kind":"request"},"geometry":{"type":"Point","coordinates":[-75.23871569,39.98734447]}},{"type":"Feature","properties":{"id":"17440854","status":"Closed","zipcode":"19131","requested_date":"2025-02-25","closed_date":"2026-07-06","expected_date":"2025-09-04","days_to_close":496.7,"closed_within_180_days":false,"closed_by_expected":false,"missed_expected":true,"feature_kind":"request"},"geometry":{"type":"Point","coordinates":[-75.23541302,39.99013481]}},{"type":"Feature","properties":{"id":"17444133","status":"Closed","zipcode":"19128","requested_date":"2025-02-25","closed_date":"2025-03-13","expected_date":"2025-09-02","days_to_close":16.2,"closed_within_180_days":true,"closed_by_expected":true,"missed_expected":false,"feature_kind":"request"},"geometry":{"type":"Point","coordinates":[-75.22639333,40.03434697]}},{"type":"Feature","properties":{"id":"17444313","status":"Closed","zipcode":"19128","requested_date":"2025-02-25","closed_date":"2025-03-13","expected_date":"2025-09-02","days_to_close":16.1,"closed_within_180_days":true,"closed_by_expected":true,"missed_expected":false,"feature_kind":"request"},"geometry":{"type":"Point","coordinates":[-75.22410763,40.04344281]}},{"type":"Feature","properties":{"id":"17445015","status":"Closed","zipcode":"19128","requested_date":"2025-02-25","closed_date":"2025-05-19","expected_date":"2025-09-02","days_to_close":82.8,"closed_within_180_days":true,"closed_by_expected":true,"missed_expected":false,"feature_kind":"request"},"geometry":{"type":"Point","coordinates":[-75.21099866,40.02632168]}},{"type":"Feature","properties":{"id":"17445175","status":"Closed","zipcode":"19131","requested_date":"2025-02-25","closed_date":"2026-07-14","expected_date":"2025-09-05","days_to_close":503.7,"closed_within_180_days":false,"closed_by_expected":false,"missed_expected":true,"feature_kind":"request"},"geometry":{"type":"Point","coordinates":[-75.23696931,39.9883286]}},{"type":"Feature","properties":{"id":"17445260","status":"Closed","zipcode":"19131","requested_date":"2025-02-25","closed_date":"2026-06-23","expected_date":"2025-09-05","days_to_close":482.7,"closed_within_180_days":false,"closed_by_expected":false,"missed_expected":true,"feature_kind":"request"},"geometry":{"type":"Point","coordinates":[-75.24024591,39.98739232]}},{"type":"Feature","properties":{"id":"17445586","status":"Closed","zipcode":"19128","requested_date":"2025-02-25","closed_date":"2025-03-13","expected_date":"2025-09-02","days_to_close":15.9,"closed_within_180_days":true,"closed_by_expected":true,"missed_expected":false,"feature_kind":"request"},"geometry":{"type":"Point","coordinates":[-75.22611759,40.04360447]}},{"type":"Feature","properties":{"id":"17447961","status":"Open","zipcode":"19131","requested_date":"2025-02-26","closed_date":null,"expected_date":"2025-09-03","days_to_close":null,"closed_within_180_days":false,"closed_by_expected":false,"missed_expected":true,"feature_kind":"request"},"geometry":{"type":"Point","coordinates":[-75.22337499,40.00095019]}},{"type":"Feature","properties":{"id":"17448391","status":"Open","zipcode":"19131","requested_date":"2025-02-27","closed_date":null,"expected_date":"2025-09-03","days_to_close":null,"closed_within_180_days":false,"closed_by_expected":false,"missed_expected":true,"feature_kind":"request"},"geometry":{"type":"Point","coordinates":[-75.2227724,39.97248895]}},{"type":"Feature","properties":{"id":"17449129","status":"Closed","zipcode":"19128","requested_date":"2025-02-27","closed_date":"2025-03-13","expected_date":"2025-09-04","days_to_close":14.2,"closed_within_180_days":true,"closed_by_expected":true,"missed_expected":false,"feature_kind":"request"},"geometry":{"type":"Point","coordinates":[-75.21800594,40.0270816]}},{"type":"Feature","properties":{"id":"17449146","status":"Closed","zipcode":"19128","requested_date":"2025-02-27","closed_date":"2025-07-14","expected_date":"2025-09-04","days_to_close":136.8,"closed_within_180_days":true,"closed_by_expected":true,"missed_expected":false,"feature_kind":"request"},"geometry":{"type":"Point","coordinates":[-75.21773706,40.02699222]}},{"type":"Feature","properties":{"id":"17450007","status":"Closed","zipcode":"19128","requested_date":"2025-02-27","closed_date":"2025-03-13","expected_date":"2025-09-04","days_to_close":14,"closed_within_180_days":true,"closed_by_expected":true,"missed_expected":false,"feature_kind":"request"},"geometry":{"type":"Point","coordinates":[-75.22016567,40.04864189]}},{"type":"Feature","properties":{"id":"17450410","status":"Open","zipcode":"19131","requested_date":"2025-02-27","closed_date":null,"expected_date":"2025-09-04","days_to_close":null,"closed_within_180_days":false,"closed_by_expected":false,"missed_expected":true,"feature_kind":"request"},"geometry":{"type":"Point","coordinates":[-75.23515709,39.97481795]}},{"type":"Feature","properties":{"id":"17452699","status":"Closed","zipcode":"19128","requested_date":"2025-02-28","closed_date":"2025-03-13","expected_date":"2025-09-05","days_to_close":12.9,"closed_within_180_days":true,"closed_by_expected":true,"missed_expected":false,"feature_kind":"request"},"geometry":{"type":"Point","coordinates":[-75.22180067,40.03456138]}},{"type":"Feature","properties":{"id":"17452884","status":"Closed","zipcode":"19128","requested_date":"2025-03-01","closed_date":"2025-07-17","expected_date":"2025-09-05","days_to_close":138.3,"closed_within_180_days":true,"closed_by_expected":true,"missed_expected":false,"feature_kind":"request"},"geometry":{"type":"Point","coordinates":[-75.22842216,40.06518494]}},{"type":"Feature","properties":{"id":"17452950","status":"Closed","zipcode":"19128","requested_date":"2025-03-01","closed_date":"2025-08-04","expected_date":"2025-09-05","days_to_close":155.9,"closed_within_180_days":true,"closed_by_expected":true,"missed_expected":false,"feature_kind":"request"},"geometry":{"type":"Point","coordinates":[-75.21719931,40.03113961]}},{"type":"Feature","properties":{"id":"17453999","status":"Closed","zipcode":"19131","requested_date":"2025-03-03","closed_date":"2025-06-06","expected_date":"2025-09-08","days_to_close":94.9,"closed_within_180_days":true,"closed_by_expected":true,"missed_expected":false,"feature_kind":"request"},"geometry":{"type":"Point","coordinates":[-75.22661667,39.98831227]}},{"type":"Feature","properties":{"id":"17454566","status":"Closed","zipcode":"19131","requested_date":"2025-03-03","closed_date":"2026-07-17","expected_date":"2025-09-10","days_to_close":500.8,"closed_within_180_days":false,"closed_by_expected":false,"missed_expected":true,"feature_kind":"request"},"geometry":{"type":"Point","coordinates":[-75.23848413,39.97830165]}},{"type":"Feature","properties":{"id":"17454569","status":"Closed","zipcode":"19128","requested_date":"2025-03-03","closed_date":"2025-07-17","expected_date":"2025-09-08","days_to_close":136.2,"closed_within_180_days":true,"closed_by_expected":true,"missed_expected":false,"feature_kind":"request"},"geometry":{"type":"Point","coordinates":[-75.22150851,40.03373974]}},{"type":"Feature","properties":{"id":"17455759","status":"Closed","zipcode":"19131","requested_date":"2025-03-03","closed_date":"2026-07-22","expected_date":"2025-09-11","days_to_close":505.6,"closed_within_180_days":false,"closed_by_expected":false,"missed_expected":true,"feature_kind":"request"},"geometry":{"type":"Point","coordinates":[-75.23902235,39.98754113]}},{"type":"Feature","properties":{"id":"17455824","status":"Open","zipcode":"19131","requested_date":"2025-03-03","closed_date":null,"expected_date":"2025-09-08","days_to_close":null,"closed_within_180_days":false,"closed_by_expected":false,"missed_expected":true,"feature_kind":"request"},"geometry":{"type":"Point","coordinates":[-75.22025604,40.00163034]}},{"type":"Feature","properties":{"id":"17455978","status":"Closed","zipcode":"19128","requested_date":"2025-03-04","closed_date":"2025-07-17","expected_date":"2025-09-08","days_to_close":135.8,"closed_within_180_days":true,"closed_by_expected":true,"missed_expected":false,"feature_kind":"request"},"geometry":{"type":"Point","coordinates":[-75.21935057,40.03353718]}},{"type":"Feature","properties":{"id":"17455981","status":"Closed","zipcode":"19128","requested_date":"2025-03-04","closed_date":"2025-07-17","expected_date":"2025-09-08","days_to_close":135.8,"closed_within_180_days":true,"closed_by_expected":true,"missed_expected":false,"feature_kind":"request"},"geometry":{"type":"Point","coordinates":[-75.21944631,40.03349544]}},{"type":"Feature","properties":{"id":"17456269","status":"Closed","zipcode":"19131","requested_date":"2025-03-04","closed_date":"2026-07-07","expected_date":"2025-09-11","days_to_close":489.9,"closed_within_180_days":false,"closed_by_expected":false,"missed_expected":true,"feature_kind":"request"},"geometry":{"type":"Point","coordinates":[-75.23338649,39.97948637]}},{"type":"Feature","properties":{"id":"17456492","status":"Open","zipcode":"19131","requested_date":"2025-03-04","closed_date":null,"expected_date":"2025-09-09","days_to_close":null,"closed_within_180_days":false,"closed_by_expected":false,"missed_expected":true,"feature_kind":"request"},"geometry":{"type":"Point","coordinates":[-75.22891274,39.98833987]}},{"type":"Feature","properties":{"id":"17456504","status":"Open","zipcode":"19131","requested_date":"2025-03-04","closed_date":null,"expected_date":"2025-09-09","days_to_close":null,"closed_within_180_days":false,"closed_by_expected":false,"missed_expected":true,"feature_kind":"request"},"geometry":{"type":"Point","coordinates":[-75.2064093,40.00275303]}},{"type":"Feature","properties":{"id":"17457053","status":"Closed","zipcode":"19131","requested_date":"2025-03-04","closed_date":"2026-06-12","expected_date":"2025-09-11","days_to_close":464.9,"closed_within_180_days":false,"closed_by_expected":false,"missed_expected":true,"feature_kind":"request"},"geometry":{"type":"Point","coordinates":[-75.23306902,39.98630776]}},{"type":"Feature","properties":{"id":"17457329","status":"Open","zipcode":"19131","requested_date":"2025-03-04","closed_date":null,"expected_date":"2025-09-09","days_to_close":null,"closed_within_180_days":false,"closed_by_expected":false,"missed_expected":true,"feature_kind":"request"},"geometry":{"type":"Point","coordinates":[-75.23099638,39.97206099]}},{"type":"Feature","properties":{"id":"17458484","status":"Closed","zipcode":"19128","requested_date":"2025-03-04","closed_date":"2025-03-11","expected_date":"2025-09-09","days_to_close":6.9,"closed_within_180_days":true,"closed_by_expected":true,"missed_expected":false,"feature_kind":"request"},"geometry":{"type":"Point","coordinates":[-75.20969855,40.01875658]}},{"type":"Feature","properties":{"id":"17458864","status":"Closed","zipcode":"19128","requested_date":"2025-03-05","closed_date":"2025-08-04","expected_date":"2025-09-09","days_to_close":151.9,"closed_within_180_days":true,"closed_by_expected":true,"missed_expected":false,"feature_kind":"request"},"geometry":{"type":"Point","coordinates":[-75.21737023,40.02559611]}},{"type":"Feature","properties":{"id":"17458926","status":"Open","zipcode":"19131","requested_date":"2025-03-05","closed_date":null,"expected_date":"2025-09-09","days_to_close":null,"closed_within_180_days":false,"closed_by_expected":false,"missed_expected":true,"feature_kind":"request"},"geometry":{"type":"Point","coordinates":[-75.23001519,39.98723137]}},{"type":"Feature","properties":{"id":"17460001","status":"Open","zipcode":"19131","requested_date":"2025-03-05","closed_date":null,"expected_date":"2025-09-10","days_to_close":null,"closed_within_180_days":false,"closed_by_expected":false,"missed_expected":true,"feature_kind":"request"},"geometry":{"type":"Point","coordinates":[-75.22665279,39.97488363]}},{"type":"Feature","properties":{"id":"17460671","status":"Closed","zipcode":"19131","requested_date":"2025-03-05","closed_date":"2026-06-25","expected_date":"2025-09-15","days_to_close":476.7,"closed_within_180_days":false,"closed_by_expected":false,"missed_expected":true,"feature_kind":"request"},"geometry":{"type":"Point","coordinates":[-75.2316913,39.9769694]}},{"type":"Feature","properties":{"id":"17462094","status":"Closed","zipcode":"19128","requested_date":"2025-03-06","closed_date":"2025-07-17","expected_date":"2025-09-11","days_to_close":133,"closed_within_180_days":true,"closed_by_expected":true,"missed_expected":false,"feature_kind":"request"},"geometry":{"type":"Point","coordinates":[-75.22562809,40.04229168]}},{"type":"Feature","properties":{"id":"17463493","status":"Open","zipcode":"19131","requested_date":"2025-03-06","closed_date":null,"expected_date":"2025-09-11","days_to_close":null,"closed_within_180_days":false,"closed_by_expected":false,"missed_expected":true,"feature_kind":"request"},"geometry":{"type":"Point","coordinates":[-75.22263065,39.97274219]}},{"type":"Feature","properties":{"id":"17463866","status":"Closed","zipcode":"19128","requested_date":"2025-03-07","closed_date":"2025-06-12","expected_date":"2025-09-11","days_to_close":97.4,"closed_within_180_days":true,"closed_by_expected":true,"missed_expected":false,"feature_kind":"request"},"geometry":{"type":"Point","coordinates":[-75.22104838,40.03271798]}},{"type":"Feature","properties":{"id":"17463929","status":"Open","zipcode":"19131","requested_date":"2025-03-07","closed_date":null,"expected_date":"2025-09-11","days_to_close":null,"closed_within_180_days":false,"closed_by_expected":false,"missed_expected":true,"feature_kind":"request"},"geometry":{"type":"Point","coordinates":[-75.22841006,39.9891543]}},{"type":"Feature","properties":{"id":"17465337","status":"Open","zipcode":"19131","requested_date":"2025-03-07","closed_date":null,"expected_date":"2025-09-12","days_to_close":null,"closed_within_180_days":false,"closed_by_expected":false,"missed_expected":true,"feature_kind":"request"},"geometry":{"type":"Point","coordinates":[-75.22150704,39.97302315]}},{"type":"Feature","properties":{"id":"17465499","status":"Open","zipcode":"19128","requested_date":"2025-03-07","closed_date":null,"expected_date":"2025-09-12","days_to_close":null,"closed_within_180_days":false,"closed_by_expected":false,"missed_expected":true,"feature_kind":"request"},"geometry":{"type":"Point","coordinates":[-75.20994361,40.03311179]}},{"type":"Feature","properties":{"id":"17465898","status":"Open","zipcode":"19131","requested_date":"2025-03-07","closed_date":null,"expected_date":"2025-09-12","days_to_close":null,"closed_within_180_days":false,"closed_by_expected":false,"missed_expected":true,"feature_kind":"request"},"geometry":{"type":"Point","coordinates":[-75.23508398,39.97336201]}},{"type":"Feature","properties":{"id":"17465983","status":"Closed","zipcode":"19128","requested_date":"2025-03-07","closed_date":"2025-07-17","expected_date":"2025-09-12","days_to_close":132,"closed_within_180_days":true,"closed_by_expected":true,"missed_expected":false,"feature_kind":"request"},"geometry":{"type":"Point","coordinates":[-75.21881855,40.03378931]}},{"type":"Feature","properties":{"id":"17466045","status":"Open","zipcode":"19131","requested_date":"2025-03-07","closed_date":null,"expected_date":"2025-09-12","days_to_close":null,"closed_within_180_days":false,"closed_by_expected":false,"missed_expected":true,"feature_kind":"request"},"geometry":{"type":"Point","coordinates":[-75.22196571,39.97260527]}},{"type":"Feature","properties":{"id":"17466050","status":"Open","zipcode":"19131","requested_date":"2025-03-07","closed_date":null,"expected_date":"2025-09-12","days_to_close":null,"closed_within_180_days":false,"closed_by_expected":false,"missed_expected":true,"feature_kind":"request"},"geometry":{"type":"Point","coordinates":[-75.22207324,39.97262612]}},{"type":"Feature","properties":{"id":"17466348","status":"Closed","zipcode":"19128","requested_date":"2025-03-08","closed_date":"2025-07-16","expected_date":"2025-09-12","days_to_close":130.6,"closed_within_180_days":true,"closed_by_expected":true,"missed_expected":false,"feature_kind":"request"},"geometry":{"type":"Point","coordinates":[-75.21389665,40.02201271]}},{"type":"Feature","properties":{"id":"17466649","status":"Closed","zipcode":"19128","requested_date":"2025-03-08","closed_date":"2025-08-04","expected_date":"2025-09-12","days_to_close":148.6,"closed_within_180_days":true,"closed_by_expected":true,"missed_expected":false,"feature_kind":"request"},"geometry":{"type":"Point","coordinates":[-75.2145466,40.02310856]}},{"type":"Feature","properties":{"id":"17466827","status":"Closed","zipcode":"19128","requested_date":"2025-03-09","closed_date":"2025-08-04","expected_date":"2025-09-12","days_to_close":147.9,"closed_within_180_days":true,"closed_by_expected":true,"missed_expected":false,"feature_kind":"request"},"geometry":{"type":"Point","coordinates":[-75.20275551,40.0248519]}},{"type":"Feature","properties":{"id":"17466856","status":"Closed","zipcode":"19131","requested_date":"2025-03-09","closed_date":"2026-01-08","expected_date":"2025-09-17","days_to_close":305.2,"closed_within_180_days":false,"closed_by_expected":false,"missed_expected":true,"feature_kind":"request"},"geometry":{"type":"Point","coordinates":[-75.22869072,39.98799006]}},{"type":"Feature","properties":{"id":"17466858","status":"Open","zipcode":"19131","requested_date":"2025-03-09","closed_date":null,"expected_date":"2025-09-12","days_to_close":null,"closed_within_180_days":false,"closed_by_expected":false,"missed_expected":true,"feature_kind":"request"},"geometry":{"type":"Point","coordinates":[-75.22891274,39.98833987]}},{"type":"Feature","properties":{"id":"17466862","status":"Open","zipcode":"19131","requested_date":"2025-03-09","closed_date":null,"expected_date":"2025-09-12","days_to_close":null,"closed_within_180_days":false,"closed_by_expected":false,"missed_expected":true,"feature_kind":"request"},"geometry":{"type":"Point","coordinates":[-75.22855096,39.98801948]}},{"type":"Feature","properties":{"id":"17466961","status":"Closed","zipcode":"19128","requested_date":"2025-03-09","closed_date":"2025-07-17","expected_date":"2025-09-12","days_to_close":129.8,"closed_within_180_days":true,"closed_by_expected":true,"missed_expected":false,"feature_kind":"request"},"geometry":{"type":"Point","coordinates":[-75.21598561,40.03775114]}},{"type":"Feature","properties":{"id":"17467324","status":"Closed","zipcode":"19128","requested_date":"2025-03-10","closed_date":"2025-07-14","expected_date":"2025-09-12","days_to_close":126.3,"closed_within_180_days":true,"closed_by_expected":true,"missed_expected":false,"feature_kind":"request"},"geometry":{"type":"Point","coordinates":[-75.22411467,40.0433227]}},{"type":"Feature","properties":{"id":"17467393","status":"Closed","zipcode":"19128","requested_date":"2025-03-10","closed_date":"2025-08-04","expected_date":"2025-09-15","days_to_close":147,"closed_within_180_days":true,"closed_by_expected":true,"missed_expected":false,"feature_kind":"request"},"geometry":{"type":"Point","coordinates":[-75.21738069,40.03120492]}},{"type":"Feature","properties":{"id":"17467532","status":"Open","zipcode":"19131","requested_date":"2025-03-10","closed_date":null,"expected_date":"2025-09-15","days_to_close":null,"closed_within_180_days":false,"closed_by_expected":false,"missed_expected":true,"feature_kind":"request"},"geometry":{"type":"Point","coordinates":[-75.22025704,40.00155794]}},{"type":"Feature","properties":{"id":"17467536","status":"Open","zipcode":"19128","requested_date":"2025-03-10","closed_date":null,"expected_date":"2025-09-15","days_to_close":null,"closed_within_180_days":false,"closed_by_expected":false,"missed_expected":true,"feature_kind":"request"},"geometry":{"type":"Point","coordinates":[-75.20998879,40.01870873]}},{"type":"Feature","properties":{"id":"17468734","status":"Open","zipcode":"19128","requested_date":"2025-03-10","closed_date":null,"expected_date":"2025-09-15","days_to_close":null,"closed_within_180_days":false,"closed_by_expected":false,"missed_expected":true,"feature_kind":"request"},"geometry":{"type":"Point","coordinates":[-75.20972845,40.03323907]}},{"type":"Feature","properties":{"id":"17469239","status":"Open","zipcode":"19131","requested_date":"2025-03-10","closed_date":null,"expected_date":"2025-09-15","days_to_close":null,"closed_within_180_days":false,"closed_by_expected":false,"missed_expected":true,"feature_kind":"request"},"geometry":{"type":"Point","coordinates":[-75.22891274,39.98833987]}},{"type":"Feature","properties":{"id":"17469252","status":"Closed","zipcode":"19131","requested_date":"2025-03-10","closed_date":"2026-06-25","expected_date":"2025-09-18","days_to_close":471.7,"closed_within_180_days":false,"closed_by_expected":false,"missed_expected":true,"feature_kind":"request"},"geometry":{"type":"Point","coordinates":[-75.23207097,39.98463493]}},{"type":"Feature","properties":{"id":"17469255","status":"Open","zipcode":"19131","requested_date":"2025-03-10","closed_date":null,"expected_date":"2025-09-15","days_to_close":null,"closed_within_180_days":false,"closed_by_expected":false,"missed_expected":true,"feature_kind":"request"},"geometry":{"type":"Point","coordinates":[-75.23104122,39.97340845]}},{"type":"Feature","properties":{"id":"17469678","status":"Open","zipcode":"19131","requested_date":"2025-03-10","closed_date":null,"expected_date":"2025-09-15","days_to_close":null,"closed_within_180_days":false,"closed_by_expected":false,"missed_expected":true,"feature_kind":"request"},"geometry":{"type":"Point","coordinates":[-75.22339552,39.97446824]}},{"type":"Feature","properties":{"id":"17469681","status":"Open","zipcode":"19131","requested_date":"2025-03-10","closed_date":null,"expected_date":"2025-09-15","days_to_close":null,"closed_within_180_days":false,"closed_by_expected":false,"missed_expected":true,"feature_kind":"request"},"geometry":{"type":"Point","coordinates":[-75.22339552,39.97446824]}},{"type":"Feature","properties":{"id":"17469731","status":"Open","zipcode":"19131","requested_date":"2025-03-10","closed_date":null,"expected_date":"2025-09-15","days_to_close":null,"closed_within_180_days":false,"closed_by_expected":false,"missed_expected":true,"feature_kind":"request"},"geometry":{"type":"Point","coordinates":[-75.23349909,39.97187406]}},{"type":"Feature","properties":{"id":"17470747","status":"Closed","zipcode":"19131","requested_date":"2025-03-11","closed_date":"2026-07-03","expected_date":"2025-09-18","days_to_close":478.9,"closed_within_180_days":false,"closed_by_expected":false,"missed_expected":true,"feature_kind":"request"},"geometry":{"type":"Point","coordinates":[-75.23511893,39.99134832]}},{"type":"Feature","properties":{"id":"17470763","status":"Closed","zipcode":"19131","requested_date":"2025-03-11","closed_date":"2025-06-06","expected_date":"2025-09-16","days_to_close":86.9,"closed_within_180_days":true,"closed_by_expected":true,"missed_expected":false,"feature_kind":"request"},"geometry":{"type":"Point","coordinates":[-75.22736752,39.9819323]}},{"type":"Feature","properties":{"id":"17471631","status":"Open","zipcode":"19131","requested_date":"2025-03-11","closed_date":null,"expected_date":"2025-09-16","days_to_close":null,"closed_within_180_days":false,"closed_by_expected":false,"missed_expected":true,"feature_kind":"request"},"geometry":{"type":"Point","coordinates":[-75.22661544,39.97093808]}},{"type":"Feature","properties":{"id":"17472549","status":"Closed","zipcode":"19131","requested_date":"2025-03-11","closed_date":"2025-06-06","expected_date":"2025-09-16","days_to_close":86.6,"closed_within_180_days":true,"closed_by_expected":true,"missed_expected":false,"feature_kind":"request"},"geometry":{"type":"Point","coordinates":[-75.22637,39.9813221]}},{"type":"Feature","properties":{"id":"17475262","status":"Closed","zipcode":"19128","requested_date":"2025-03-12","closed_date":"2025-10-31","expected_date":"2025-09-17","days_to_close":232.4,"closed_within_180_days":false,"closed_by_expected":false,"missed_expected":true,"feature_kind":"request"},"geometry":{"type":"Point","coordinates":[-75.21261422,40.02145535]}},{"type":"Feature","properties":{"id":"17475869","status":"Closed","zipcode":"19128","requested_date":"2025-03-13","closed_date":"2025-07-17","expected_date":"2025-09-17","days_to_close":126.4,"closed_within_180_days":true,"closed_by_expected":true,"missed_expected":false,"feature_kind":"request"},"geometry":{"type":"Point","coordinates":[-75.22560929,40.03778276]}},{"type":"Feature","properties":{"id":"17476326","status":"Closed","zipcode":"19128","requested_date":"2025-03-13","closed_date":"2025-07-17","expected_date":"2025-09-18","days_to_close":126.3,"closed_within_180_days":true,"closed_by_expected":true,"missed_expected":false,"feature_kind":"request"},"geometry":{"type":"Point","coordinates":[-75.22150851,40.03373974]}},{"type":"Feature","properties":{"id":"17476940","status":"Open","zipcode":"19131","requested_date":"2025-03-13","closed_date":null,"expected_date":"2025-09-18","days_to_close":null,"closed_within_180_days":false,"closed_by_expected":false,"missed_expected":true,"feature_kind":"request"},"geometry":{"type":"Point","coordinates":[-75.23479483,39.96903789]}},{"type":"Feature","properties":{"id":"17476945","status":"Open","zipcode":"19131","requested_date":"2025-03-13","closed_date":null,"expected_date":"2025-09-18","days_to_close":null,"closed_within_180_days":false,"closed_by_expected":false,"missed_expected":true,"feature_kind":"request"},"geometry":{"type":"Point","coordinates":[-75.23495746,39.96902022]}},{"type":"Feature","properties":{"id":"17476949","status":"Open","zipcode":"19131","requested_date":"2025-03-13","closed_date":null,"expected_date":"2025-09-18","days_to_close":null,"closed_within_180_days":false,"closed_by_expected":false,"missed_expected":true,"feature_kind":"request"},"geometry":{"type":"Point","coordinates":[-75.23500428,39.9689348]}},{"type":"Feature","properties":{"id":"17477034","status":"Open","zipcode":"19131","requested_date":"2025-03-13","closed_date":null,"expected_date":"2025-09-18","days_to_close":null,"closed_within_180_days":false,"closed_by_expected":false,"missed_expected":true,"feature_kind":"request"},"geometry":{"type":"Point","coordinates":[-75.20666931,40.00271411]}},{"type":"Feature","properties":{"id":"17477161","status":"Closed","zipcode":"19131","requested_date":"2025-03-13","closed_date":"2026-06-08","expected_date":"2025-09-22","days_to_close":451.8,"closed_within_180_days":false,"closed_by_expected":false,"missed_expected":true,"feature_kind":"request"},"geometry":{"type":"Point","coordinates":[-75.2358624,39.98019933]}},{"type":"Feature","properties":{"id":"17477167","status":"Closed","zipcode":"19131","requested_date":"2025-03-13","closed_date":"2026-06-08","expected_date":"2025-09-22","days_to_close":451.8,"closed_within_180_days":false,"closed_by_expected":false,"missed_expected":true,"feature_kind":"request"},"geometry":{"type":"Point","coordinates":[-75.23582763,39.98015676]}},{"type":"Feature","properties":{"id":"17477555","status":"Open","zipcode":"19131","requested_date":"2025-03-13","closed_date":null,"expected_date":"2025-09-18","days_to_close":null,"closed_within_180_days":false,"closed_by_expected":false,"missed_expected":true,"feature_kind":"request"},"geometry":{"type":"Point","coordinates":[-75.23331449,39.97546009]}},{"type":"Feature","properties":{"id":"17477837","status":"Closed","zipcode":"19128","requested_date":"2025-03-13","closed_date":"2025-12-11","expected_date":"2025-09-18","days_to_close":273.1,"closed_within_180_days":false,"closed_by_expected":false,"missed_expected":true,"feature_kind":"request"},"geometry":{"type":"Point","coordinates":[-75.21494511,40.02930511]}},{"type":"Feature","properties":{"id":"17478199","status":"Closed","zipcode":"19131","requested_date":"2025-03-13","closed_date":"2026-07-22","expected_date":"2025-09-23","days_to_close":495.6,"closed_within_180_days":false,"closed_by_expected":false,"missed_expected":true,"feature_kind":"request"},"geometry":{"type":"Point","coordinates":[-75.23791215,39.97689963]}},{"type":"Feature","properties":{"id":"17478607","status":"Closed","zipcode":"19128","requested_date":"2025-03-14","closed_date":"2025-07-17","expected_date":"2025-09-18","days_to_close":125,"closed_within_180_days":true,"closed_by_expected":true,"missed_expected":false,"feature_kind":"request"},"geometry":{"type":"Point","coordinates":[-75.24474757,40.05409661]}},{"type":"Feature","properties":{"id":"17479538","status":"Open","zipcode":"19131","requested_date":"2025-03-14","closed_date":null,"expected_date":"2025-09-19","days_to_close":null,"closed_within_180_days":false,"closed_by_expected":false,"missed_expected":true,"feature_kind":"request"},"geometry":{"type":"Point","coordinates":[-75.2227724,39.97248895]}},{"type":"Feature","properties":{"id":"17479626","status":"Open","zipcode":"19131","requested_date":"2025-03-14","closed_date":null,"expected_date":"2025-09-19","days_to_close":null,"closed_within_180_days":false,"closed_by_expected":false,"missed_expected":true,"feature_kind":"request"},"geometry":{"type":"Point","coordinates":[-75.20657781,40.00271845]}},{"type":"Feature","properties":{"id":"17480004","status":"Closed","zipcode":"19131","requested_date":"2025-03-14","closed_date":"2026-06-23","expected_date":"2025-09-23","days_to_close":465.8,"closed_within_180_days":false,"closed_by_expected":false,"missed_expected":true,"feature_kind":"request"},"geometry":{"type":"Point","coordinates":[-75.23957752,39.98557684]}},{"type":"Feature","properties":{"id":"17480354","status":"Open","zipcode":"19131","requested_date":"2025-03-14","closed_date":null,"expected_date":"2025-09-19","days_to_close":null,"closed_within_180_days":false,"closed_by_expected":false,"missed_expected":true,"feature_kind":"request"},"geometry":{"type":"Point","coordinates":[-75.23346379,39.96742609]}},{"type":"Feature","properties":{"id":"17480814","status":"Closed","zipcode":"19128","requested_date":"2025-03-15","closed_date":"2025-05-20","expected_date":"2025-09-19","days_to_close":66.2,"closed_within_180_days":true,"closed_by_expected":true,"missed_expected":false,"feature_kind":"request"},"geometry":{"type":"Point","coordinates":[-75.22459518,40.03649935]}},{"type":"Feature","properties":{"id":"17480983","status":"Closed","zipcode":"19131","requested_date":"2025-03-15","closed_date":"2025-03-17","expected_date":"2025-09-19","days_to_close":1.6,"closed_within_180_days":true,"closed_by_expected":true,"missed_expected":false,"feature_kind":"request"},"geometry":{"type":"Point","coordinates":[-75.217107,39.972118]}},{"type":"Feature","properties":{"id":"17481015","status":"Closed","zipcode":"19128","requested_date":"2025-03-15","closed_date":"2025-07-17","expected_date":"2025-09-19","days_to_close":123.9,"closed_within_180_days":true,"closed_by_expected":true,"missed_expected":false,"feature_kind":"request"},"geometry":{"type":"Point","coordinates":[-75.21598561,40.03775114]}},{"type":"Feature","properties":{"id":"17481345","status":"Closed","zipcode":"19128","requested_date":"2025-03-16","closed_date":"2025-07-17","expected_date":"2025-09-19","days_to_close":123,"closed_within_180_days":true,"closed_by_expected":true,"missed_expected":false,"feature_kind":"request"},"geometry":{"type":"Point","coordinates":[-75.22611759,40.04360447]}},{"type":"Feature","properties":{"id":"17481764","status":"Open","zipcode":"19131","requested_date":"2025-03-17","closed_date":null,"expected_date":"2025-09-19","days_to_close":null,"closed_within_180_days":false,"closed_by_expected":false,"missed_expected":true,"feature_kind":"request"},"geometry":{"type":"Point","coordinates":[-75.22354616,39.97316581]}},{"type":"Feature","properties":{"id":"17482170","status":"Closed","zipcode":"19131","requested_date":"2025-03-17","closed_date":"2026-07-06","expected_date":"2025-09-24","days_to_close":476.2,"closed_within_180_days":false,"closed_by_expected":false,"missed_expected":true,"feature_kind":"request"},"geometry":{"type":"Point","coordinates":[-75.22579314,39.9681679]}},{"type":"Feature","properties":{"id":"17482236","status":"Open","zipcode":"19128","requested_date":"2025-03-17","closed_date":null,"expected_date":"2025-09-22","days_to_close":null,"closed_within_180_days":false,"closed_by_expected":false,"missed_expected":true,"feature_kind":"request"},"geometry":{"type":"Point","coordinates":[-75.20831347,40.02020865]}},{"type":"Feature","properties":{"id":"17482467","status":"Closed","zipcode":"19131","requested_date":"2025-03-17","closed_date":"2025-10-31","expected_date":"2025-09-22","days_to_close":227.9,"closed_within_180_days":false,"closed_by_expected":false,"missed_expected":true,"feature_kind":"request"},"geometry":{"type":"Point","coordinates":[-75.23082501,39.96780776]}},{"type":"Feature","properties":{"id":"17483046","status":"Closed","zipcode":"19128","requested_date":"2025-03-17","closed_date":"2025-12-12","expected_date":"2025-09-22","days_to_close":270,"closed_within_180_days":false,"closed_by_expected":false,"missed_expected":true,"feature_kind":"request"},"geometry":{"type":"Point","coordinates":[-75.20951792,40.02817974]}},{"type":"Feature","properties":{"id":"17483067","status":"Closed","zipcode":"19128","requested_date":"2025-03-17","closed_date":"2025-12-12","expected_date":"2025-09-22","days_to_close":270,"closed_within_180_days":false,"closed_by_expected":false,"missed_expected":true,"feature_kind":"request"},"geometry":{"type":"Point","coordinates":[-75.20951792,40.02817974]}},{"type":"Feature","properties":{"id":"17484319","status":"Open","zipcode":"19131","requested_date":"2025-03-17","closed_date":null,"expected_date":"2025-09-22","days_to_close":null,"closed_within_180_days":false,"closed_by_expected":false,"missed_expected":true,"feature_kind":"request"},"geometry":{"type":"Point","coordinates":[-75.22588755,39.96844839]}},{"type":"Feature","properties":{"id":"17484672","status":"Closed","zipcode":"19131","requested_date":"2025-03-18","closed_date":"2026-07-21","expected_date":"2025-09-25","days_to_close":490,"closed_within_180_days":false,"closed_by_expected":false,"missed_expected":true,"feature_kind":"request"},"geometry":{"type":"Point","coordinates":[-75.23846357,39.99175903]}},{"type":"Feature","properties":{"id":"17484677","status":"Open","zipcode":"19131","requested_date":"2025-03-18","closed_date":null,"expected_date":"2025-09-22","days_to_close":null,"closed_within_180_days":false,"closed_by_expected":false,"missed_expected":true,"feature_kind":"request"},"geometry":{"type":"Point","coordinates":[-75.23446208,39.97057452]}},{"type":"Feature","properties":{"id":"17484891","status":"Closed","zipcode":"19128","requested_date":"2025-03-18","closed_date":"2025-07-16","expected_date":"2025-09-23","days_to_close":120.3,"closed_within_180_days":true,"closed_by_expected":true,"missed_expected":false,"feature_kind":"request"},"geometry":{"type":"Point","coordinates":[-75.21824766,40.03342846]}},{"type":"Feature","properties":{"id":"17485294","status":"Open","zipcode":"19131","requested_date":"2025-03-18","closed_date":null,"expected_date":"2025-09-23","days_to_close":null,"closed_within_180_days":false,"closed_by_expected":false,"missed_expected":true,"feature_kind":"request"},"geometry":{"type":"Point","coordinates":[-75.23201279,39.97351549]}},{"type":"Feature","properties":{"id":"17485414","status":"Closed","zipcode":"19128","requested_date":"2025-03-18","closed_date":"2025-06-27","expected_date":"2025-09-23","days_to_close":100.8,"closed_within_180_days":true,"closed_by_expected":true,"missed_expected":false,"feature_kind":"request"},"geometry":{"type":"Point","coordinates":[-75.22068157,40.02819772]}},{"type":"Feature","properties":{"id":"17486256","status":"Open","zipcode":"19128","requested_date":"2025-03-18","closed_date":null,"expected_date":"2025-09-23","days_to_close":null,"closed_within_180_days":false,"closed_by_expected":false,"missed_expected":true,"feature_kind":"request"},"geometry":{"type":"Point","coordinates":[-75.21129869,40.03330157]}},{"type":"Feature","properties":{"id":"17486257","status":"Open","zipcode":"19131","requested_date":"2025-03-18","closed_date":null,"expected_date":"2025-09-23","days_to_close":null,"closed_within_180_days":false,"closed_by_expected":false,"missed_expected":true,"feature_kind":"request"},"geometry":{"type":"Point","coordinates":[-75.22778877,39.97017036]}},{"type":"Feature","properties":{"id":"17487134","status":"Closed","zipcode":"19128","requested_date":"2025-03-19","closed_date":"2025-07-17","expected_date":"2025-09-23","days_to_close":120.8,"closed_within_180_days":true,"closed_by_expected":true,"missed_expected":false,"feature_kind":"request"},"geometry":{"type":"Point","coordinates":[-75.21944631,40.03349544]}},{"type":"Feature","properties":{"id":"17487138","status":"Closed","zipcode":"19128","requested_date":"2025-03-19","closed_date":"2025-06-11","expected_date":"2025-09-23","days_to_close":84.6,"closed_within_180_days":true,"closed_by_expected":true,"missed_expected":false,"feature_kind":"request"},"geometry":{"type":"Point","coordinates":[-75.21944631,40.03349544]}},{"type":"Feature","properties":{"id":"17488513","status":"Open","zipcode":"19131","requested_date":"2025-03-19","closed_date":null,"expected_date":"2025-09-24","days_to_close":null,"closed_within_180_days":false,"closed_by_expected":false,"missed_expected":true,"feature_kind":"request"},"geometry":{"type":"Point","coordinates":[-75.23413958,39.97096742]}},{"type":"Feature","properties":{"id":"17489118","status":"Open","zipcode":"19131","requested_date":"2025-03-19","closed_date":null,"expected_date":"2025-09-24","days_to_close":null,"closed_within_180_days":false,"closed_by_expected":false,"missed_expected":true,"feature_kind":"request"},"geometry":{"type":"Point","coordinates":[-75.22699688,39.99227569]}},{"type":"Feature","properties":{"id":"17489785","status":"Closed","zipcode":"19128","requested_date":"2025-03-20","closed_date":"2025-07-16","expected_date":"2025-09-24","days_to_close":118.7,"closed_within_180_days":true,"closed_by_expected":true,"missed_expected":false,"feature_kind":"request"},"geometry":{"type":"Point","coordinates":[-75.21229846,40.03673776]}},{"type":"Feature","properties":{"id":"17489843","status":"Closed","zipcode":"19128","requested_date":"2025-03-20","closed_date":"2025-07-17","expected_date":"2025-09-24","days_to_close":119.5,"closed_within_180_days":true,"closed_by_expected":true,"missed_expected":false,"feature_kind":"request"},"geometry":{"type":"Point","coordinates":[-75.21516417,40.03533097]}},{"type":"Feature","properties":{"id":"17490344","status":"Open","zipcode":"19131","requested_date":"2025-03-20","closed_date":null,"expected_date":"2025-09-25","days_to_close":null,"closed_within_180_days":false,"closed_by_expected":false,"missed_expected":true,"feature_kind":"request"},"geometry":{"type":"Point","coordinates":[-75.20711247,40.00439757]}},{"type":"Feature","properties":{"id":"17492341","status":"Closed","zipcode":"19128","requested_date":"2025-03-21","closed_date":"2025-07-17","expected_date":"2025-09-25","days_to_close":118.4,"closed_within_180_days":true,"closed_by_expected":true,"missed_expected":false,"feature_kind":"request"},"geometry":{"type":"Point","coordinates":[-75.21939596,40.03351739]}},{"type":"Feature","properties":{"id":"17492343","status":"Open","zipcode":"19131","requested_date":"2025-03-21","closed_date":null,"expected_date":"2025-09-25","days_to_close":null,"closed_within_180_days":false,"closed_by_expected":false,"missed_expected":true,"feature_kind":"request"},"geometry":{"type":"Point","coordinates":[-75.22960677,39.98819634]}},{"type":"Feature","properties":{"id":"17492482","status":"Closed","zipcode":"19128","requested_date":"2025-03-21","closed_date":"2025-07-14","expected_date":"2025-09-25","days_to_close":115.3,"closed_within_180_days":true,"closed_by_expected":true,"missed_expected":false,"feature_kind":"request"},"geometry":{"type":"Point","coordinates":[-75.20956921,40.03171005]}},{"type":"Feature","properties":{"id":"17493486","status":"Open","zipcode":"19131","requested_date":"2025-03-21","closed_date":null,"expected_date":"2025-09-26","days_to_close":null,"closed_within_180_days":false,"closed_by_expected":false,"missed_expected":true,"feature_kind":"request"},"geometry":{"type":"Point","coordinates":[-75.23049566,39.98507735]}},{"type":"Feature","properties":{"id":"17493876","status":"Closed","zipcode":"19128","requested_date":"2025-03-21","closed_date":"2025-06-11","expected_date":"2025-09-26","days_to_close":81.9,"closed_within_180_days":true,"closed_by_expected":true,"missed_expected":false,"feature_kind":"request"},"geometry":{"type":"Point","coordinates":[-75.21969112,40.03319584]}},{"type":"Feature","properties":{"id":"17495047","status":"Closed","zipcode":"19128","requested_date":"2025-03-23","closed_date":"2025-07-17","expected_date":"2025-09-26","days_to_close":116,"closed_within_180_days":true,"closed_by_expected":true,"missed_expected":false,"feature_kind":"request"},"geometry":{"type":"Point","coordinates":[-75.21893098,40.04440613]}},{"type":"Feature","properties":{"id":"17495048","status":"Closed","zipcode":"19128","requested_date":"2025-03-23","closed_date":"2025-12-11","expected_date":"2025-09-26","days_to_close":263,"closed_within_180_days":false,"closed_by_expected":false,"missed_expected":true,"feature_kind":"request"},"geometry":{"type":"Point","coordinates":[-75.21814236,40.0252649]}},{"type":"Feature","properties":{"id":"17495054","status":"Closed","zipcode":"19128","requested_date":"2025-03-23","closed_date":"2025-12-11","expected_date":"2025-09-26","days_to_close":263,"closed_within_180_days":false,"closed_by_expected":false,"missed_expected":true,"feature_kind":"request"},"geometry":{"type":"Point","coordinates":[-75.21814236,40.0252649]}},{"type":"Feature","properties":{"id":"17495319","status":"Open","zipcode":"19131","requested_date":"2025-03-24","closed_date":null,"expected_date":"2025-09-26","days_to_close":null,"closed_within_180_days":false,"closed_by_expected":false,"missed_expected":true,"feature_kind":"request"},"geometry":{"type":"Point","coordinates":[-75.22443066,39.96882726]}},{"type":"Feature","properties":{"id":"17495746","status":"Closed","zipcode":"19131","requested_date":"2025-03-24","closed_date":"2025-03-26","expected_date":"2025-09-29","days_to_close":2.1,"closed_within_180_days":true,"closed_by_expected":true,"missed_expected":false,"feature_kind":"request"},"geometry":{"type":"Point","coordinates":[-75.20653187,40.00272567]}},{"type":"Feature","properties":{"id":"17496425","status":"Closed","zipcode":"19128","requested_date":"2025-03-24","closed_date":"2025-07-17","expected_date":"2025-09-29","days_to_close":114.9,"closed_within_180_days":true,"closed_by_expected":true,"missed_expected":false,"feature_kind":"request"},"geometry":{"type":"Point","coordinates":[-75.22312349,40.04299697]}},{"type":"Feature","properties":{"id":"17496539","status":"Open","zipcode":"19131","requested_date":"2025-03-24","closed_date":null,"expected_date":"2025-09-29","days_to_close":null,"closed_within_180_days":false,"closed_by_expected":false,"missed_expected":true,"feature_kind":"request"},"geometry":{"type":"Point","coordinates":[-75.22440294,39.98107396]}},{"type":"Feature","properties":{"id":"17497508","status":"Open","zipcode":"19131","requested_date":"2025-03-24","closed_date":null,"expected_date":"2025-09-29","days_to_close":null,"closed_within_180_days":false,"closed_by_expected":false,"missed_expected":true,"feature_kind":"request"},"geometry":{"type":"Point","coordinates":[-75.22309201,39.99088585]}},{"type":"Feature","properties":{"id":"17501030","status":"Closed","zipcode":"19128","requested_date":"2025-03-26","closed_date":"2025-08-04","expected_date":"2025-10-01","days_to_close":130.9,"closed_within_180_days":true,"closed_by_expected":true,"missed_expected":false,"feature_kind":"request"},"geometry":{"type":"Point","coordinates":[-75.2158726,40.03173707]}},{"type":"Feature","properties":{"id":"17501886","status":"Open","zipcode":"19131","requested_date":"2025-03-26","closed_date":null,"expected_date":"2025-10-01","days_to_close":null,"closed_within_180_days":false,"closed_by_expected":false,"missed_expected":true,"feature_kind":"request"},"geometry":{"type":"Point","coordinates":[-75.23446208,39.97057452]}},{"type":"Feature","properties":{"id":"17503713","status":"Open","zipcode":"19131","requested_date":"2025-03-27","closed_date":null,"expected_date":"2025-10-02","days_to_close":null,"closed_within_180_days":false,"closed_by_expected":false,"missed_expected":true,"feature_kind":"request"},"geometry":{"type":"Point","coordinates":[-75.20711247,40.00439757]}},{"type":"Feature","properties":{"id":"17503764","status":"Open","zipcode":"19131","requested_date":"2025-03-27","closed_date":null,"expected_date":"2025-10-02","days_to_close":null,"closed_within_180_days":false,"closed_by_expected":false,"missed_expected":true,"feature_kind":"request"},"geometry":{"type":"Point","coordinates":[-75.22976675,39.97144312]}},{"type":"Feature","properties":{"id":"17503765","status":"Open","zipcode":"19131","requested_date":"2025-03-27","closed_date":null,"expected_date":"2025-10-02","days_to_close":null,"closed_within_180_days":false,"closed_by_expected":false,"missed_expected":true,"feature_kind":"request"},"geometry":{"type":"Point","coordinates":[-75.2298554,39.9722142]}},{"type":"Feature","properties":{"id":"17503781","status":"Closed","zipcode":"19128","requested_date":"2025-03-27","closed_date":"2025-08-04","expected_date":"2025-10-02","days_to_close":129.9,"closed_within_180_days":true,"closed_by_expected":true,"missed_expected":false,"feature_kind":"request"},"geometry":{"type":"Point","coordinates":[-75.2004006,40.02459659]}},{"type":"Feature","properties":{"id":"17505074","status":"Open","zipcode":"19131","requested_date":"2025-03-27","closed_date":null,"expected_date":"2025-10-02","days_to_close":null,"closed_within_180_days":false,"closed_by_expected":false,"missed_expected":true,"feature_kind":"request"},"geometry":{"type":"Point","coordinates":[-75.23010022,39.98276633]}},{"type":"Feature","properties":{"id":"17505093","status":"Open","zipcode":"19131","requested_date":"2025-03-27","closed_date":null,"expected_date":"2025-10-02","days_to_close":null,"closed_within_180_days":false,"closed_by_expected":false,"missed_expected":true,"feature_kind":"request"},"geometry":{"type":"Point","coordinates":[-75.23035637,39.98273983]}},{"type":"Feature","properties":{"id":"17505109","status":"Open","zipcode":"19131","requested_date":"2025-03-27","closed_date":null,"expected_date":"2025-10-02","days_to_close":null,"closed_within_180_days":false,"closed_by_expected":false,"missed_expected":true,"feature_kind":"request"},"geometry":{"type":"Point","coordinates":[-75.2304592,39.98249108]}},{"type":"Feature","properties":{"id":"17505118","status":"Open","zipcode":"19131","requested_date":"2025-03-27","closed_date":null,"expected_date":"2025-10-02","days_to_close":null,"closed_within_180_days":false,"closed_by_expected":false,"missed_expected":true,"feature_kind":"request"},"geometry":{"type":"Point","coordinates":[-75.23016164,39.98275819]}},{"type":"Feature","properties":{"id":"17505247","status":"Closed","zipcode":"19131","requested_date":"2025-03-27","closed_date":"2025-06-04","expected_date":"2025-10-02","days_to_close":69,"closed_within_180_days":true,"closed_by_expected":true,"missed_expected":false,"feature_kind":"request"},"geometry":{"type":"Point","coordinates":[-75.23093599,39.97738728]}},{"type":"Feature","properties":{"id":"17505249","status":"Open","zipcode":"19131","requested_date":"2025-03-27","closed_date":null,"expected_date":"2025-10-02","days_to_close":null,"closed_within_180_days":false,"closed_by_expected":false,"missed_expected":true,"feature_kind":"request"},"geometry":{"type":"Point","coordinates":[-75.22049521,39.97490301]}},{"type":"Feature","properties":{"id":"17505670","status":"Closed","zipcode":"19128","requested_date":"2025-03-28","closed_date":"2025-08-04","expected_date":"2025-10-02","days_to_close":129,"closed_within_180_days":true,"closed_by_expected":true,"missed_expected":false,"feature_kind":"request"},"geometry":{"type":"Point","coordinates":[-75.21093781,40.03002338]}},{"type":"Feature","properties":{"id":"17505694","status":"Open","zipcode":"19128","requested_date":"2025-03-28","closed_date":null,"expected_date":"2025-10-02","days_to_close":null,"closed_within_180_days":false,"closed_by_expected":false,"missed_expected":true,"feature_kind":"request"},"geometry":{"type":"Point","coordinates":[-75.20433448,40.03064006]}},{"type":"Feature","properties":{"id":"17505701","status":"Closed","zipcode":"19128","requested_date":"2025-03-28","closed_date":"2025-08-04","expected_date":"2025-10-02","days_to_close":129,"closed_within_180_days":true,"closed_by_expected":true,"missed_expected":false,"feature_kind":"request"},"geometry":{"type":"Point","coordinates":[-75.22753653,40.03548763]}},{"type":"Feature","properties":{"id":"17505811","status":"Closed","zipcode":"19128","requested_date":"2025-03-28","closed_date":"2025-07-14","expected_date":"2025-10-03","days_to_close":108,"closed_within_180_days":true,"closed_by_expected":true,"missed_expected":false,"feature_kind":"request"},"geometry":{"type":"Point","coordinates":[-75.20433448,40.03064006]}},{"type":"Feature","properties":{"id":"17506550","status":"Open","zipcode":"19131","requested_date":"2025-03-28","closed_date":null,"expected_date":"2025-10-03","days_to_close":null,"closed_within_180_days":false,"closed_by_expected":false,"missed_expected":true,"feature_kind":"request"},"geometry":{"type":"Point","coordinates":[-75.22650459,39.97223333]}},{"type":"Feature","properties":{"id":"17507691","status":"Closed","zipcode":"19128","requested_date":"2025-03-29","closed_date":"2025-08-04","expected_date":"2025-10-03","days_to_close":128.4,"closed_within_180_days":true,"closed_by_expected":true,"missed_expected":false,"feature_kind":"request"},"geometry":{"type":"Point","coordinates":[-75.21155882,40.03017167]}},{"type":"Feature","properties":{"id":"17507984","status":"Closed","zipcode":"19128","requested_date":"2025-03-29","closed_date":"2025-08-04","expected_date":"2025-10-03","days_to_close":127.6,"closed_within_180_days":true,"closed_by_expected":true,"missed_expected":false,"feature_kind":"request"},"geometry":{"type":"Point","coordinates":[-75.20376043,40.01855143]}},{"type":"Feature","properties":{"id":"17508253","status":"Closed","zipcode":"19128","requested_date":"2025-03-30","closed_date":"2025-07-16","expected_date":"2025-10-03","days_to_close":108.1,"closed_within_180_days":true,"closed_by_expected":true,"missed_expected":false,"feature_kind":"request"},"geometry":{"type":"Point","coordinates":[-75.21825807,40.03353811]}},{"type":"Feature","properties":{"id":"17508270","status":"Closed","zipcode":"19128","requested_date":"2025-03-30","closed_date":"2025-10-09","expected_date":"2025-10-03","days_to_close":193,"closed_within_180_days":false,"closed_by_expected":false,"missed_expected":true,"feature_kind":"request"},"geometry":{"type":"Point","coordinates":[-75.23258991,40.06612726]}},{"type":"Feature","properties":{"id":"17508905","status":"Open","zipcode":"19131","requested_date":"2025-03-31","closed_date":null,"expected_date":"2025-10-06","days_to_close":null,"closed_within_180_days":false,"closed_by_expected":false,"missed_expected":true,"feature_kind":"request"},"geometry":{"type":"Point","coordinates":[-75.22274833,39.97221076]}},{"type":"Feature","properties":{"id":"17511560","status":"Closed","zipcode":"19128","requested_date":"2025-04-01","closed_date":"2025-07-14","expected_date":"2025-10-06","days_to_close":104.3,"closed_within_180_days":true,"closed_by_expected":true,"missed_expected":false,"feature_kind":"request"},"geometry":{"type":"Point","coordinates":[-75.20956921,40.03171005]}},{"type":"Feature","properties":{"id":"17511572","status":"Open","zipcode":"19128","requested_date":"2025-04-01","closed_date":null,"expected_date":"2025-10-06","days_to_close":null,"closed_within_180_days":false,"closed_by_expected":false,"missed_expected":true,"feature_kind":"request"},"geometry":{"type":"Point","coordinates":[-75.20956921,40.03171005]}},{"type":"Feature","properties":{"id":"17512124","status":"Open","zipcode":"19131","requested_date":"2025-04-01","closed_date":null,"expected_date":"2025-10-07","days_to_close":null,"closed_within_180_days":false,"closed_by_expected":false,"missed_expected":true,"feature_kind":"request"},"geometry":{"type":"Point","coordinates":[-75.22778347,39.98659329]}},{"type":"Feature","properties":{"id":"17513811","status":"Open","zipcode":"19131","requested_date":"2025-04-01","closed_date":null,"expected_date":"2025-10-07","days_to_close":null,"closed_within_180_days":false,"closed_by_expected":false,"missed_expected":true,"feature_kind":"request"},"geometry":{"type":"Point","coordinates":[-75.23123473,39.98750533]}},{"type":"Feature","properties":{"id":"17514635","status":"Closed","zipcode":"19131","requested_date":"2025-04-02","closed_date":"2025-06-12","expected_date":"2025-10-08","days_to_close":71.2,"closed_within_180_days":true,"closed_by_expected":true,"missed_expected":false,"feature_kind":"request"},"geometry":{"type":"Point","coordinates":[-75.2358624,39.98019933]}},{"type":"Feature","properties":{"id":"17514641","status":"Closed","zipcode":"19131","requested_date":"2025-04-02","closed_date":"2025-09-17","expected_date":"2025-10-08","days_to_close":168,"closed_within_180_days":true,"closed_by_expected":true,"missed_expected":false,"feature_kind":"request"},"geometry":{"type":"Point","coordinates":[-75.2358624,39.98019933]}},{"type":"Feature","properties":{"id":"17516471","status":"Open","zipcode":"19131","requested_date":"2025-04-03","closed_date":null,"expected_date":"2025-10-08","days_to_close":null,"closed_within_180_days":false,"closed_by_expected":false,"missed_expected":true,"feature_kind":"request"},"geometry":{"type":"Point","coordinates":[-75.22337202,39.97435864]}},{"type":"Feature","properties":{"id":"17516477","status":"Open","zipcode":"19131","requested_date":"2025-04-03","closed_date":null,"expected_date":"2025-10-08","days_to_close":null,"closed_within_180_days":false,"closed_by_expected":false,"missed_expected":true,"feature_kind":"request"},"geometry":{"type":"Point","coordinates":[-75.22337202,39.97435864]}},{"type":"Feature","properties":{"id":"17516942","status":"Open","zipcode":"19128","requested_date":"2025-04-03","closed_date":null,"expected_date":"2025-10-09","days_to_close":null,"closed_within_180_days":false,"closed_by_expected":false,"missed_expected":true,"feature_kind":"request"},"geometry":{"type":"Point","coordinates":[-75.20764656,40.01893849]}},{"type":"Feature","properties":{"id":"17518458","status":"Closed","zipcode":"19128","requested_date":"2025-04-03","closed_date":"2025-10-28","expected_date":"2025-10-09","days_to_close":207.9,"closed_within_180_days":false,"closed_by_expected":false,"missed_expected":true,"feature_kind":"request"},"geometry":{"type":"Point","coordinates":[-75.20409643,40.01858355]}},{"type":"Feature","properties":{"id":"17518741","status":"Closed","zipcode":"19131","requested_date":"2025-04-03","closed_date":"2025-06-06","expected_date":"2025-10-09","days_to_close":63.6,"closed_within_180_days":true,"closed_by_expected":true,"missed_expected":false,"feature_kind":"request"},"geometry":{"type":"Point","coordinates":[-75.22754608,39.98503652]}},{"type":"Feature","properties":{"id":"17519521","status":"Open","zipcode":"19131","requested_date":"2025-04-04","closed_date":null,"expected_date":"2025-10-10","days_to_close":null,"closed_within_180_days":false,"closed_by_expected":false,"missed_expected":true,"feature_kind":"request"},"geometry":{"type":"Point","coordinates":[-75.22581983,39.97072523]}},{"type":"Feature","properties":{"id":"17521073","status":"Open","zipcode":"19131","requested_date":"2025-04-04","closed_date":null,"expected_date":"2025-10-10","days_to_close":null,"closed_within_180_days":false,"closed_by_expected":false,"missed_expected":true,"feature_kind":"request"},"geometry":{"type":"Point","coordinates":[-75.23779513,39.97610415]}},{"type":"Feature","properties":{"id":"17521473","status":"Open","zipcode":"19131","requested_date":"2025-04-05","closed_date":null,"expected_date":"2025-10-10","days_to_close":null,"closed_within_180_days":false,"closed_by_expected":false,"missed_expected":true,"feature_kind":"request"},"geometry":{"type":"Point","coordinates":[-75.23535424,39.97335563]}},{"type":"Feature","properties":{"id":"17521476","status":"Open","zipcode":"19131","requested_date":"2025-04-05","closed_date":null,"expected_date":"2025-10-10","days_to_close":null,"closed_within_180_days":false,"closed_by_expected":false,"missed_expected":true,"feature_kind":"request"},"geometry":{"type":"Point","coordinates":[-75.23493719,39.97347725]}},{"type":"Feature","properties":{"id":"17521640","status":"Closed","zipcode":"19128","requested_date":"2025-04-05","closed_date":"2025-12-15","expected_date":"2025-10-10","days_to_close":253.8,"closed_within_180_days":false,"closed_by_expected":false,"missed_expected":true,"feature_kind":"request"},"geometry":{"type":"Point","coordinates":[-75.21023764,40.01749438]}},{"type":"Feature","properties":{"id":"17521940","status":"Open","zipcode":"19131","requested_date":"2025-04-06","closed_date":null,"expected_date":"2025-10-10","days_to_close":null,"closed_within_180_days":false,"closed_by_expected":false,"missed_expected":true,"feature_kind":"request"},"geometry":{"type":"Point","coordinates":[-75.22307615,39.9992035]}},{"type":"Feature","properties":{"id":"17522155","status":"Closed","zipcode":"19128","requested_date":"2025-04-07","closed_date":"2025-10-31","expected_date":"2025-10-10","days_to_close":207,"closed_within_180_days":false,"closed_by_expected":false,"missed_expected":true,"feature_kind":"request"},"geometry":{"type":"Point","coordinates":[-75.2041564,40.01744983]}},{"type":"Feature","properties":{"id":"17522156","status":"Closed","zipcode":"19128","requested_date":"2025-04-07","closed_date":"2025-10-31","expected_date":"2025-10-10","days_to_close":207,"closed_within_180_days":false,"closed_by_expected":false,"missed_expected":true,"feature_kind":"request"},"geometry":{"type":"Point","coordinates":[-75.2041564,40.01744983]}},{"type":"Feature","properties":{"id":"17522834","status":"Closed","zipcode":"19128","requested_date":"2025-04-07","closed_date":"2025-07-16","expected_date":"2025-10-13","days_to_close":100.2,"closed_within_180_days":true,"closed_by_expected":true,"missed_expected":false,"feature_kind":"request"},"geometry":{"type":"Point","coordinates":[-75.21825807,40.03353811]}},{"type":"Feature","properties":{"id":"17524067","status":"Open","zipcode":"19128","requested_date":"2025-04-07","closed_date":null,"expected_date":"2025-10-13","days_to_close":null,"closed_within_180_days":false,"closed_by_expected":false,"missed_expected":true,"feature_kind":"request"},"geometry":{"type":"Point","coordinates":[-75.20530017,40.02325127]}},{"type":"Feature","properties":{"id":"17524645","status":"Closed","zipcode":"19131","requested_date":"2025-04-08","closed_date":"2025-06-10","expected_date":"2025-10-13","days_to_close":63.2,"closed_within_180_days":true,"closed_by_expected":true,"missed_expected":false,"feature_kind":"request"},"geometry":{"type":"Point","coordinates":[-75.23255226,39.97492186]}},{"type":"Feature","properties":{"id":"17525944","status":"Open","zipcode":"19131","requested_date":"2025-04-08","closed_date":null,"expected_date":"2025-10-14","days_to_close":null,"closed_within_180_days":false,"closed_by_expected":false,"missed_expected":true,"feature_kind":"request"},"geometry":{"type":"Point","coordinates":[-75.22653987,39.98178909]}},{"type":"Feature","properties":{"id":"17526332","status":"Open","zipcode":"19131","requested_date":"2025-04-08","closed_date":null,"expected_date":"2025-10-14","days_to_close":null,"closed_within_180_days":false,"closed_by_expected":false,"missed_expected":true,"feature_kind":"request"},"geometry":{"type":"Point","coordinates":[-75.23535424,39.97335563]}},{"type":"Feature","properties":{"id":"17526344","status":"Open","zipcode":"19131","requested_date":"2025-04-08","closed_date":null,"expected_date":"2025-10-14","days_to_close":null,"closed_within_180_days":false,"closed_by_expected":false,"missed_expected":true,"feature_kind":"request"},"geometry":{"type":"Point","coordinates":[-75.23493719,39.97347725]}},{"type":"Feature","properties":{"id":"17526563","status":"Closed","zipcode":"19131","requested_date":"2025-04-08","closed_date":"2026-07-01","expected_date":"2025-10-17","days_to_close":448.7,"closed_within_180_days":false,"closed_by_expected":false,"missed_expected":true,"feature_kind":"request"},"geometry":{"type":"Point","coordinates":[-75.23151296,39.98424973]}},{"type":"Feature","properties":{"id":"17526656","status":"Open","zipcode":"19128","requested_date":"2025-04-08","closed_date":null,"expected_date":"2025-10-14","days_to_close":null,"closed_within_180_days":false,"closed_by_expected":false,"missed_expected":true,"feature_kind":"request"},"geometry":{"type":"Point","coordinates":[-75.20467368,40.03103463]}},{"type":"Feature","properties":{"id":"17526907","status":"Open","zipcode":"19131","requested_date":"2025-04-08","closed_date":null,"expected_date":"2025-10-14","days_to_close":null,"closed_within_180_days":false,"closed_by_expected":false,"missed_expected":true,"feature_kind":"request"},"geometry":{"type":"Point","coordinates":[-75.23123473,39.98750533]}},{"type":"Feature","properties":{"id":"17527381","status":"Open","zipcode":"19128","requested_date":"2025-04-09","closed_date":null,"expected_date":"2025-10-15","days_to_close":null,"closed_within_180_days":false,"closed_by_expected":false,"missed_expected":true,"feature_kind":"request"},"geometry":{"type":"Point","coordinates":[-75.20467368,40.03103463]}},{"type":"Feature","properties":{"id":"17528567","status":"Open","zipcode":"19131","requested_date":"2025-04-09","closed_date":null,"expected_date":"2025-10-15","days_to_close":null,"closed_within_180_days":false,"closed_by_expected":false,"missed_expected":true,"feature_kind":"request"},"geometry":{"type":"Point","coordinates":[-75.22025604,40.00163034]}},{"type":"Feature","properties":{"id":"17529040","status":"Closed","zipcode":"19128","requested_date":"2025-04-09","closed_date":"2025-07-17","expected_date":"2025-10-15","days_to_close":98.9,"closed_within_180_days":true,"closed_by_expected":true,"missed_expected":false,"feature_kind":"request"},"geometry":{"type":"Point","coordinates":[-75.20950683,40.03170405]}},{"type":"Feature","properties":{"id":"17529218","status":"Closed","zipcode":"19128","requested_date":"2025-04-09","closed_date":"2025-07-16","expected_date":"2025-10-15","days_to_close":98,"closed_within_180_days":true,"closed_by_expected":true,"missed_expected":false,"feature_kind":"request"},"geometry":{"type":"Point","coordinates":[-75.21825807,40.03353811]}},{"type":"Feature","properties":{"id":"17529540","status":"Open","zipcode":"19131","requested_date":"2025-04-10","closed_date":null,"expected_date":"2025-10-15","days_to_close":null,"closed_within_180_days":false,"closed_by_expected":false,"missed_expected":true,"feature_kind":"request"},"geometry":{"type":"Point","coordinates":[-75.2315606,39.969756]}},{"type":"Feature","properties":{"id":"17529888","status":"Closed","zipcode":"19128","requested_date":"2025-04-10","closed_date":"2025-07-17","expected_date":"2025-10-16","days_to_close":98.3,"closed_within_180_days":true,"closed_by_expected":true,"missed_expected":false,"feature_kind":"request"},"geometry":{"type":"Point","coordinates":[-75.22974899,40.04792652]}},{"type":"Feature","properties":{"id":"17531068","status":"Closed","zipcode":"19131","requested_date":"2025-04-10","closed_date":"2025-06-12","expected_date":"2025-10-16","days_to_close":63.1,"closed_within_180_days":true,"closed_by_expected":true,"missed_expected":false,"feature_kind":"request"},"geometry":{"type":"Point","coordinates":[-75.23588931,39.98042547]}},{"type":"Feature","properties":{"id":"17531078","status":"Closed","zipcode":"19131","requested_date":"2025-04-10","closed_date":"2026-07-27","expected_date":"2025-10-20","days_to_close":472.8,"closed_within_180_days":false,"closed_by_expected":false,"missed_expected":true,"feature_kind":"request"},"geometry":{"type":"Point","coordinates":[-75.23619704,39.98023359]}},{"type":"Feature","properties":{"id":"17532017","status":"Closed","zipcode":"19128","requested_date":"2025-04-11","closed_date":"2025-07-16","expected_date":"2025-10-16","days_to_close":96.8,"closed_within_180_days":true,"closed_by_expected":true,"missed_expected":false,"feature_kind":"request"},"geometry":{"type":"Point","coordinates":[-75.21824766,40.03342846]}},{"type":"Feature","properties":{"id":"17532762","status":"Open","zipcode":"19131","requested_date":"2025-04-11","closed_date":null,"expected_date":"2025-10-17","days_to_close":null,"closed_within_180_days":false,"closed_by_expected":false,"missed_expected":true,"feature_kind":"request"},"geometry":{"type":"Point","coordinates":[-75.21775614,39.969136]}},{"type":"Feature","properties":{"id":"17533763","status":"Open","zipcode":"19131","requested_date":"2025-04-11","closed_date":null,"expected_date":"2025-10-17","days_to_close":null,"closed_within_180_days":false,"closed_by_expected":false,"missed_expected":true,"feature_kind":"request"},"geometry":{"type":"Point","coordinates":[-75.23444015,39.96852777]}},{"type":"Feature","properties":{"id":"17533770","status":"Open","zipcode":"19131","requested_date":"2025-04-11","closed_date":null,"expected_date":"2025-10-17","days_to_close":null,"closed_within_180_days":false,"closed_by_expected":false,"missed_expected":true,"feature_kind":"request"},"geometry":{"type":"Point","coordinates":[-75.23444015,39.96852777]}},{"type":"Feature","properties":{"id":"17533777","status":"Open","zipcode":"19131","requested_date":"2025-04-11","closed_date":null,"expected_date":"2025-10-17","days_to_close":null,"closed_within_180_days":false,"closed_by_expected":false,"missed_expected":true,"feature_kind":"request"},"geometry":{"type":"Point","coordinates":[-75.23444015,39.96852777]}},{"type":"Feature","properties":{"id":"17533780","status":"Open","zipcode":"19131","requested_date":"2025-04-11","closed_date":null,"expected_date":"2025-10-17","days_to_close":null,"closed_within_180_days":false,"closed_by_expected":false,"missed_expected":true,"feature_kind":"request"},"geometry":{"type":"Point","coordinates":[-75.23444015,39.96852777]}},{"type":"Feature","properties":{"id":"17534072","status":"Closed","zipcode":"19131","requested_date":"2025-04-11","closed_date":"2025-06-06","expected_date":"2025-10-17","days_to_close":55.5,"closed_within_180_days":true,"closed_by_expected":true,"missed_expected":false,"feature_kind":"request"},"geometry":{"type":"Point","coordinates":[-75.22754608,39.98503652]}},{"type":"Feature","properties":{"id":"17534917","status":"Open","zipcode":"19131","requested_date":"2025-04-13","closed_date":null,"expected_date":"2025-10-17","days_to_close":null,"closed_within_180_days":false,"closed_by_expected":false,"missed_expected":true,"feature_kind":"request"},"geometry":{"type":"Point","coordinates":[-75.22686825,39.99560455]}},{"type":"Feature","properties":{"id":"17535116","status":"Open","zipcode":"19131","requested_date":"2025-04-14","closed_date":null,"expected_date":"2025-10-17","days_to_close":null,"closed_within_180_days":false,"closed_by_expected":false,"missed_expected":true,"feature_kind":"request"},"geometry":{"type":"Point","coordinates":[-75.22444816,39.97376349]}},{"type":"Feature","properties":{"id":"17535122","status":"Open","zipcode":"19131","requested_date":"2025-04-14","closed_date":null,"expected_date":"2025-10-17","days_to_close":null,"closed_within_180_days":false,"closed_by_expected":false,"missed_expected":true,"feature_kind":"request"},"geometry":{"type":"Point","coordinates":[-75.22444816,39.97376349]}},{"type":"Feature","properties":{"id":"17535880","status":"Open","zipcode":"19128","requested_date":"2025-04-14","closed_date":null,"expected_date":"2025-10-20","days_to_close":null,"closed_within_180_days":false,"closed_by_expected":false,"missed_expected":true,"feature_kind":"request"},"geometry":{"type":"Point","coordinates":[-75.21410297,40.03432617]}},{"type":"Feature","properties":{"id":"17536541","status":"Open","zipcode":"19131","requested_date":"2025-04-14","closed_date":null,"expected_date":"2025-10-20","days_to_close":null,"closed_within_180_days":false,"closed_by_expected":false,"missed_expected":true,"feature_kind":"request"},"geometry":{"type":"Point","coordinates":[-75.2201126,39.96906852]}},{"type":"Feature","properties":{"id":"17536740","status":"Open","zipcode":"19131","requested_date":"2025-04-14","closed_date":null,"expected_date":"2025-10-20","days_to_close":null,"closed_within_180_days":false,"closed_by_expected":false,"missed_expected":true,"feature_kind":"request"},"geometry":{"type":"Point","coordinates":[-75.22629385,39.97020201]}},{"type":"Feature","properties":{"id":"17537243","status":"Closed","zipcode":"19131","requested_date":"2025-04-14","closed_date":"2026-01-08","expected_date":"2025-10-22","days_to_close":269,"closed_within_180_days":false,"closed_by_expected":false,"missed_expected":true,"feature_kind":"request"},"geometry":{"type":"Point","coordinates":[-75.23455497,39.98800057]}},{"type":"Feature","properties":{"id":"17537887","status":"Open","zipcode":"19131","requested_date":"2025-04-14","closed_date":null,"expected_date":"2025-10-20","days_to_close":null,"closed_within_180_days":false,"closed_by_expected":false,"missed_expected":true,"feature_kind":"request"},"geometry":{"type":"Point","coordinates":[-75.23493719,39.97347725]}},{"type":"Feature","properties":{"id":"17540116","status":"Closed","zipcode":"19131","requested_date":"2025-04-15","closed_date":"2026-07-02","expected_date":"2025-10-23","days_to_close":442.9,"closed_within_180_days":false,"closed_by_expected":false,"missed_expected":true,"feature_kind":"request"},"geometry":{"type":"Point","coordinates":[-75.23465396,39.98786523]}},{"type":"Feature","properties":{"id":"17540129","status":"Closed","zipcode":"19131","requested_date":"2025-04-15","closed_date":"2026-07-07","expected_date":"2025-10-23","days_to_close":447.9,"closed_within_180_days":false,"closed_by_expected":false,"missed_expected":true,"feature_kind":"request"},"geometry":{"type":"Point","coordinates":[-75.23521994,39.9882739]}},{"type":"Feature","properties":{"id":"17540148","status":"Closed","zipcode":"19131","requested_date":"2025-04-15","closed_date":"2026-07-02","expected_date":"2025-10-23","days_to_close":442.9,"closed_within_180_days":false,"closed_by_expected":false,"missed_expected":true,"feature_kind":"request"},"geometry":{"type":"Point","coordinates":[-75.234942,39.98838285]}},{"type":"Feature","properties":{"id":"17540251","status":"Closed","zipcode":"19131","requested_date":"2025-04-15","closed_date":"2026-07-07","expected_date":"2025-10-23","days_to_close":447.9,"closed_within_180_days":false,"closed_by_expected":false,"missed_expected":true,"feature_kind":"request"},"geometry":{"type":"Point","coordinates":[-75.23314137,39.97988161]}},{"type":"Feature","properties":{"id":"17541741","status":"Open","zipcode":"19131","requested_date":"2025-04-15","closed_date":null,"expected_date":"2025-10-21","days_to_close":null,"closed_within_180_days":false,"closed_by_expected":false,"missed_expected":true,"feature_kind":"request"},"geometry":{"type":"Point","coordinates":[-75.23493719,39.97347725]}},{"type":"Feature","properties":{"id":"17541747","status":"Open","zipcode":"19131","requested_date":"2025-04-15","closed_date":null,"expected_date":"2025-10-21","days_to_close":null,"closed_within_180_days":false,"closed_by_expected":false,"missed_expected":true,"feature_kind":"request"},"geometry":{"type":"Point","coordinates":[-75.23535424,39.97335563]}},{"type":"Feature","properties":{"id":"17541796","status":"Open","zipcode":"19131","requested_date":"2025-04-15","closed_date":null,"expected_date":"2025-10-21","days_to_close":null,"closed_within_180_days":false,"closed_by_expected":false,"missed_expected":true,"feature_kind":"request"},"geometry":{"type":"Point","coordinates":[-75.23493719,39.97347725]}},{"type":"Feature","properties":{"id":"17541825","status":"Closed","zipcode":"19131","requested_date":"2025-04-15","closed_date":"2025-06-10","expected_date":"2025-10-21","days_to_close":55.8,"closed_within_180_days":true,"closed_by_expected":true,"missed_expected":false,"feature_kind":"request"},"geometry":{"type":"Point","coordinates":[-75.23767185,39.97478364]}},{"type":"Feature","properties":{"id":"17542607","status":"Open","zipcode":"19131","requested_date":"2025-04-15","closed_date":null,"expected_date":"2025-10-21","days_to_close":null,"closed_within_180_days":false,"closed_by_expected":false,"missed_expected":true,"feature_kind":"request"},"geometry":{"type":"Point","coordinates":[-75.23779513,39.97610415]}},{"type":"Feature","properties":{"id":"17544252","status":"Open","zipcode":"19128","requested_date":"2025-04-16","closed_date":null,"expected_date":"2025-10-22","days_to_close":null,"closed_within_180_days":false,"closed_by_expected":false,"missed_expected":true,"feature_kind":"request"},"geometry":{"type":"Point","coordinates":[-75.2189847,40.03219634]}},{"type":"Feature","properties":{"id":"17545192","status":"Closed","zipcode":"19131","requested_date":"2025-04-16","closed_date":"2026-07-17","expected_date":"2025-10-24","days_to_close":456.8,"closed_within_180_days":false,"closed_by_expected":false,"missed_expected":true,"feature_kind":"request"},"geometry":{"type":"Point","coordinates":[-75.23444184,39.97729042]}},{"type":"Feature","properties":{"id":"17545199","status":"Closed","zipcode":"19131","requested_date":"2025-04-16","closed_date":"2026-07-14","expected_date":"2025-10-24","days_to_close":453.8,"closed_within_180_days":false,"closed_by_expected":false,"missed_expected":true,"feature_kind":"request"},"geometry":{"type":"Point","coordinates":[-75.23486607,39.97724034]}},{"type":"Feature","properties":{"id":"17546711","status":"Open","zipcode":"19131","requested_date":"2025-04-17","closed_date":null,"expected_date":"2025-10-22","days_to_close":null,"closed_within_180_days":false,"closed_by_expected":false,"missed_expected":true,"feature_kind":"request"},"geometry":{"type":"Point","coordinates":[-75.22385657,39.97674857]}},{"type":"Feature","properties":{"id":"17547216","status":"Closed","zipcode":"19131","requested_date":"2025-04-17","closed_date":"2025-06-04","expected_date":"2025-10-23","days_to_close":48.1,"closed_within_180_days":true,"closed_by_expected":true,"missed_expected":false,"feature_kind":"request"},"geometry":{"type":"Point","coordinates":[-75.23565978,39.9773333]}},{"type":"Feature","properties":{"id":"17547772","status":"Closed","zipcode":"19128","requested_date":"2025-04-17","closed_date":"2025-12-12","expected_date":"2025-10-23","days_to_close":239,"closed_within_180_days":false,"closed_by_expected":false,"missed_expected":true,"feature_kind":"request"},"geometry":{"type":"Point","coordinates":[-75.21040744,40.02919103]}},{"type":"Feature","properties":{"id":"17548079","status":"Open","zipcode":"19128","requested_date":"2025-04-17","closed_date":null,"expected_date":"2025-10-23","days_to_close":null,"closed_within_180_days":false,"closed_by_expected":false,"missed_expected":true,"feature_kind":"request"},"geometry":{"type":"Point","coordinates":[-75.21201565,40.02411348]}},{"type":"Feature","properties":{"id":"17549365","status":"Closed","zipcode":"19131","requested_date":"2025-04-19","closed_date":"2025-10-31","expected_date":"2025-10-24","days_to_close":194.3,"closed_within_180_days":false,"closed_by_expected":false,"missed_expected":true,"feature_kind":"request"},"geometry":{"type":"Point","coordinates":[-75.21045525,39.99919626]}},{"type":"Feature","properties":{"id":"17550293","status":"Open","zipcode":"19131","requested_date":"2025-04-21","closed_date":null,"expected_date":"2025-10-27","days_to_close":null,"closed_within_180_days":false,"closed_by_expected":false,"missed_expected":true,"feature_kind":"request"},"geometry":{"type":"Point","coordinates":[-75.23144298,39.97442931]}},{"type":"Feature","properties":{"id":"17550314","status":"Open","zipcode":"19131","requested_date":"2025-04-21","closed_date":null,"expected_date":"2025-10-27","days_to_close":null,"closed_within_180_days":false,"closed_by_expected":false,"missed_expected":true,"feature_kind":"request"},"geometry":{"type":"Point","coordinates":[-75.23124519,39.97471966]}},{"type":"Feature","properties":{"id":"17552248","status":"Open","zipcode":"19131","requested_date":"2025-04-21","closed_date":null,"expected_date":"2025-10-27","days_to_close":null,"closed_within_180_days":false,"closed_by_expected":false,"missed_expected":true,"feature_kind":"request"},"geometry":{"type":"Point","coordinates":[-75.23288373,39.97175949]}},{"type":"Feature","properties":{"id":"17553692","status":"Open","zipcode":"19131","requested_date":"2025-04-22","closed_date":null,"expected_date":"2025-10-28","days_to_close":null,"closed_within_180_days":false,"closed_by_expected":false,"missed_expected":true,"feature_kind":"request"},"geometry":{"type":"Point","coordinates":[-75.23481904,39.97303392]}},{"type":"Feature","properties":{"id":"17553795","status":"Open","zipcode":"19131","requested_date":"2025-04-22","closed_date":null,"expected_date":"2025-10-28","days_to_close":null,"closed_within_180_days":false,"closed_by_expected":false,"missed_expected":true,"feature_kind":"request"},"geometry":{"type":"Point","coordinates":[-75.23463735,39.96905503]}},{"type":"Feature","properties":{"id":"17554492","status":"Closed","zipcode":"19128","requested_date":"2025-04-22","closed_date":"2025-07-17","expected_date":"2025-10-28","days_to_close":86.1,"closed_within_180_days":true,"closed_by_expected":true,"missed_expected":false,"feature_kind":"request"},"geometry":{"type":"Point","coordinates":[-75.23135176,40.06710495]}},{"type":"Feature","properties":{"id":"17555223","status":"Open","zipcode":"19131","requested_date":"2025-04-23","closed_date":null,"expected_date":"2025-10-28","days_to_close":null,"closed_within_180_days":false,"closed_by_expected":false,"missed_expected":true,"feature_kind":"request"},"geometry":{"type":"Point","coordinates":[-75.22569976,39.98073803]}},{"type":"Feature","properties":{"id":"17555499","status":"Open","zipcode":"19131","requested_date":"2025-04-23","closed_date":null,"expected_date":"2025-10-28","days_to_close":null,"closed_within_180_days":false,"closed_by_expected":false,"missed_expected":true,"feature_kind":"request"},"geometry":{"type":"Point","coordinates":[-75.23159204,39.97245874]}},{"type":"Feature","properties":{"id":"17557525","status":"Closed","zipcode":"19131","requested_date":"2025-04-23","closed_date":"2026-07-17","expected_date":"2025-11-03","days_to_close":449.7,"closed_within_180_days":false,"closed_by_expected":false,"missed_expected":true,"feature_kind":"request"},"geometry":{"type":"Point","coordinates":[-75.23727376,39.9785144]}},{"type":"Feature","properties":{"id":"17557590","status":"Open","zipcode":"19131","requested_date":"2025-04-23","closed_date":null,"expected_date":"2025-10-29","days_to_close":null,"closed_within_180_days":false,"closed_by_expected":false,"missed_expected":true,"feature_kind":"request"},"geometry":{"type":"Point","coordinates":[-75.22241064,40.00202801]}},{"type":"Feature","properties":{"id":"17557609","status":"Open","zipcode":"19131","requested_date":"2025-04-23","closed_date":null,"expected_date":"2025-10-29","days_to_close":null,"closed_within_180_days":false,"closed_by_expected":false,"missed_expected":true,"feature_kind":"request"},"geometry":{"type":"Point","coordinates":[-75.22198177,40.0002757]}},{"type":"Feature","properties":{"id":"17557734","status":"Closed","zipcode":"19131","requested_date":"2025-04-23","closed_date":"2025-06-11","expected_date":"2025-10-29","days_to_close":48.6,"closed_within_180_days":true,"closed_by_expected":true,"missed_expected":false,"feature_kind":"request"},"geometry":{"type":"Point","coordinates":[-75.2317138,39.97564087]}},{"type":"Feature","properties":{"id":"17558531","status":"Open","zipcode":"19131","requested_date":"2025-04-24","closed_date":null,"expected_date":"2025-10-30","days_to_close":null,"closed_within_180_days":false,"closed_by_expected":false,"missed_expected":true,"feature_kind":"request"},"geometry":{"type":"Point","coordinates":[-75.22576617,39.98078194]}},{"type":"Feature","properties":{"id":"17560172","status":"Closed","zipcode":"19128","requested_date":"2025-04-24","closed_date":"2025-07-07","expected_date":"2025-10-30","days_to_close":73.7,"closed_within_180_days":true,"closed_by_expected":true,"missed_expected":false,"feature_kind":"request"},"geometry":{"type":"Point","coordinates":[-75.22072257,40.03409575]}},{"type":"Feature","properties":{"id":"17560314","status":"Open","zipcode":"19128","requested_date":"2025-04-24","closed_date":null,"expected_date":"2025-10-30","days_to_close":null,"closed_within_180_days":false,"closed_by_expected":false,"missed_expected":true,"feature_kind":"request"},"geometry":{"type":"Point","coordinates":[-75.20810229,40.03215894]}},{"type":"Feature","properties":{"id":"17560467","status":"Closed","zipcode":"19128","requested_date":"2025-04-25","closed_date":"2025-10-09","expected_date":"2025-10-30","days_to_close":167.8,"closed_within_180_days":true,"closed_by_expected":true,"missed_expected":false,"feature_kind":"request"},"geometry":{"type":"Point","coordinates":[-75.23258991,40.06612726]}},{"type":"Feature","properties":{"id":"17561762","status":"Open","zipcode":"19131","requested_date":"2025-04-25","closed_date":null,"expected_date":"2025-10-31","days_to_close":null,"closed_within_180_days":false,"closed_by_expected":false,"missed_expected":true,"feature_kind":"request"},"geometry":{"type":"Point","coordinates":[-75.22896496,39.98468727]}},{"type":"Feature","properties":{"id":"17563253","status":"Closed","zipcode":"19128","requested_date":"2025-04-27","closed_date":"2025-07-17","expected_date":"2025-10-31","days_to_close":81.1,"closed_within_180_days":true,"closed_by_expected":true,"missed_expected":false,"feature_kind":"request"},"geometry":{"type":"Point","coordinates":[-75.22215273,40.03505258]}},{"type":"Feature","properties":{"id":"17563730","status":"Closed","zipcode":"19128","requested_date":"2025-04-28","closed_date":"2025-07-17","expected_date":"2025-10-31","days_to_close":80.2,"closed_within_180_days":true,"closed_by_expected":true,"missed_expected":false,"feature_kind":"request"},"geometry":{"type":"Point","coordinates":[-75.20950683,40.03170405]}},{"type":"Feature","properties":{"id":"17563928","status":"Closed","zipcode":"19128","requested_date":"2025-04-28","closed_date":"2025-06-12","expected_date":"2025-11-03","days_to_close":44.9,"closed_within_180_days":true,"closed_by_expected":true,"missed_expected":false,"feature_kind":"request"},"geometry":{"type":"Point","coordinates":[-75.2204993,40.03303831]}},{"type":"Feature","properties":{"id":"17564565","status":"Closed","zipcode":"19128","requested_date":"2025-04-28","closed_date":"2025-07-17","expected_date":"2025-11-03","days_to_close":80,"closed_within_180_days":true,"closed_by_expected":true,"missed_expected":false,"feature_kind":"request"},"geometry":{"type":"Point","coordinates":[-75.22182109,40.03919418]}},{"type":"Feature","properties":{"id":"17564578","status":"Open","zipcode":"19131","requested_date":"2025-04-28","closed_date":null,"expected_date":"2025-11-03","days_to_close":null,"closed_within_180_days":false,"closed_by_expected":false,"missed_expected":true,"feature_kind":"request"},"geometry":{"type":"Point","coordinates":[-75.22629385,39.97020201]}},{"type":"Feature","properties":{"id":"17564898","status":"Open","zipcode":"19131","requested_date":"2025-04-28","closed_date":null,"expected_date":"2025-11-03","days_to_close":null,"closed_within_180_days":false,"closed_by_expected":false,"missed_expected":true,"feature_kind":"request"},"geometry":{"type":"Point","coordinates":[-75.20326881,40.00198852]}},{"type":"Feature","properties":{"id":"17565838","status":"Open","zipcode":"19131","requested_date":"2025-04-28","closed_date":null,"expected_date":"2025-11-03","days_to_close":null,"closed_within_180_days":false,"closed_by_expected":false,"missed_expected":true,"feature_kind":"request"},"geometry":{"type":"Point","coordinates":[-75.22758182,39.97255312]}},{"type":"Feature","properties":{"id":"17566761","status":"Closed","zipcode":"19128","requested_date":"2025-04-29","closed_date":"2025-07-17","expected_date":"2025-11-04","days_to_close":79.2,"closed_within_180_days":true,"closed_by_expected":true,"missed_expected":false,"feature_kind":"request"},"geometry":{"type":"Point","coordinates":[-75.23459209,40.05429135]}},{"type":"Feature","properties":{"id":"17567360","status":"Open","zipcode":"19131","requested_date":"2025-04-29","closed_date":null,"expected_date":"2025-11-04","days_to_close":null,"closed_within_180_days":false,"closed_by_expected":false,"missed_expected":true,"feature_kind":"request"},"geometry":{"type":"Point","coordinates":[-75.22000506,39.9692028]}},{"type":"Feature","properties":{"id":"17567364","status":"Open","zipcode":"19131","requested_date":"2025-04-29","closed_date":null,"expected_date":"2025-11-04","days_to_close":null,"closed_within_180_days":false,"closed_by_expected":false,"missed_expected":true,"feature_kind":"request"},"geometry":{"type":"Point","coordinates":[-75.22001042,39.96924684]}},{"type":"Feature","properties":{"id":"17567675","status":"Closed","zipcode":"19128","requested_date":"2025-04-29","closed_date":"2025-10-31","expected_date":"2025-11-04","days_to_close":184.6,"closed_within_180_days":false,"closed_by_expected":true,"missed_expected":false,"feature_kind":"request"},"geometry":{"type":"Point","coordinates":[-75.21260331,40.02379956]}},{"type":"Feature","properties":{"id":"17568733","status":"Closed","zipcode":"19128","requested_date":"2025-04-30","closed_date":"2025-07-17","expected_date":"2025-11-04","days_to_close":78.4,"closed_within_180_days":true,"closed_by_expected":true,"missed_expected":false,"feature_kind":"request"},"geometry":{"type":"Point","coordinates":[-75.22649656,40.03994912]}},{"type":"Feature","properties":{"id":"17568944","status":"Closed","zipcode":"19128","requested_date":"2025-04-30","closed_date":"2025-07-17","expected_date":"2025-11-05","days_to_close":78.3,"closed_within_180_days":true,"closed_by_expected":true,"missed_expected":false,"feature_kind":"request"},"geometry":{"type":"Point","coordinates":[-75.22210643,40.03507257]}},{"type":"Feature","properties":{"id":"17569030","status":"Open","zipcode":"19131","requested_date":"2025-04-30","closed_date":null,"expected_date":"2025-11-05","days_to_close":null,"closed_within_180_days":false,"closed_by_expected":false,"missed_expected":true,"feature_kind":"request"},"geometry":{"type":"Point","coordinates":[-75.23035637,39.98273983]}},{"type":"Feature","properties":{"id":"17569129","status":"Open","zipcode":"19131","requested_date":"2025-04-30","closed_date":null,"expected_date":"2025-11-05","days_to_close":null,"closed_within_180_days":false,"closed_by_expected":false,"missed_expected":true,"feature_kind":"request"},"geometry":{"type":"Point","coordinates":[-75.22715555,39.97407641]}},{"type":"Feature","properties":{"id":"17569130","status":"Open","zipcode":"19131","requested_date":"2025-04-30","closed_date":null,"expected_date":"2025-11-05","days_to_close":null,"closed_within_180_days":false,"closed_by_expected":false,"missed_expected":true,"feature_kind":"request"},"geometry":{"type":"Point","coordinates":[-75.23023651,39.98282699]}},{"type":"Feature","properties":{"id":"17569466","status":"Open","zipcode":"19131","requested_date":"2025-04-30","closed_date":null,"expected_date":"2025-11-05","days_to_close":null,"closed_within_180_days":false,"closed_by_expected":false,"missed_expected":true,"feature_kind":"request"},"geometry":{"type":"Point","coordinates":[-75.23032994,39.98880337]}},{"type":"Feature","properties":{"id":"17570330","status":"Open","zipcode":"19128","requested_date":"2025-04-30","closed_date":null,"expected_date":"2025-11-05","days_to_close":null,"closed_within_180_days":false,"closed_by_expected":false,"missed_expected":true,"feature_kind":"request"},"geometry":{"type":"Point","coordinates":[-75.20950683,40.03170405]}},{"type":"Feature","properties":{"id":"17570671","status":"Closed","zipcode":"19131","requested_date":"2025-04-30","closed_date":"2025-08-28","expected_date":"2025-11-05","days_to_close":119.9,"closed_within_180_days":true,"closed_by_expected":true,"missed_expected":false,"feature_kind":"request"},"geometry":{"type":"Point","coordinates":[-75.22630137,39.97070529]}},{"type":"Feature","properties":{"id":"17570906","status":"Closed","zipcode":"19131","requested_date":"2025-04-30","closed_date":"2025-06-10","expected_date":"2025-11-05","days_to_close":40.8,"closed_within_180_days":true,"closed_by_expected":true,"missed_expected":false,"feature_kind":"request"},"geometry":{"type":"Point","coordinates":[-75.23767185,39.97478364]}},{"type":"Feature","properties":{"id":"17571533","status":"Closed","zipcode":"19128","requested_date":"2025-05-01","closed_date":"2025-07-17","expected_date":"2025-11-06","days_to_close":77.1,"closed_within_180_days":true,"closed_by_expected":true,"missed_expected":false,"feature_kind":"request"},"geometry":{"type":"Point","coordinates":[-75.22481579,40.04200647]}},{"type":"Feature","properties":{"id":"17571775","status":"Closed","zipcode":"19131","requested_date":"2025-05-01","closed_date":"2026-01-15","expected_date":"2025-11-10","days_to_close":259.2,"closed_within_180_days":false,"closed_by_expected":false,"missed_expected":true,"feature_kind":"request"},"geometry":{"type":"Point","coordinates":[-75.22047017,40.00208537]}},{"type":"Feature","properties":{"id":"17571950","status":"Closed","zipcode":"19131","requested_date":"2025-05-01","closed_date":"2025-10-31","expected_date":"2025-11-06","days_to_close":182.9,"closed_within_180_days":false,"closed_by_expected":true,"missed_expected":false,"feature_kind":"request"},"geometry":{"type":"Point","coordinates":[-75.23261515,39.98326707]}},{"type":"Feature","properties":{"id":"17572009","status":"Open","zipcode":"19131","requested_date":"2025-05-01","closed_date":null,"expected_date":"2025-11-06","days_to_close":null,"closed_within_180_days":false,"closed_by_expected":false,"missed_expected":true,"feature_kind":"request"},"geometry":{"type":"Point","coordinates":[-75.22832858,39.98275557]}},{"type":"Feature","properties":{"id":"17572284","status":"Closed","zipcode":"19128","requested_date":"2025-05-01","closed_date":"2025-07-17","expected_date":"2025-11-06","days_to_close":76.9,"closed_within_180_days":true,"closed_by_expected":true,"missed_expected":false,"feature_kind":"request"},"geometry":{"type":"Point","coordinates":[-75.22584815,40.03429099]}},{"type":"Feature","properties":{"id":"17572981","status":"Closed","zipcode":"19128","requested_date":"2025-05-01","closed_date":"2025-07-17","expected_date":"2025-11-06","days_to_close":76.8,"closed_within_180_days":true,"closed_by_expected":true,"missed_expected":false,"feature_kind":"request"},"geometry":{"type":"Point","coordinates":[-75.23949541,40.06210956]}},{"type":"Feature","properties":{"id":"17572982","status":"Closed","zipcode":"19131","requested_date":"2025-05-01","closed_date":"2025-10-31","expected_date":"2025-11-06","days_to_close":182.8,"closed_within_180_days":false,"closed_by_expected":true,"missed_expected":false,"feature_kind":"request"},"geometry":{"type":"Point","coordinates":[-75.22994629,39.97048889]}},{"type":"Feature","properties":{"id":"17572989","status":"Closed","zipcode":"19131","requested_date":"2025-05-01","closed_date":"2025-10-31","expected_date":"2025-11-06","days_to_close":182.7,"closed_within_180_days":false,"closed_by_expected":true,"missed_expected":false,"feature_kind":"request"},"geometry":{"type":"Point","coordinates":[-75.22993952,39.97044682]}},{"type":"Feature","properties":{"id":"17572991","status":"Closed","zipcode":"19128","requested_date":"2025-05-01","closed_date":"2025-07-17","expected_date":"2025-11-06","days_to_close":76.8,"closed_within_180_days":true,"closed_by_expected":true,"missed_expected":false,"feature_kind":"request"},"geometry":{"type":"Point","coordinates":[-75.23949541,40.06210956]}},{"type":"Feature","properties":{"id":"17573000","status":"Closed","zipcode":"19131","requested_date":"2025-05-01","closed_date":"2025-10-31","expected_date":"2025-11-06","days_to_close":182.7,"closed_within_180_days":false,"closed_by_expected":true,"missed_expected":false,"feature_kind":"request"},"geometry":{"type":"Point","coordinates":[-75.22985216,39.97038531]}},{"type":"Feature","properties":{"id":"17573006","status":"Closed","zipcode":"19131","requested_date":"2025-05-01","closed_date":"2025-10-31","expected_date":"2025-11-06","days_to_close":182.7,"closed_within_180_days":false,"closed_by_expected":true,"missed_expected":false,"feature_kind":"request"},"geometry":{"type":"Point","coordinates":[-75.22985216,39.97038531]}},{"type":"Feature","properties":{"id":"17573155","status":"Open","zipcode":"19131","requested_date":"2025-05-01","closed_date":null,"expected_date":"2025-11-06","days_to_close":null,"closed_within_180_days":false,"closed_by_expected":false,"missed_expected":true,"feature_kind":"request"},"geometry":{"type":"Point","coordinates":[-75.21764724,39.96927052]}},{"type":"Feature","properties":{"id":"17573157","status":"Closed","zipcode":"19131","requested_date":"2025-05-01","closed_date":"2025-10-28","expected_date":"2025-11-06","days_to_close":179.7,"closed_within_180_days":true,"closed_by_expected":true,"missed_expected":false,"feature_kind":"request"},"geometry":{"type":"Point","coordinates":[-75.23128683,39.97349581]}},{"type":"Feature","properties":{"id":"17573171","status":"Open","zipcode":"19131","requested_date":"2025-05-01","closed_date":null,"expected_date":"2025-11-06","days_to_close":null,"closed_within_180_days":false,"closed_by_expected":false,"missed_expected":true,"feature_kind":"request"},"geometry":{"type":"Point","coordinates":[-75.21770631,39.96972644]}},{"type":"Feature","properties":{"id":"17573639","status":"Closed","zipcode":"19131","requested_date":"2025-05-01","closed_date":"2025-10-20","expected_date":"2025-11-06","days_to_close":171.5,"closed_within_180_days":true,"closed_by_expected":true,"missed_expected":false,"feature_kind":"request"},"geometry":{"type":"Point","coordinates":[-75.2248884,39.99127589]}},{"type":"Feature","properties":{"id":"17573718","status":"Closed","zipcode":"19128","requested_date":"2025-05-02","closed_date":"2026-04-07","expected_date":"2025-11-11","days_to_close":340.6,"closed_within_180_days":false,"closed_by_expected":false,"missed_expected":true,"feature_kind":"request"},"geometry":{"type":"Point","coordinates":[-75.24156232,40.07274981]}},{"type":"Feature","properties":{"id":"17573806","status":"Closed","zipcode":"19128","requested_date":"2025-05-02","closed_date":"2025-07-16","expected_date":"2025-11-06","days_to_close":75.3,"closed_within_180_days":true,"closed_by_expected":true,"missed_expected":false,"feature_kind":"request"},"geometry":{"type":"Point","coordinates":[-75.2233805,40.03384976]}},{"type":"Feature","properties":{"id":"17574063","status":"Closed","zipcode":"19131","requested_date":"2025-05-02","closed_date":"2025-10-20","expected_date":"2025-11-07","days_to_close":171,"closed_within_180_days":true,"closed_by_expected":true,"missed_expected":false,"feature_kind":"request"},"geometry":{"type":"Point","coordinates":[-75.23342388,39.99264472]}},{"type":"Feature","properties":{"id":"17574138","status":"Closed","zipcode":"19131","requested_date":"2025-05-02","closed_date":"2025-11-04","expected_date":"2025-11-07","days_to_close":186.3,"closed_within_180_days":false,"closed_by_expected":true,"missed_expected":false,"feature_kind":"request"},"geometry":{"type":"Point","coordinates":[-75.23858288,39.98574408]}},{"type":"Feature","properties":{"id":"17574162","status":"Closed","zipcode":"19131","requested_date":"2025-05-02","closed_date":"2025-11-03","expected_date":"2025-11-07","days_to_close":185,"closed_within_180_days":false,"closed_by_expected":true,"missed_expected":false,"feature_kind":"request"},"geometry":{"type":"Point","coordinates":[-75.22546403,39.98007579]}},{"type":"Feature","properties":{"id":"17574742","status":"Open","zipcode":"19128","requested_date":"2025-05-02","closed_date":null,"expected_date":"2025-11-07","days_to_close":null,"closed_within_180_days":false,"closed_by_expected":false,"missed_expected":true,"feature_kind":"request"},"geometry":{"type":"Point","coordinates":[-75.22068157,40.02819772]}},{"type":"Feature","properties":{"id":"17575321","status":"Open","zipcode":"19131","requested_date":"2025-05-02","closed_date":null,"expected_date":"2025-11-07","days_to_close":null,"closed_within_180_days":false,"closed_by_expected":false,"missed_expected":true,"feature_kind":"request"},"geometry":{"type":"Point","coordinates":[-75.23358595,39.97117643]}},{"type":"Feature","properties":{"id":"17575930","status":"Open","zipcode":"19128","requested_date":"2025-05-02","closed_date":null,"expected_date":"2025-11-07","days_to_close":null,"closed_within_180_days":false,"closed_by_expected":false,"missed_expected":true,"feature_kind":"request"},"geometry":{"type":"Point","coordinates":[-75.22068157,40.02819772]}},{"type":"Feature","properties":{"id":"17575933","status":"Open","zipcode":"19128","requested_date":"2025-05-02","closed_date":null,"expected_date":"2025-11-07","days_to_close":null,"closed_within_180_days":false,"closed_by_expected":false,"missed_expected":true,"feature_kind":"request"},"geometry":{"type":"Point","coordinates":[-75.22068157,40.02819772]}},{"type":"Feature","properties":{"id":"17575960","status":"Closed","zipcode":"19128","requested_date":"2025-05-02","closed_date":"2025-07-17","expected_date":"2025-11-07","days_to_close":75.6,"closed_within_180_days":true,"closed_by_expected":true,"missed_expected":false,"feature_kind":"request"},"geometry":{"type":"Point","coordinates":[-75.22182109,40.03919418]}},{"type":"Feature","properties":{"id":"17576186","status":"Closed","zipcode":"19128","requested_date":"2025-05-03","closed_date":"2025-07-17","expected_date":"2025-11-07","days_to_close":75.2,"closed_within_180_days":true,"closed_by_expected":true,"missed_expected":false,"feature_kind":"request"},"geometry":{"type":"Point","coordinates":[-75.22053316,40.03387571]}},{"type":"Feature","properties":{"id":"17576252","status":"Closed","zipcode":"19131","requested_date":"2025-05-03","closed_date":"2025-10-28","expected_date":"2025-11-07","days_to_close":177.8,"closed_within_180_days":true,"closed_by_expected":true,"missed_expected":false,"feature_kind":"request"},"geometry":{"type":"Point","coordinates":[-75.23229007,39.97349786]}},{"type":"Feature","properties":{"id":"17576393","status":"Closed","zipcode":"19128","requested_date":"2025-05-04","closed_date":"2025-07-17","expected_date":"2025-11-07","days_to_close":74.8,"closed_within_180_days":true,"closed_by_expected":true,"missed_expected":false,"feature_kind":"request"},"geometry":{"type":"Point","coordinates":[-75.24064427,40.07363741]}},{"type":"Feature","properties":{"id":"17576601","status":"Closed","zipcode":"19128","requested_date":"2025-05-04","closed_date":"2025-10-03","expected_date":"2025-11-07","days_to_close":152.1,"closed_within_180_days":true,"closed_by_expected":true,"missed_expected":false,"feature_kind":"request"},"geometry":{"type":"Point","coordinates":[-75.20743775,40.02347767]}},{"type":"Feature","properties":{"id":"17576669","status":"Closed","zipcode":"19128","requested_date":"2025-05-04","closed_date":"2025-07-16","expected_date":"2025-11-07","days_to_close":73.2,"closed_within_180_days":true,"closed_by_expected":true,"missed_expected":false,"feature_kind":"request"},"geometry":{"type":"Point","coordinates":[-75.22303344,40.03450881]}},{"type":"Feature","properties":{"id":"17576733","status":"Closed","zipcode":"19128","requested_date":"2025-05-04","closed_date":"2025-07-16","expected_date":"2025-11-07","days_to_close":73.2,"closed_within_180_days":true,"closed_by_expected":true,"missed_expected":false,"feature_kind":"request"},"geometry":{"type":"Point","coordinates":[-75.21825807,40.03353811]}},{"type":"Feature","properties":{"id":"17576822","status":"Closed","zipcode":"19128","requested_date":"2025-05-04","closed_date":"2025-07-17","expected_date":"2025-11-07","days_to_close":73.6,"closed_within_180_days":true,"closed_by_expected":true,"missed_expected":false,"feature_kind":"request"},"geometry":{"type":"Point","coordinates":[-75.22503391,40.03314518]}},{"type":"Feature","properties":{"id":"17577504","status":"Closed","zipcode":"19131","requested_date":"2025-05-05","closed_date":"2025-11-04","expected_date":"2025-11-10","days_to_close":182.9,"closed_within_180_days":false,"closed_by_expected":true,"missed_expected":false,"feature_kind":"request"},"geometry":{"type":"Point","coordinates":[-75.23444015,39.96852777]}},{"type":"Feature","properties":{"id":"17577505","status":"Closed","zipcode":"19131","requested_date":"2025-05-05","closed_date":"2026-01-09","expected_date":"2025-11-12","days_to_close":249,"closed_within_180_days":false,"closed_by_expected":false,"missed_expected":true,"feature_kind":"request"},"geometry":{"type":"Point","coordinates":[-75.23444015,39.96852777]}},{"type":"Feature","properties":{"id":"17577821","status":"Open","zipcode":"19128","requested_date":"2025-05-05","closed_date":null,"expected_date":"2025-11-10","days_to_close":null,"closed_within_180_days":false,"closed_by_expected":false,"missed_expected":true,"feature_kind":"request"},"geometry":{"type":"Point","coordinates":[-75.2052698,40.02321199]}},{"type":"Feature","properties":{"id":"17578268","status":"Closed","zipcode":"19131","requested_date":"2025-05-05","closed_date":"2025-10-21","expected_date":"2025-11-10","days_to_close":168.8,"closed_within_180_days":true,"closed_by_expected":true,"missed_expected":false,"feature_kind":"request"},"geometry":{"type":"Point","coordinates":[-75.24372453,39.98613394]}},{"type":"Feature","properties":{"id":"17578610","status":"Closed","zipcode":"19131","requested_date":"2025-05-05","closed_date":"2026-01-15","expected_date":"2025-11-12","days_to_close":255,"closed_within_180_days":false,"closed_by_expected":false,"missed_expected":true,"feature_kind":"request"},"geometry":{"type":"Point","coordinates":[-75.21102565,40.00130008]}},{"type":"Feature","properties":{"id":"17578648","status":"Closed","zipcode":"19131","requested_date":"2025-05-05","closed_date":"2026-01-15","expected_date":"2025-11-10","days_to_close":255,"closed_within_180_days":false,"closed_by_expected":false,"missed_expected":true,"feature_kind":"request"},"geometry":{"type":"Point","coordinates":[-75.21102565,40.00130008]}},{"type":"Feature","properties":{"id":"17579162","status":"Closed","zipcode":"19128","requested_date":"2025-05-05","closed_date":"2025-07-17","expected_date":"2025-11-10","days_to_close":72.8,"closed_within_180_days":true,"closed_by_expected":true,"missed_expected":false,"feature_kind":"request"},"geometry":{"type":"Point","coordinates":[-75.22182109,40.03919418]}},{"type":"Feature","properties":{"id":"17580121","status":"Closed","zipcode":"19131","requested_date":"2025-05-06","closed_date":"2025-06-02","expected_date":"2025-11-11","days_to_close":27.3,"closed_within_180_days":true,"closed_by_expected":true,"missed_expected":false,"feature_kind":"request"},"geometry":{"type":"Point","coordinates":[-75.21356823,39.97196391]}},{"type":"Feature","properties":{"id":"17580144","status":"Closed","zipcode":"19131","requested_date":"2025-05-06","closed_date":"2025-06-02","expected_date":"2025-11-11","days_to_close":27.3,"closed_within_180_days":true,"closed_by_expected":true,"missed_expected":false,"feature_kind":"request"},"geometry":{"type":"Point","coordinates":[-75.21356823,39.97196391]}},{"type":"Feature","properties":{"id":"17580447","status":"Closed","zipcode":"19128","requested_date":"2025-05-06","closed_date":"2025-07-17","expected_date":"2025-11-11","days_to_close":72,"closed_within_180_days":true,"closed_by_expected":true,"missed_expected":false,"feature_kind":"request"},"geometry":{"type":"Point","coordinates":[-75.22182109,40.03919418]}},{"type":"Feature","properties":{"id":"17582068","status":"Open","zipcode":"19128","requested_date":"2025-05-06","closed_date":null,"expected_date":"2025-11-11","days_to_close":null,"closed_within_180_days":false,"closed_by_expected":false,"missed_expected":true,"feature_kind":"request"},"geometry":{"type":"Point","coordinates":[-75.20573341,40.02085102]}},{"type":"Feature","properties":{"id":"17582089","status":"Closed","zipcode":"19131","requested_date":"2025-05-06","closed_date":"2025-10-27","expected_date":"2025-11-11","days_to_close":173.7,"closed_within_180_days":true,"closed_by_expected":true,"missed_expected":false,"feature_kind":"request"},"geometry":{"type":"Point","coordinates":[-75.2216876,39.97417161]}},{"type":"Feature","properties":{"id":"17582101","status":"Closed","zipcode":"19131","requested_date":"2025-05-06","closed_date":"2025-10-27","expected_date":"2025-11-11","days_to_close":173.7,"closed_within_180_days":true,"closed_by_expected":true,"missed_expected":false,"feature_kind":"request"},"geometry":{"type":"Point","coordinates":[-75.22127134,39.97410382]}},{"type":"Feature","properties":{"id":"17582105","status":"Closed","zipcode":"19131","requested_date":"2025-05-06","closed_date":"2025-10-27","expected_date":"2025-11-11","days_to_close":173.7,"closed_within_180_days":true,"closed_by_expected":true,"missed_expected":false,"feature_kind":"request"},"geometry":{"type":"Point","coordinates":[-75.22120795,39.97410952]}},{"type":"Feature","properties":{"id":"17582507","status":"Closed","zipcode":"19131","requested_date":"2025-05-06","closed_date":"2025-11-04","expected_date":"2025-11-11","days_to_close":181.9,"closed_within_180_days":false,"closed_by_expected":true,"missed_expected":false,"feature_kind":"request"},"geometry":{"type":"Point","coordinates":[-75.23893259,39.98725501]}},{"type":"Feature","properties":{"id":"17582880","status":"Closed","zipcode":"19131","requested_date":"2025-05-07","closed_date":"2025-10-27","expected_date":"2025-11-11","days_to_close":173,"closed_within_180_days":true,"closed_by_expected":true,"missed_expected":false,"feature_kind":"request"},"geometry":{"type":"Point","coordinates":[-75.22954854,39.97092455]}},{"type":"Feature","properties":{"id":"17583376","status":"Closed","zipcode":"19131","requested_date":"2025-05-07","closed_date":"2025-06-06","expected_date":"2025-11-12","days_to_close":30.2,"closed_within_180_days":true,"closed_by_expected":true,"missed_expected":false,"feature_kind":"request"},"geometry":{"type":"Point","coordinates":[-75.22686208,39.97939213]}},{"type":"Feature","properties":{"id":"17583676","status":"Closed","zipcode":"19128","requested_date":"2025-05-07","closed_date":"2025-10-28","expected_date":"2025-11-12","days_to_close":174.1,"closed_within_180_days":true,"closed_by_expected":true,"missed_expected":false,"feature_kind":"request"},"geometry":{"type":"Point","coordinates":[-75.20409643,40.01858355]}},{"type":"Feature","properties":{"id":"17584451","status":"Closed","zipcode":"19128","requested_date":"2025-05-07","closed_date":"2025-07-17","expected_date":"2025-11-12","days_to_close":71.1,"closed_within_180_days":true,"closed_by_expected":true,"missed_expected":false,"feature_kind":"request"},"geometry":{"type":"Point","coordinates":[-75.22632638,40.04016624]}},{"type":"Feature","properties":{"id":"17584958","status":"Closed","zipcode":"19128","requested_date":"2025-05-07","closed_date":"2025-07-17","expected_date":"2025-11-12","days_to_close":70.8,"closed_within_180_days":true,"closed_by_expected":true,"missed_expected":false,"feature_kind":"request"},"geometry":{"type":"Point","coordinates":[-75.22182109,40.03919418]}},{"type":"Feature","properties":{"id":"17585311","status":"Closed","zipcode":"19128","requested_date":"2025-05-08","closed_date":"2025-12-31","expected_date":"2025-11-18","days_to_close":237.6,"closed_within_180_days":false,"closed_by_expected":false,"missed_expected":true,"feature_kind":"request"},"geometry":{"type":"Point","coordinates":[-75.2369744,40.05402801]}},{"type":"Feature","properties":{"id":"17585548","status":"Closed","zipcode":"19131","requested_date":"2025-05-08","closed_date":"2026-08-26","expected_date":"2025-11-18","days_to_close":475.1,"closed_within_180_days":false,"closed_by_expected":false,"missed_expected":true,"feature_kind":"request"},"geometry":{"type":"Point","coordinates":[-75.23235316,39.97868081]}},{"type":"Feature","properties":{"id":"17585549","status":"Closed","zipcode":"19131","requested_date":"2025-05-08","closed_date":"2026-06-05","expected_date":"2025-11-18","days_to_close":393,"closed_within_180_days":false,"closed_by_expected":false,"missed_expected":true,"feature_kind":"request"},"geometry":{"type":"Point","coordinates":[-75.23205412,39.97842145]}},{"type":"Feature","properties":{"id":"17586201","status":"Closed","zipcode":"19131","requested_date":"2025-05-08","closed_date":"2025-10-20","expected_date":"2025-11-13","days_to_close":164.9,"closed_within_180_days":true,"closed_by_expected":true,"missed_expected":false,"feature_kind":"request"},"geometry":{"type":"Point","coordinates":[-75.22307615,39.9992035]}},{"type":"Feature","properties":{"id":"17586494","status":"Open","zipcode":"19128","requested_date":"2025-05-08","closed_date":null,"expected_date":"2025-11-13","days_to_close":null,"closed_within_180_days":false,"closed_by_expected":false,"missed_expected":true,"feature_kind":"request"},"geometry":{"type":"Point","coordinates":[-75.21112212,40.02535089]}},{"type":"Feature","properties":{"id":"17586824","status":"Open","zipcode":"19128","requested_date":"2025-05-08","closed_date":null,"expected_date":"2025-11-13","days_to_close":null,"closed_within_180_days":false,"closed_by_expected":false,"missed_expected":true,"feature_kind":"request"},"geometry":{"type":"Point","coordinates":[-75.20530017,40.02325127]}},{"type":"Feature","properties":{"id":"17587211","status":"Closed","zipcode":"19131","requested_date":"2025-05-08","closed_date":"2025-06-02","expected_date":"2025-11-13","days_to_close":25,"closed_within_180_days":true,"closed_by_expected":true,"missed_expected":false,"feature_kind":"request"},"geometry":{"type":"Point","coordinates":[-75.21358765,39.97211457]}},{"type":"Feature","properties":{"id":"17587490","status":"Closed","zipcode":"19131","requested_date":"2025-05-08","closed_date":"2025-06-11","expected_date":"2025-11-13","days_to_close":33.9,"closed_within_180_days":true,"closed_by_expected":true,"missed_expected":false,"feature_kind":"request"},"geometry":{"type":"Point","coordinates":[-75.22692953,39.97945763]}},{"type":"Feature","properties":{"id":"17587757","status":"Closed","zipcode":"19128","requested_date":"2025-05-09","closed_date":"2025-07-17","expected_date":"2025-11-13","days_to_close":69.4,"closed_within_180_days":true,"closed_by_expected":true,"missed_expected":false,"feature_kind":"request"},"geometry":{"type":"Point","coordinates":[-75.22641367,40.0405516]}},{"type":"Feature","properties":{"id":"17587844","status":"Open","zipcode":"19131","requested_date":"2025-05-09","closed_date":null,"expected_date":"2025-11-13","days_to_close":null,"closed_within_180_days":false,"closed_by_expected":false,"missed_expected":true,"feature_kind":"request"},"geometry":{"type":"Point","coordinates":[-75.23035637,39.98273983]}},{"type":"Feature","properties":{"id":"17588016","status":"Closed","zipcode":"19128","requested_date":"2025-05-09","closed_date":"2025-07-17","expected_date":"2025-11-14","days_to_close":69.3,"closed_within_180_days":true,"closed_by_expected":true,"missed_expected":false,"feature_kind":"request"},"geometry":{"type":"Point","coordinates":[-75.22650154,40.04897952]}},{"type":"Feature","properties":{"id":"17588524","status":"Closed","zipcode":"19128","requested_date":"2025-05-09","closed_date":"2025-07-17","expected_date":"2025-11-14","days_to_close":69.2,"closed_within_180_days":true,"closed_by_expected":true,"missed_expected":false,"feature_kind":"request"},"geometry":{"type":"Point","coordinates":[-75.22897032,40.04845836]}},{"type":"Feature","properties":{"id":"17589108","status":"Closed","zipcode":"19128","requested_date":"2025-05-09","closed_date":"2025-12-31","expected_date":"2025-11-20","days_to_close":235.8,"closed_within_180_days":false,"closed_by_expected":false,"missed_expected":true,"feature_kind":"request"},"geometry":{"type":"Point","coordinates":[-75.23912289,40.03936544]}},{"type":"Feature","properties":{"id":"17589427","status":"Closed","zipcode":"19131","requested_date":"2025-05-09","closed_date":"2025-10-27","expected_date":"2025-11-14","days_to_close":170.7,"closed_within_180_days":true,"closed_by_expected":true,"missed_expected":false,"feature_kind":"request"},"geometry":{"type":"Point","coordinates":[-75.2268364,39.96852859]}},{"type":"Feature","properties":{"id":"17589545","status":"Closed","zipcode":"19131","requested_date":"2025-05-09","closed_date":"2025-11-03","expected_date":"2025-11-14","days_to_close":177.7,"closed_within_180_days":true,"closed_by_expected":true,"missed_expected":false,"feature_kind":"request"},"geometry":{"type":"Point","coordinates":[-75.23619704,39.98023359]}},{"type":"Feature","properties":{"id":"17589945","status":"Closed","zipcode":"19128","requested_date":"2025-05-10","closed_date":"2025-07-17","expected_date":"2025-11-14","days_to_close":68.2,"closed_within_180_days":true,"closed_by_expected":true,"missed_expected":false,"feature_kind":"request"},"geometry":{"type":"Point","coordinates":[-75.22643414,40.04010902]}},{"type":"Feature","properties":{"id":"17590003","status":"Closed","zipcode":"19128","requested_date":"2025-05-10","closed_date":"2025-07-17","expected_date":"2025-11-14","days_to_close":67.9,"closed_within_180_days":true,"closed_by_expected":true,"missed_expected":false,"feature_kind":"request"},"geometry":{"type":"Point","coordinates":[-75.22611759,40.04360447]}},{"type":"Feature","properties":{"id":"17590148","status":"Closed","zipcode":"19131","requested_date":"2025-05-10","closed_date":"2025-11-04","expected_date":"2025-11-14","days_to_close":177.7,"closed_within_180_days":true,"closed_by_expected":true,"missed_expected":false,"feature_kind":"request"},"geometry":{"type":"Point","coordinates":[-75.23779513,39.97610415]}},{"type":"Feature","properties":{"id":"17590345","status":"Closed","zipcode":"19128","requested_date":"2025-05-11","closed_date":"2026-01-14","expected_date":"2025-11-20","days_to_close":248.2,"closed_within_180_days":false,"closed_by_expected":false,"missed_expected":true,"feature_kind":"request"},"geometry":{"type":"Point","coordinates":[-75.21423431,40.03004839]}},{"type":"Feature","properties":{"id":"17590675","status":"Closed","zipcode":"19131","requested_date":"2025-05-12","closed_date":"2025-10-27","expected_date":"2025-11-14","days_to_close":168,"closed_within_180_days":true,"closed_by_expected":true,"missed_expected":false,"feature_kind":"request"},"geometry":{"type":"Point","coordinates":[-75.22791132,39.96913766]}},{"type":"Feature","properties":{"id":"17591132","status":"Closed","zipcode":"19131","requested_date":"2025-05-12","closed_date":"2025-10-31","expected_date":"2025-11-17","days_to_close":171.9,"closed_within_180_days":true,"closed_by_expected":true,"missed_expected":false,"feature_kind":"request"},"geometry":{"type":"Point","coordinates":[-75.22704177,39.9708637]}},{"type":"Feature","properties":{"id":"17591768","status":"Closed","zipcode":"19131","requested_date":"2025-05-12","closed_date":"2025-11-04","expected_date":"2025-11-17","days_to_close":176.2,"closed_within_180_days":true,"closed_by_expected":true,"missed_expected":false,"feature_kind":"request"},"geometry":{"type":"Point","coordinates":[-75.23469468,39.96962052]}},{"type":"Feature","properties":{"id":"17592106","status":"Closed","zipcode":"19131","requested_date":"2025-05-12","closed_date":"2025-10-27","expected_date":"2025-11-17","days_to_close":167.8,"closed_within_180_days":true,"closed_by_expected":true,"missed_expected":false,"feature_kind":"request"},"geometry":{"type":"Point","coordinates":[-75.22303688,39.9892609]}},{"type":"Feature","properties":{"id":"17592327","status":"Open","zipcode":"19128","requested_date":"2025-05-12","closed_date":null,"expected_date":"2025-11-17","days_to_close":null,"closed_within_180_days":false,"closed_by_expected":false,"missed_expected":true,"feature_kind":"request"},"geometry":{"type":"Point","coordinates":[-75.20530017,40.02325127]}},{"type":"Feature","properties":{"id":"17592611","status":"Closed","zipcode":"19128","requested_date":"2025-05-12","closed_date":"2025-07-16","expected_date":"2025-11-17","days_to_close":65,"closed_within_180_days":true,"closed_by_expected":true,"missed_expected":false,"feature_kind":"request"},"geometry":{"type":"Point","coordinates":[-75.21825807,40.03353811]}},{"type":"Feature","properties":{"id":"17593587","status":"Closed","zipcode":"19131","requested_date":"2025-05-13","closed_date":"2025-10-31","expected_date":"2025-11-18","days_to_close":171,"closed_within_180_days":true,"closed_by_expected":true,"missed_expected":false,"feature_kind":"request"},"geometry":{"type":"Point","coordinates":[-75.22832858,39.98275557]}},{"type":"Feature","properties":{"id":"17593600","status":"Closed","zipcode":"19131","requested_date":"2025-05-13","closed_date":"2026-01-15","expected_date":"2025-11-21","days_to_close":247.3,"closed_within_180_days":false,"closed_by_expected":false,"missed_expected":true,"feature_kind":"request"},"geometry":{"type":"Point","coordinates":[-75.22832858,39.98275557]}},{"type":"Feature","properties":{"id":"17595942","status":"Closed","zipcode":"19128","requested_date":"2025-05-13","closed_date":"2025-07-16","expected_date":"2025-11-18","days_to_close":64,"closed_within_180_days":true,"closed_by_expected":true,"missed_expected":false,"feature_kind":"request"},"geometry":{"type":"Point","coordinates":[-75.21825807,40.03353811]}},{"type":"Feature","properties":{"id":"17596304","status":"Closed","zipcode":"19131","requested_date":"2025-05-13","closed_date":"2025-08-05","expected_date":"2025-11-18","days_to_close":83.9,"closed_within_180_days":true,"closed_by_expected":true,"missed_expected":false,"feature_kind":"request"},"geometry":{"type":"Point","coordinates":[-75.23158594,39.97115953]}},{"type":"Feature","properties":{"id":"17597641","status":"Closed","zipcode":"19131","requested_date":"2025-05-14","closed_date":"2025-11-04","expected_date":"2025-11-18","days_to_close":174.1,"closed_within_180_days":true,"closed_by_expected":true,"missed_expected":false,"feature_kind":"request"},"geometry":{"type":"Point","coordinates":[-75.23789109,39.98865473]}},{"type":"Feature","properties":{"id":"17598787","status":"Closed","zipcode":"19131","requested_date":"2025-05-14","closed_date":"2025-10-31","expected_date":"2025-11-19","days_to_close":169.8,"closed_within_180_days":true,"closed_by_expected":true,"missed_expected":false,"feature_kind":"request"},"geometry":{"type":"Point","coordinates":[-75.22581983,39.97072523]}},{"type":"Feature","properties":{"id":"17599248","status":"Closed","zipcode":"19128","requested_date":"2025-05-14","closed_date":"2025-10-03","expected_date":"2025-11-19","days_to_close":141.9,"closed_within_180_days":true,"closed_by_expected":true,"missed_expected":false,"feature_kind":"request"},"geometry":{"type":"Point","coordinates":[-75.20743775,40.02347767]}},{"type":"Feature","properties":{"id":"17599922","status":"Open","zipcode":"19128","requested_date":"2025-05-14","closed_date":null,"expected_date":"2025-11-19","days_to_close":null,"closed_within_180_days":false,"closed_by_expected":false,"missed_expected":true,"feature_kind":"request"},"geometry":{"type":"Point","coordinates":[-75.20781695,40.02328764]}},{"type":"Feature","properties":{"id":"17600110","status":"Closed","zipcode":"19131","requested_date":"2025-05-15","closed_date":"2025-06-06","expected_date":"2025-11-19","days_to_close":22.4,"closed_within_180_days":true,"closed_by_expected":true,"missed_expected":false,"feature_kind":"request"},"geometry":{"type":"Point","coordinates":[-75.22890429,39.98315474]}},{"type":"Feature","properties":{"id":"17600797","status":"Closed","zipcode":"19131","requested_date":"2025-05-15","closed_date":"2025-10-28","expected_date":"2025-11-20","days_to_close":165.9,"closed_within_180_days":true,"closed_by_expected":true,"missed_expected":false,"feature_kind":"request"},"geometry":{"type":"Point","coordinates":[-75.23554602,39.96896764]}},{"type":"Feature","properties":{"id":"17600878","status":"Closed","zipcode":"19131","requested_date":"2025-05-15","closed_date":"2025-10-28","expected_date":"2025-11-20","days_to_close":165.9,"closed_within_180_days":true,"closed_by_expected":true,"missed_expected":false,"feature_kind":"request"},"geometry":{"type":"Point","coordinates":[-75.2301885,39.97554438]}},{"type":"Feature","properties":{"id":"17601030","status":"Closed","zipcode":"19128","requested_date":"2025-05-15","closed_date":"2025-07-17","expected_date":"2025-11-20","days_to_close":63.2,"closed_within_180_days":true,"closed_by_expected":true,"missed_expected":false,"feature_kind":"request"},"geometry":{"type":"Point","coordinates":[-75.22632638,40.04016624]}},{"type":"Feature","properties":{"id":"17601207","status":"Closed","zipcode":"19131","requested_date":"2025-05-15","closed_date":"2025-06-04","expected_date":"2025-11-20","days_to_close":20.2,"closed_within_180_days":true,"closed_by_expected":true,"missed_expected":false,"feature_kind":"request"},"geometry":{"type":"Point","coordinates":[-75.23294361,39.97716336]}},{"type":"Feature","properties":{"id":"17602434","status":"Closed","zipcode":"19128","requested_date":"2025-05-15","closed_date":"2025-12-12","expected_date":"2025-11-20","days_to_close":210.8,"closed_within_180_days":false,"closed_by_expected":false,"missed_expected":true,"feature_kind":"request"},"geometry":{"type":"Point","coordinates":[-75.21233181,40.02965931]}},{"type":"Feature","properties":{"id":"17604396","status":"Closed","zipcode":"19131","requested_date":"2025-05-16","closed_date":"2025-10-28","expected_date":"2025-11-21","days_to_close":164.8,"closed_within_180_days":true,"closed_by_expected":true,"missed_expected":false,"feature_kind":"request"},"geometry":{"type":"Point","coordinates":[-75.23349575,39.97500103]}},{"type":"Feature","properties":{"id":"17604816","status":"Open","zipcode":"19128","requested_date":"2025-05-16","closed_date":null,"expected_date":"2025-11-21","days_to_close":null,"closed_within_180_days":false,"closed_by_expected":false,"missed_expected":true,"feature_kind":"request"},"geometry":{"type":"Point","coordinates":[-75.20830112,40.02268296]}},{"type":"Feature","properties":{"id":"17605837","status":"Closed","zipcode":"19131","requested_date":"2025-05-18","closed_date":"2025-10-20","expected_date":"2025-11-21","days_to_close":155,"closed_within_180_days":true,"closed_by_expected":true,"missed_expected":false,"feature_kind":"request"},"geometry":{"type":"Point","coordinates":[-75.20289498,40.00326995]}},{"type":"Feature","properties":{"id":"17606492","status":"Open","zipcode":"19128","requested_date":"2025-05-19","closed_date":null,"expected_date":"2025-11-21","days_to_close":null,"closed_within_180_days":false,"closed_by_expected":false,"missed_expected":true,"feature_kind":"request"},"geometry":{"type":"Point","coordinates":[-75.20410425,40.02946927]}},{"type":"Feature","properties":{"id":"17607038","status":"Closed","zipcode":"19131","requested_date":"2025-05-19","closed_date":"2025-10-31","expected_date":"2025-11-24","days_to_close":164.9,"closed_within_180_days":true,"closed_by_expected":true,"missed_expected":false,"feature_kind":"request"},"geometry":{"type":"Point","coordinates":[-75.23106142,39.96843624]}},{"type":"Feature","properties":{"id":"17608352","status":"Open","zipcode":"19128","requested_date":"2025-05-19","closed_date":null,"expected_date":"2025-11-24","days_to_close":null,"closed_within_180_days":false,"closed_by_expected":false,"missed_expected":true,"feature_kind":"request"},"geometry":{"type":"Point","coordinates":[-75.21271669,40.03629749]}},{"type":"Feature","properties":{"id":"17608584","status":"Closed","zipcode":"19128","requested_date":"2025-05-19","closed_date":"2025-07-17","expected_date":"2025-11-24","days_to_close":59,"closed_within_180_days":true,"closed_by_expected":true,"missed_expected":false,"feature_kind":"request"},"geometry":{"type":"Point","coordinates":[-75.23400421,40.05397469]}},{"type":"Feature","properties":{"id":"17609182","status":"Open","zipcode":"19131","requested_date":"2025-05-20","closed_date":null,"expected_date":"2025-11-24","days_to_close":null,"closed_within_180_days":false,"closed_by_expected":false,"missed_expected":true,"feature_kind":"request"},"geometry":{"type":"Point","coordinates":[-75.21469458,39.97001936]}},{"type":"Feature","properties":{"id":"17609261","status":"Closed","zipcode":"19131","requested_date":"2025-05-20","closed_date":"2025-10-23","expected_date":"2025-11-24","days_to_close":156,"closed_within_180_days":true,"closed_by_expected":true,"missed_expected":false,"feature_kind":"request"},"geometry":{"type":"Point","coordinates":[-75.22025604,40.00163034]}},{"type":"Feature","properties":{"id":"17612240","status":"Closed","zipcode":"19131","requested_date":"2025-05-21","closed_date":"2025-06-04","expected_date":"2025-11-26","days_to_close":14.2,"closed_within_180_days":true,"closed_by_expected":true,"missed_expected":false,"feature_kind":"request"},"geometry":{"type":"Point","coordinates":[-75.2265264,39.98133343]}},{"type":"Feature","properties":{"id":"17612449","status":"Open","zipcode":"19128","requested_date":"2025-05-21","closed_date":null,"expected_date":"2025-11-26","days_to_close":null,"closed_within_180_days":false,"closed_by_expected":false,"missed_expected":true,"feature_kind":"request"},"geometry":{"type":"Point","coordinates":[-75.20410425,40.02946927]}},{"type":"Feature","properties":{"id":"17612911","status":"Open","zipcode":"19128","requested_date":"2025-05-21","closed_date":null,"expected_date":"2025-11-26","days_to_close":null,"closed_within_180_days":false,"closed_by_expected":false,"missed_expected":true,"feature_kind":"request"},"geometry":{"type":"Point","coordinates":[-75.23791364,40.0518998]}},{"type":"Feature","properties":{"id":"17613051","status":"Closed","zipcode":"19131","requested_date":"2025-05-21","closed_date":"2025-10-20","expected_date":"2025-11-26","days_to_close":151.9,"closed_within_180_days":true,"closed_by_expected":true,"missed_expected":false,"feature_kind":"request"},"geometry":{"type":"Point","coordinates":[-75.20874304,40.00017592]}},{"type":"Feature","properties":{"id":"17613194","status":"Open","zipcode":"19128","requested_date":"2025-05-21","closed_date":null,"expected_date":"2025-11-26","days_to_close":null,"closed_within_180_days":false,"closed_by_expected":false,"missed_expected":true,"feature_kind":"request"},"geometry":{"type":"Point","coordinates":[-75.21271669,40.03629749]}},{"type":"Feature","properties":{"id":"17613427","status":"Closed","zipcode":"19128","requested_date":"2025-05-21","closed_date":"2025-07-17","expected_date":"2025-11-26","days_to_close":57.1,"closed_within_180_days":true,"closed_by_expected":true,"missed_expected":false,"feature_kind":"request"},"geometry":{"type":"Point","coordinates":[-75.22627911,40.03990479]}},{"type":"Feature","properties":{"id":"17613465","status":"Closed","zipcode":"19131","requested_date":"2025-05-21","closed_date":"2025-10-27","expected_date":"2025-11-26","days_to_close":158.8,"closed_within_180_days":true,"closed_by_expected":true,"missed_expected":false,"feature_kind":"request"},"geometry":{"type":"Point","coordinates":[-75.23151662,39.97090011]}},{"type":"Feature","properties":{"id":"17613794","status":"Closed","zipcode":"19128","requested_date":"2025-05-21","closed_date":"2025-07-17","expected_date":"2025-11-26","days_to_close":56.7,"closed_within_180_days":true,"closed_by_expected":true,"missed_expected":false,"feature_kind":"request"},"geometry":{"type":"Point","coordinates":[-75.22470185,40.0338623]}},{"type":"Feature","properties":{"id":"17614146","status":"Closed","zipcode":"19128","requested_date":"2025-05-21","closed_date":"2025-06-11","expected_date":"2025-11-26","days_to_close":20.8,"closed_within_180_days":true,"closed_by_expected":true,"missed_expected":false,"feature_kind":"request"},"geometry":{"type":"Point","coordinates":[-75.21939596,40.03351739]}},{"type":"Feature","properties":{"id":"17614613","status":"Closed","zipcode":"19131","requested_date":"2025-05-22","closed_date":"2025-10-31","expected_date":"2025-11-26","days_to_close":162,"closed_within_180_days":true,"closed_by_expected":true,"missed_expected":false,"feature_kind":"request"},"geometry":{"type":"Point","coordinates":[-75.22973884,39.98697122]}},{"type":"Feature","properties":{"id":"17614948","status":"Closed","zipcode":"19128","requested_date":"2025-05-22","closed_date":"2025-07-17","expected_date":"2025-11-27","days_to_close":56.3,"closed_within_180_days":true,"closed_by_expected":true,"missed_expected":false,"feature_kind":"request"},"geometry":{"type":"Point","coordinates":[-75.22632638,40.04016624]}},{"type":"Feature","properties":{"id":"17614990","status":"Closed","zipcode":"19128","requested_date":"2025-05-22","closed_date":"2025-07-17","expected_date":"2025-11-27","days_to_close":56.3,"closed_within_180_days":true,"closed_by_expected":true,"missed_expected":false,"feature_kind":"request"},"geometry":{"type":"Point","coordinates":[-75.22643414,40.04010902]}},{"type":"Feature","properties":{"id":"17615222","status":"Closed","zipcode":"19131","requested_date":"2025-05-22","closed_date":"2025-10-20","expected_date":"2025-11-27","days_to_close":150.9,"closed_within_180_days":true,"closed_by_expected":true,"missed_expected":false,"feature_kind":"request"},"geometry":{"type":"Point","coordinates":[-75.23148041,39.99729234]}},{"type":"Feature","properties":{"id":"17615235","status":"Closed","zipcode":"19131","requested_date":"2025-05-22","closed_date":"2025-10-28","expected_date":"2025-11-27","days_to_close":158.9,"closed_within_180_days":true,"closed_by_expected":true,"missed_expected":false,"feature_kind":"request"},"geometry":{"type":"Point","coordinates":[-75.23229007,39.97349786]}},{"type":"Feature","properties":{"id":"17615640","status":"Closed","zipcode":"19128","requested_date":"2025-05-22","closed_date":"2025-12-18","expected_date":"2025-11-27","days_to_close":209.9,"closed_within_180_days":false,"closed_by_expected":false,"missed_expected":true,"feature_kind":"request"},"geometry":{"type":"Point","coordinates":[-75.22332262,40.03237435]}},{"type":"Feature","properties":{"id":"17616742","status":"Closed","zipcode":"19131","requested_date":"2025-05-23","closed_date":"2025-11-04","expected_date":"2025-11-27","days_to_close":165.5,"closed_within_180_days":true,"closed_by_expected":true,"missed_expected":false,"feature_kind":"request"},"geometry":{"type":"Point","coordinates":[-75.2329232,39.96789176]}},{"type":"Feature","properties":{"id":"17617144","status":"Closed","zipcode":"19131","requested_date":"2025-05-23","closed_date":"2025-06-06","expected_date":"2025-11-28","days_to_close":13.9,"closed_within_180_days":true,"closed_by_expected":true,"missed_expected":false,"feature_kind":"request"},"geometry":{"type":"Point","coordinates":[-75.23181037,39.98618299]}},{"type":"Feature","properties":{"id":"17617195","status":"Closed","zipcode":"19128","requested_date":"2025-05-23","closed_date":"2025-07-16","expected_date":"2025-11-28","days_to_close":54.3,"closed_within_180_days":true,"closed_by_expected":true,"missed_expected":false,"feature_kind":"request"},"geometry":{"type":"Point","coordinates":[-75.21825807,40.03353811]}},{"type":"Feature","properties":{"id":"17617590","status":"Closed","zipcode":"19131","requested_date":"2025-05-23","closed_date":"2025-10-20","expected_date":"2025-11-28","days_to_close":149.9,"closed_within_180_days":true,"closed_by_expected":true,"missed_expected":false,"feature_kind":"request"},"geometry":{"type":"Point","coordinates":[-75.22627765,39.99330677]}},{"type":"Feature","properties":{"id":"17617937","status":"Closed","zipcode":"19128","requested_date":"2025-05-23","closed_date":"2025-07-16","expected_date":"2025-11-28","days_to_close":54.1,"closed_within_180_days":true,"closed_by_expected":true,"missed_expected":false,"feature_kind":"request"},"geometry":{"type":"Point","coordinates":[-75.21825807,40.03353811]}},{"type":"Feature","properties":{"id":"17618523","status":"Open","zipcode":"19131","requested_date":"2025-05-23","closed_date":null,"expected_date":"2025-11-28","days_to_close":null,"closed_within_180_days":false,"closed_by_expected":false,"missed_expected":true,"feature_kind":"request"},"geometry":{"type":"Point","coordinates":[-75.21291668,39.97130627]}},{"type":"Feature","properties":{"id":"17618525","status":"Open","zipcode":"19131","requested_date":"2025-05-23","closed_date":null,"expected_date":"2025-11-28","days_to_close":null,"closed_within_180_days":false,"closed_by_expected":false,"missed_expected":true,"feature_kind":"request"},"geometry":{"type":"Point","coordinates":[-75.21301471,39.97129518]}},{"type":"Feature","properties":{"id":"17618650","status":"Closed","zipcode":"19128","requested_date":"2025-05-24","closed_date":"2025-07-17","expected_date":"2025-11-28","days_to_close":54.3,"closed_within_180_days":true,"closed_by_expected":true,"missed_expected":false,"feature_kind":"request"},"geometry":{"type":"Point","coordinates":[-75.23624449,40.06113328]}},{"type":"Feature","properties":{"id":"17618656","status":"Closed","zipcode":"19128","requested_date":"2025-05-24","closed_date":"2025-10-28","expected_date":"2025-11-28","days_to_close":157.2,"closed_within_180_days":true,"closed_by_expected":true,"missed_expected":false,"feature_kind":"request"},"geometry":{"type":"Point","coordinates":[-75.23147086,40.04510897]}},{"type":"Feature","properties":{"id":"17618800","status":"Closed","zipcode":"19128","requested_date":"2025-05-24","closed_date":"2025-12-31","expected_date":"2025-12-04","days_to_close":220.8,"closed_within_180_days":false,"closed_by_expected":false,"missed_expected":true,"feature_kind":"request"},"geometry":{"type":"Point","coordinates":[-75.24749324,40.04753797]}},{"type":"Feature","properties":{"id":"17619290","status":"Closed","zipcode":"19131","requested_date":"2025-05-26","closed_date":"2025-10-31","expected_date":"2025-11-28","days_to_close":158.5,"closed_within_180_days":true,"closed_by_expected":true,"missed_expected":false,"feature_kind":"request"},"geometry":{"type":"Point","coordinates":[-75.23211286,39.98732702]}},{"type":"Feature","properties":{"id":"17620018","status":"Closed","zipcode":"19131","requested_date":"2025-05-27","closed_date":"2026-01-15","expected_date":"2025-12-01","days_to_close":233.2,"closed_within_180_days":false,"closed_by_expected":false,"missed_expected":true,"feature_kind":"request"},"geometry":{"type":"Point","coordinates":[-75.21102565,40.00130008]}},{"type":"Feature","properties":{"id":"17620168","status":"Closed","zipcode":"19131","requested_date":"2025-05-27","closed_date":"2025-10-23","expected_date":"2025-12-02","days_to_close":149,"closed_within_180_days":true,"closed_by_expected":true,"missed_expected":false,"feature_kind":"request"},"geometry":{"type":"Point","coordinates":[-75.2234049,39.9999772]}},{"type":"Feature","properties":{"id":"17620313","status":"Closed","zipcode":"19131","requested_date":"2025-05-27","closed_date":"2025-11-04","expected_date":"2025-12-02","days_to_close":161,"closed_within_180_days":true,"closed_by_expected":true,"missed_expected":false,"feature_kind":"request"},"geometry":{"type":"Point","coordinates":[-75.23536905,39.98583164]}},{"type":"Feature","properties":{"id":"17620568","status":"Closed","zipcode":"19128","requested_date":"2025-05-27","closed_date":"2025-12-11","expected_date":"2025-12-02","days_to_close":198,"closed_within_180_days":false,"closed_by_expected":false,"missed_expected":true,"feature_kind":"request"},"geometry":{"type":"Point","coordinates":[-75.23399594,40.0575647]}},{"type":"Feature","properties":{"id":"17621242","status":"Open","zipcode":"19128","requested_date":"2025-05-27","closed_date":null,"expected_date":"2025-12-02","days_to_close":null,"closed_within_180_days":false,"closed_by_expected":false,"missed_expected":true,"feature_kind":"request"},"geometry":{"type":"Point","coordinates":[-75.20410425,40.02946927]}},{"type":"Feature","properties":{"id":"17621355","status":"Closed","zipcode":"19131","requested_date":"2025-05-27","closed_date":"2025-10-20","expected_date":"2025-12-02","days_to_close":145.8,"closed_within_180_days":true,"closed_by_expected":true,"missed_expected":false,"feature_kind":"request"},"geometry":{"type":"Point","coordinates":[-75.22636465,39.99216113]}},{"type":"Feature","properties":{"id":"17622229","status":"Closed","zipcode":"19131","requested_date":"2025-05-27","closed_date":"2025-08-05","expected_date":"2025-12-02","days_to_close":70,"closed_within_180_days":true,"closed_by_expected":true,"missed_expected":false,"feature_kind":"request"},"geometry":{"type":"Point","coordinates":[-75.23058728,39.97598645]}},{"type":"Feature","properties":{"id":"17622734","status":"Closed","zipcode":"19128","requested_date":"2025-05-28","closed_date":"2025-07-16","expected_date":"2025-12-02","days_to_close":49.2,"closed_within_180_days":true,"closed_by_expected":true,"missed_expected":false,"feature_kind":"request"},"geometry":{"type":"Point","coordinates":[-75.21551248,40.03834505]}},{"type":"Feature","properties":{"id":"17623837","status":"Closed","zipcode":"19131","requested_date":"2025-05-28","closed_date":"2025-10-31","expected_date":"2025-12-03","days_to_close":155.8,"closed_within_180_days":true,"closed_by_expected":true,"missed_expected":false,"feature_kind":"request"},"geometry":{"type":"Point","coordinates":[-75.23373367,39.98985947]}},{"type":"Feature","properties":{"id":"17624596","status":"Closed","zipcode":"19128","requested_date":"2025-05-28","closed_date":"2025-07-16","expected_date":"2025-12-03","days_to_close":49,"closed_within_180_days":true,"closed_by_expected":true,"missed_expected":false,"feature_kind":"request"},"geometry":{"type":"Point","coordinates":[-75.21825807,40.03353811]}},{"type":"Feature","properties":{"id":"17624992","status":"Closed","zipcode":"19131","requested_date":"2025-05-28","closed_date":"2026-01-15","expected_date":"2025-12-09","days_to_close":231.8,"closed_within_180_days":false,"closed_by_expected":false,"missed_expected":true,"feature_kind":"request"},"geometry":{"type":"Point","coordinates":[-75.21098666,40.00125158]}},{"type":"Feature","properties":{"id":"17626381","status":"Closed","zipcode":"19131","requested_date":"2025-05-29","closed_date":"2025-10-27","expected_date":"2025-12-04","days_to_close":150.8,"closed_within_180_days":true,"closed_by_expected":true,"missed_expected":false,"feature_kind":"request"},"geometry":{"type":"Point","coordinates":[-75.22962593,39.97113393]}},{"type":"Feature","properties":{"id":"17626508","status":"Closed","zipcode":"19131","requested_date":"2025-05-29","closed_date":"2025-10-23","expected_date":"2025-12-04","days_to_close":146.8,"closed_within_180_days":true,"closed_by_expected":true,"missed_expected":false,"feature_kind":"request"},"geometry":{"type":"Point","coordinates":[-75.22025604,40.00163034]}},{"type":"Feature","properties":{"id":"17627254","status":"Closed","zipcode":"19131","requested_date":"2025-05-29","closed_date":"2025-11-04","expected_date":"2025-12-04","days_to_close":158.6,"closed_within_180_days":true,"closed_by_expected":true,"missed_expected":false,"feature_kind":"request"},"geometry":{"type":"Point","coordinates":[-75.2329232,39.96789176]}},{"type":"Feature","properties":{"id":"17627784","status":"Open","zipcode":"19131","requested_date":"2025-05-30","closed_date":null,"expected_date":"2025-12-04","days_to_close":null,"closed_within_180_days":false,"closed_by_expected":false,"missed_expected":true,"feature_kind":"request"},"geometry":{"type":"Point","coordinates":[-75.23714362,39.96882054]}},{"type":"Feature","properties":{"id":"17627946","status":"Open","zipcode":"19128","requested_date":"2025-05-30","closed_date":null,"expected_date":"2025-12-05","days_to_close":null,"closed_within_180_days":false,"closed_by_expected":false,"missed_expected":true,"feature_kind":"request"},"geometry":{"type":"Point","coordinates":[-75.20625494,40.02881173]}},{"type":"Feature","properties":{"id":"17629113","status":"Closed","zipcode":"19128","requested_date":"2025-05-30","closed_date":"2025-07-16","expected_date":"2025-12-05","days_to_close":47.1,"closed_within_180_days":true,"closed_by_expected":true,"missed_expected":false,"feature_kind":"request"},"geometry":{"type":"Point","coordinates":[-75.21825807,40.03353811]}},{"type":"Feature","properties":{"id":"17629362","status":"Closed","zipcode":"19128","requested_date":"2025-05-30","closed_date":"2025-12-30","expected_date":"2025-12-11","days_to_close":214.1,"closed_within_180_days":false,"closed_by_expected":false,"missed_expected":true,"feature_kind":"request"},"geometry":{"type":"Point","coordinates":[-75.23278228,40.03959803]}},{"type":"Feature","properties":{"id":"17629368","status":"Closed","zipcode":"19128","requested_date":"2025-05-30","closed_date":"2025-12-30","expected_date":"2025-12-11","days_to_close":214.1,"closed_within_180_days":false,"closed_by_expected":false,"missed_expected":true,"feature_kind":"request"},"geometry":{"type":"Point","coordinates":[-75.23278228,40.03959803]}},{"type":"Feature","properties":{"id":"17630089","status":"Open","zipcode":"19131","requested_date":"2025-05-31","closed_date":null,"expected_date":"2025-12-05","days_to_close":null,"closed_within_180_days":false,"closed_by_expected":false,"missed_expected":true,"feature_kind":"request"},"geometry":{"type":"Point","coordinates":[-75.22818978,39.99961732]}},{"type":"Feature","properties":{"id":"17630258","status":"Closed","zipcode":"19128","requested_date":"2025-05-31","closed_date":"2025-12-31","expected_date":"2025-12-11","days_to_close":213.9,"closed_within_180_days":false,"closed_by_expected":false,"missed_expected":true,"feature_kind":"request"},"geometry":{"type":"Point","coordinates":[-75.23191979,40.03771689]}},{"type":"Feature","properties":{"id":"17631390","status":"Open","zipcode":"19131","requested_date":"2025-06-02","closed_date":null,"expected_date":"2025-12-08","days_to_close":null,"closed_within_180_days":false,"closed_by_expected":false,"missed_expected":true,"feature_kind":"request"},"geometry":{"type":"Point","coordinates":[-75.23089565,39.972672]}},{"type":"Feature","properties":{"id":"17631396","status":"Open","zipcode":"19131","requested_date":"2025-06-02","closed_date":null,"expected_date":"2025-12-08","days_to_close":null,"closed_within_180_days":false,"closed_by_expected":false,"missed_expected":true,"feature_kind":"request"},"geometry":{"type":"Point","coordinates":[-75.22901754,39.9734373]}},{"type":"Feature","properties":{"id":"17631401","status":"Open","zipcode":"19131","requested_date":"2025-06-02","closed_date":null,"expected_date":"2025-12-08","days_to_close":null,"closed_within_180_days":false,"closed_by_expected":false,"missed_expected":true,"feature_kind":"request"},"geometry":{"type":"Point","coordinates":[-75.2293534,39.97375622]}},{"type":"Feature","properties":{"id":"17631934","status":"Open","zipcode":"19131","requested_date":"2025-06-02","closed_date":null,"expected_date":"2025-12-08","days_to_close":null,"closed_within_180_days":false,"closed_by_expected":false,"missed_expected":true,"feature_kind":"request"},"geometry":{"type":"Point","coordinates":[-75.23409291,39.97346747]}},{"type":"Feature","properties":{"id":"17632206","status":"Open","zipcode":"19131","requested_date":"2025-06-02","closed_date":null,"expected_date":"2025-12-08","days_to_close":null,"closed_within_180_days":false,"closed_by_expected":false,"missed_expected":true,"feature_kind":"request"},"geometry":{"type":"Point","coordinates":[-75.23385702,39.96935309]}},{"type":"Feature","properties":{"id":"17633091","status":"Open","zipcode":"19131","requested_date":"2025-06-02","closed_date":null,"expected_date":"2025-12-08","days_to_close":null,"closed_within_180_days":false,"closed_by_expected":false,"missed_expected":true,"feature_kind":"request"},"geometry":{"type":"Point","coordinates":[-75.23481211,39.97299551]}},{"type":"Feature","properties":{"id":"17634338","status":"Open","zipcode":"19131","requested_date":"2025-06-03","closed_date":null,"expected_date":"2025-12-09","days_to_close":null,"closed_within_180_days":false,"closed_by_expected":false,"missed_expected":true,"feature_kind":"request"},"geometry":{"type":"Point","coordinates":[-75.23017568,39.96843876]}},{"type":"Feature","properties":{"id":"17634362","status":"Open","zipcode":"19131","requested_date":"2025-06-03","closed_date":null,"expected_date":"2025-12-09","days_to_close":null,"closed_within_180_days":false,"closed_by_expected":false,"missed_expected":true,"feature_kind":"request"},"geometry":{"type":"Point","coordinates":[-75.23017568,39.96843876]}},{"type":"Feature","properties":{"id":"17634379","status":"Open","zipcode":"19131","requested_date":"2025-06-03","closed_date":null,"expected_date":"2025-12-09","days_to_close":null,"closed_within_180_days":false,"closed_by_expected":false,"missed_expected":true,"feature_kind":"request"},"geometry":{"type":"Point","coordinates":[-75.23017568,39.96843876]}},{"type":"Feature","properties":{"id":"17634998","status":"Open","zipcode":"19131","requested_date":"2025-06-03","closed_date":null,"expected_date":"2025-12-09","days_to_close":null,"closed_within_180_days":false,"closed_by_expected":false,"missed_expected":true,"feature_kind":"request"},"geometry":{"type":"Point","coordinates":[-75.23481904,39.97303392]}},{"type":"Feature","properties":{"id":"17635976","status":"Open","zipcode":"19131","requested_date":"2025-06-03","closed_date":null,"expected_date":"2025-12-09","days_to_close":null,"closed_within_180_days":false,"closed_by_expected":false,"missed_expected":true,"feature_kind":"request"},"geometry":{"type":"Point","coordinates":[-75.23463735,39.96905503]}},{"type":"Feature","properties":{"id":"17636324","status":"Closed","zipcode":"19131","requested_date":"2025-06-03","closed_date":"2026-07-22","expected_date":"2025-12-15","days_to_close":413.6,"closed_within_180_days":false,"closed_by_expected":false,"missed_expected":true,"feature_kind":"request"},"geometry":{"type":"Point","coordinates":[-75.2395175,39.98700195]}},{"type":"Feature","properties":{"id":"17636489","status":"Open","zipcode":"19128","requested_date":"2025-06-04","closed_date":null,"expected_date":"2025-12-09","days_to_close":null,"closed_within_180_days":false,"closed_by_expected":false,"missed_expected":true,"feature_kind":"request"},"geometry":{"type":"Point","coordinates":[-75.2346833,40.04433947]}},{"type":"Feature","properties":{"id":"17637427","status":"Closed","zipcode":"19128","requested_date":"2025-06-04","closed_date":"2025-07-16","expected_date":"2025-12-10","days_to_close":42.2,"closed_within_180_days":true,"closed_by_expected":true,"missed_expected":false,"feature_kind":"request"},"geometry":{"type":"Point","coordinates":[-75.21825807,40.03353811]}},{"type":"Feature","properties":{"id":"17638864","status":"Closed","zipcode":"19131","requested_date":"2025-06-04","closed_date":"2026-07-21","expected_date":"2025-12-16","days_to_close":411.7,"closed_within_180_days":false,"closed_by_expected":false,"missed_expected":true,"feature_kind":"request"},"geometry":{"type":"Point","coordinates":[-75.23686364,39.98550783]}},{"type":"Feature","properties":{"id":"17638873","status":"Closed","zipcode":"19131","requested_date":"2025-06-04","closed_date":"2026-06-08","expected_date":"2025-12-16","days_to_close":368.7,"closed_within_180_days":false,"closed_by_expected":false,"missed_expected":true,"feature_kind":"request"},"geometry":{"type":"Point","coordinates":[-75.23718873,39.98562014]}},{"type":"Feature","properties":{"id":"17638948","status":"Closed","zipcode":"19131","requested_date":"2025-06-04","closed_date":"2026-01-08","expected_date":"2025-12-16","days_to_close":217.9,"closed_within_180_days":false,"closed_by_expected":false,"missed_expected":true,"feature_kind":"request"},"geometry":{"type":"Point","coordinates":[-75.21029525,40.00102576]}},{"type":"Feature","properties":{"id":"17639903","status":"Open","zipcode":"19131","requested_date":"2025-06-05","closed_date":null,"expected_date":"2025-12-11","days_to_close":null,"closed_within_180_days":false,"closed_by_expected":false,"missed_expected":true,"feature_kind":"request"},"geometry":{"type":"Point","coordinates":[-75.23481904,39.97303392]}},{"type":"Feature","properties":{"id":"17640276","status":"Closed","zipcode":"19128","requested_date":"2025-06-05","closed_date":"2025-07-16","expected_date":"2025-12-11","days_to_close":41.2,"closed_within_180_days":true,"closed_by_expected":true,"missed_expected":false,"feature_kind":"request"},"geometry":{"type":"Point","coordinates":[-75.21825807,40.03353811]}},{"type":"Feature","properties":{"id":"17640737","status":"Open","zipcode":"19128","requested_date":"2025-06-05","closed_date":null,"expected_date":"2025-12-11","days_to_close":null,"closed_within_180_days":false,"closed_by_expected":false,"missed_expected":true,"feature_kind":"request"},"geometry":{"type":"Point","coordinates":[-75.20199159,40.0278498]}},{"type":"Feature","properties":{"id":"17641074","status":"Open","zipcode":"19131","requested_date":"2025-06-05","closed_date":null,"expected_date":"2025-12-11","days_to_close":null,"closed_within_180_days":false,"closed_by_expected":false,"missed_expected":true,"feature_kind":"request"},"geometry":{"type":"Point","coordinates":[-75.22088201,39.96962011]}},{"type":"Feature","properties":{"id":"17641085","status":"Open","zipcode":"19131","requested_date":"2025-06-05","closed_date":null,"expected_date":"2025-12-11","days_to_close":null,"closed_within_180_days":false,"closed_by_expected":false,"missed_expected":true,"feature_kind":"request"},"geometry":{"type":"Point","coordinates":[-75.2208773,39.96957996]}},{"type":"Feature","properties":{"id":"17641103","status":"Open","zipcode":"19131","requested_date":"2025-06-05","closed_date":null,"expected_date":"2025-12-11","days_to_close":null,"closed_within_180_days":false,"closed_by_expected":false,"missed_expected":true,"feature_kind":"request"},"geometry":{"type":"Point","coordinates":[-75.22106383,39.96973211]}},{"type":"Feature","properties":{"id":"17641440","status":"Closed","zipcode":"19128","requested_date":"2025-06-05","closed_date":"2025-07-16","expected_date":"2025-12-11","days_to_close":41,"closed_within_180_days":true,"closed_by_expected":true,"missed_expected":false,"feature_kind":"request"},"geometry":{"type":"Point","coordinates":[-75.21825807,40.03353811]}},{"type":"Feature","properties":{"id":"17641820","status":"Open","zipcode":"19131","requested_date":"2025-06-06","closed_date":null,"expected_date":"2025-12-11","days_to_close":null,"closed_within_180_days":false,"closed_by_expected":false,"missed_expected":true,"feature_kind":"request"},"geometry":{"type":"Point","coordinates":[-75.22414082,39.97672498]}},{"type":"Feature","properties":{"id":"17641838","status":"Open","zipcode":"19128","requested_date":"2025-06-06","closed_date":null,"expected_date":"2025-12-11","days_to_close":null,"closed_within_180_days":false,"closed_by_expected":false,"missed_expected":true,"feature_kind":"request"},"geometry":{"type":"Point","coordinates":[-75.21361307,40.02995571]}},{"type":"Feature","properties":{"id":"17642622","status":"Open","zipcode":"19131","requested_date":"2025-06-06","closed_date":null,"expected_date":"2025-12-12","days_to_close":null,"closed_within_180_days":false,"closed_by_expected":false,"missed_expected":true,"feature_kind":"request"},"geometry":{"type":"Point","coordinates":[-75.22444816,39.97376349]}},{"type":"Feature","properties":{"id":"17643067","status":"Open","zipcode":"19128","requested_date":"2025-06-06","closed_date":null,"expected_date":"2025-12-12","days_to_close":null,"closed_within_180_days":false,"closed_by_expected":false,"missed_expected":true,"feature_kind":"request"},"geometry":{"type":"Point","coordinates":[-75.2346833,40.04433947]}},{"type":"Feature","properties":{"id":"17643073","status":"Open","zipcode":"19131","requested_date":"2025-06-06","closed_date":null,"expected_date":"2025-12-12","days_to_close":null,"closed_within_180_days":false,"closed_by_expected":false,"missed_expected":true,"feature_kind":"request"},"geometry":{"type":"Point","coordinates":[-75.22136216,39.99006285]}},{"type":"Feature","properties":{"id":"17643176","status":"Open","zipcode":"19128","requested_date":"2025-06-06","closed_date":null,"expected_date":"2025-12-12","days_to_close":null,"closed_within_180_days":false,"closed_by_expected":false,"missed_expected":true,"feature_kind":"request"},"geometry":{"type":"Point","coordinates":[-75.2346833,40.04433947]}},{"type":"Feature","properties":{"id":"17643242","status":"Closed","zipcode":"19128","requested_date":"2025-06-06","closed_date":"2025-12-12","expected_date":"2025-12-12","days_to_close":189,"closed_within_180_days":false,"closed_by_expected":false,"missed_expected":true,"feature_kind":"request"},"geometry":{"type":"Point","coordinates":[-75.21341023,40.02893533]}},{"type":"Feature","properties":{"id":"17643362","status":"Open","zipcode":"19131","requested_date":"2025-06-06","closed_date":null,"expected_date":"2025-12-12","days_to_close":null,"closed_within_180_days":false,"closed_by_expected":false,"missed_expected":true,"feature_kind":"request"},"geometry":{"type":"Point","coordinates":[-75.2342306,39.96978971]}},{"type":"Feature","properties":{"id":"17643418","status":"Closed","zipcode":"19128","requested_date":"2025-06-06","closed_date":"2025-12-10","expected_date":"2025-12-12","days_to_close":187,"closed_within_180_days":false,"closed_by_expected":true,"missed_expected":false,"feature_kind":"request"},"geometry":{"type":"Point","coordinates":[-75.23508633,40.05784907]}},{"type":"Feature","properties":{"id":"17644663","status":"Closed","zipcode":"19131","requested_date":"2025-06-08","closed_date":"2026-06-30","expected_date":"2025-12-18","days_to_close":386.6,"closed_within_180_days":false,"closed_by_expected":false,"missed_expected":true,"feature_kind":"request"},"geometry":{"type":"Point","coordinates":[-75.23458574,39.98930332]}},{"type":"Feature","properties":{"id":"17644664","status":"Closed","zipcode":"19131","requested_date":"2025-06-08","closed_date":"2026-06-30","expected_date":"2025-12-12","days_to_close":386.6,"closed_within_180_days":false,"closed_by_expected":false,"missed_expected":true,"feature_kind":"request"},"geometry":{"type":"Point","coordinates":[-75.23458574,39.98930332]}},{"type":"Feature","properties":{"id":"17644666","status":"Closed","zipcode":"19131","requested_date":"2025-06-08","closed_date":"2026-06-30","expected_date":"2025-12-18","days_to_close":386.6,"closed_within_180_days":false,"closed_by_expected":false,"missed_expected":true,"feature_kind":"request"},"geometry":{"type":"Point","coordinates":[-75.23458574,39.98930332]}},{"type":"Feature","properties":{"id":"17645011","status":"Open","zipcode":"19131","requested_date":"2025-06-09","closed_date":null,"expected_date":"2025-12-15","days_to_close":null,"closed_within_180_days":false,"closed_by_expected":false,"missed_expected":true,"feature_kind":"request"},"geometry":{"type":"Point","coordinates":[-75.21868781,39.97426116]}},{"type":"Feature","properties":{"id":"17645954","status":"Open","zipcode":"19131","requested_date":"2025-06-09","closed_date":null,"expected_date":"2025-12-15","days_to_close":null,"closed_within_180_days":false,"closed_by_expected":false,"missed_expected":true,"feature_kind":"request"},"geometry":{"type":"Point","coordinates":[-75.23180429,39.97121907]}},{"type":"Feature","properties":{"id":"17646647","status":"Closed","zipcode":"19128","requested_date":"2025-06-09","closed_date":"2025-07-16","expected_date":"2025-12-15","days_to_close":37.1,"closed_within_180_days":true,"closed_by_expected":true,"missed_expected":false,"feature_kind":"request"},"geometry":{"type":"Point","coordinates":[-75.21825807,40.03353811]}},{"type":"Feature","properties":{"id":"17647641","status":"Closed","zipcode":"19131","requested_date":"2025-06-10","closed_date":"2026-07-01","expected_date":"2025-12-19","days_to_close":386,"closed_within_180_days":false,"closed_by_expected":false,"missed_expected":true,"feature_kind":"request"},"geometry":{"type":"Point","coordinates":[-75.23140312,39.97700415]}},{"type":"Feature","properties":{"id":"17648095","status":"Closed","zipcode":"19131","requested_date":"2025-06-10","closed_date":"2025-06-12","expected_date":"2025-12-16","days_to_close":2.2,"closed_within_180_days":true,"closed_by_expected":true,"missed_expected":false,"feature_kind":"request"},"geometry":{"type":"Point","coordinates":[-75.23422253,39.99404951]}},{"type":"Feature","properties":{"id":"17648915","status":"Closed","zipcode":"19128","requested_date":"2025-06-10","closed_date":"2025-12-11","expected_date":"2025-12-16","days_to_close":184.1,"closed_within_180_days":false,"closed_by_expected":true,"missed_expected":false,"feature_kind":"request"},"geometry":{"type":"Point","coordinates":[-75.21289743,40.02795868]}},{"type":"Feature","properties":{"id":"17649644","status":"Closed","zipcode":"19131","requested_date":"2025-06-10","closed_date":"2026-07-22","expected_date":"2025-12-22","days_to_close":406.6,"closed_within_180_days":false,"closed_by_expected":false,"missed_expected":true,"feature_kind":"request"},"geometry":{"type":"Point","coordinates":[-75.23916044,39.98747232]}},{"type":"Feature","properties":{"id":"17649821","status":"Closed","zipcode":"19131","requested_date":"2025-06-10","closed_date":"2026-07-14","expected_date":"2025-12-22","days_to_close":398.8,"closed_within_180_days":false,"closed_by_expected":false,"missed_expected":true,"feature_kind":"request"},"geometry":{"type":"Point","coordinates":[-75.23567618,39.98689682]}},{"type":"Feature","properties":{"id":"17652272","status":"Open","zipcode":"19131","requested_date":"2025-06-11","closed_date":null,"expected_date":"2025-12-16","days_to_close":null,"closed_within_180_days":false,"closed_by_expected":false,"missed_expected":true,"feature_kind":"request"},"geometry":{"type":"Point","coordinates":[-75.23042578,39.98440413]}},{"type":"Feature","properties":{"id":"17654781","status":"Closed","zipcode":"19128","requested_date":"2025-06-11","closed_date":"2025-12-11","expected_date":"2025-12-17","days_to_close":183.3,"closed_within_180_days":false,"closed_by_expected":true,"missed_expected":false,"feature_kind":"request"},"geometry":{"type":"Point","coordinates":[-75.21136075,40.02611441]}},{"type":"Feature","properties":{"id":"17654825","status":"Closed","zipcode":"19131","requested_date":"2025-06-11","closed_date":"2026-07-24","expected_date":"2025-12-22","days_to_close":408,"closed_within_180_days":false,"closed_by_expected":false,"missed_expected":true,"feature_kind":"request"},"geometry":{"type":"Point","coordinates":[-75.24687427,39.99010905]}},{"type":"Feature","properties":{"id":"17655274","status":"Closed","zipcode":"19131","requested_date":"2025-06-11","closed_date":"2026-07-03","expected_date":"2025-12-22","days_to_close":386.9,"closed_within_180_days":false,"closed_by_expected":false,"missed_expected":true,"feature_kind":"request"},"geometry":{"type":"Point","coordinates":[-75.23352633,39.98568637]}},{"type":"Feature","properties":{"id":"17655429","status":"Open","zipcode":"19131","requested_date":"2025-06-11","closed_date":null,"expected_date":"2025-12-17","days_to_close":null,"closed_within_180_days":false,"closed_by_expected":false,"missed_expected":true,"feature_kind":"request"},"geometry":{"type":"Point","coordinates":[-75.22804225,39.98812387]}},{"type":"Feature","properties":{"id":"17656663","status":"Open","zipcode":"19131","requested_date":"2025-06-11","closed_date":null,"expected_date":"2025-12-17","days_to_close":null,"closed_within_180_days":false,"closed_by_expected":false,"missed_expected":true,"feature_kind":"request"},"geometry":{"type":"Point","coordinates":[-75.22636465,39.99216113]}},{"type":"Feature","properties":{"id":"17656692","status":"Open","zipcode":"19131","requested_date":"2025-06-11","closed_date":null,"expected_date":"2025-12-17","days_to_close":null,"closed_within_180_days":false,"closed_by_expected":false,"missed_expected":true,"feature_kind":"request"},"geometry":{"type":"Point","coordinates":[-75.22636465,39.99216113]}},{"type":"Feature","properties":{"id":"17657569","status":"Closed","zipcode":"19128","requested_date":"2025-06-11","closed_date":"2025-12-15","expected_date":"2025-12-17","days_to_close":186.9,"closed_within_180_days":false,"closed_by_expected":true,"missed_expected":false,"feature_kind":"request"},"geometry":{"type":"Point","coordinates":[-75.2094456,40.01799096]}},{"type":"Feature","properties":{"id":"17660633","status":"Open","zipcode":"19131","requested_date":"2025-06-11","closed_date":null,"expected_date":"2025-12-17","days_to_close":null,"closed_within_180_days":false,"closed_by_expected":false,"missed_expected":true,"feature_kind":"request"},"geometry":{"type":"Point","coordinates":[-75.22715498,39.99394088]}},{"type":"Feature","properties":{"id":"17661379","status":"Open","zipcode":"19131","requested_date":"2025-06-12","closed_date":null,"expected_date":"2025-12-17","days_to_close":null,"closed_within_180_days":false,"closed_by_expected":false,"missed_expected":true,"feature_kind":"request"},"geometry":{"type":"Point","coordinates":[-75.22093135,39.96982606]}},{"type":"Feature","properties":{"id":"17662174","status":"Open","zipcode":"19131","requested_date":"2025-06-12","closed_date":null,"expected_date":"2025-12-18","days_to_close":null,"closed_within_180_days":false,"closed_by_expected":false,"missed_expected":true,"feature_kind":"request"},"geometry":{"type":"Point","coordinates":[-75.23658309,39.96891077]}},{"type":"Feature","properties":{"id":"17662343","status":"Closed","zipcode":"19128","requested_date":"2025-06-12","closed_date":"2025-07-17","expected_date":"2025-12-18","days_to_close":35.2,"closed_within_180_days":true,"closed_by_expected":true,"missed_expected":false,"feature_kind":"request"},"geometry":{"type":"Point","coordinates":[-75.23697644,40.05847424]}},{"type":"Feature","properties":{"id":"17663028","status":"Open","zipcode":"19131","requested_date":"2025-06-12","closed_date":null,"expected_date":"2025-12-18","days_to_close":null,"closed_within_180_days":false,"closed_by_expected":false,"missed_expected":true,"feature_kind":"request"},"geometry":{"type":"Point","coordinates":[-75.2187334,39.97421341]}},{"type":"Feature","properties":{"id":"17663051","status":"Open","zipcode":"19131","requested_date":"2025-06-12","closed_date":null,"expected_date":"2025-12-18","days_to_close":null,"closed_within_180_days":false,"closed_by_expected":false,"missed_expected":true,"feature_kind":"request"},"geometry":{"type":"Point","coordinates":[-75.20705272,40.00091512]}},{"type":"Feature","properties":{"id":"17678543","status":"Closed","zipcode":"19128","requested_date":"2025-06-13","closed_date":"2025-10-28","expected_date":"2025-12-19","days_to_close":137.2,"closed_within_180_days":true,"closed_by_expected":true,"missed_expected":false,"feature_kind":"request"},"geometry":{"type":"Point","coordinates":[-75.23185041,40.04936068]}},{"type":"Feature","properties":{"id":"17685979","status":"Closed","zipcode":"19128","requested_date":"2025-06-13","closed_date":"2025-10-03","expected_date":"2025-12-19","days_to_close":112,"closed_within_180_days":true,"closed_by_expected":true,"missed_expected":false,"feature_kind":"request"},"geometry":{"type":"Point","coordinates":[-75.20743775,40.02347767]}},{"type":"Feature","properties":{"id":"17688193","status":"Open","zipcode":"19131","requested_date":"2025-06-13","closed_date":null,"expected_date":"2025-12-19","days_to_close":null,"closed_within_180_days":false,"closed_by_expected":false,"missed_expected":true,"feature_kind":"request"},"geometry":{"type":"Point","coordinates":[-75.22768798,39.98496122]}},{"type":"Feature","properties":{"id":"17695479","status":"Closed","zipcode":"19131","requested_date":"2025-06-14","closed_date":"2026-01-22","expected_date":"2025-12-25","days_to_close":222.7,"closed_within_180_days":false,"closed_by_expected":false,"missed_expected":true,"feature_kind":"request"},"geometry":{"type":"Point","coordinates":[-75.23335563,39.97562387]}},{"type":"Feature","properties":{"id":"17703092","status":"Open","zipcode":"19131","requested_date":"2025-06-14","closed_date":null,"expected_date":"2025-12-19","days_to_close":null,"closed_within_180_days":false,"closed_by_expected":false,"missed_expected":true,"feature_kind":"request"},"geometry":{"type":"Point","coordinates":[-75.20679148,40.0026874]}},{"type":"Feature","properties":{"id":"17703190","status":"Open","zipcode":"19131","requested_date":"2025-06-14","closed_date":null,"expected_date":"2025-12-19","days_to_close":null,"closed_within_180_days":false,"closed_by_expected":false,"missed_expected":true,"feature_kind":"request"},"geometry":{"type":"Point","coordinates":[-75.20679148,40.0026874]}},{"type":"Feature","properties":{"id":"17734332","status":"Closed","zipcode":"19128","requested_date":"2025-06-15","closed_date":"2025-10-03","expected_date":"2025-12-19","days_to_close":109.8,"closed_within_180_days":true,"closed_by_expected":true,"missed_expected":false,"feature_kind":"request"},"geometry":{"type":"Point","coordinates":[-75.20743775,40.02347767]}},{"type":"Feature","properties":{"id":"17771796","status":"Closed","zipcode":"19128","requested_date":"2025-06-16","closed_date":"2025-07-17","expected_date":"2025-12-19","days_to_close":31,"closed_within_180_days":true,"closed_by_expected":true,"missed_expected":false,"feature_kind":"request"},"geometry":{"type":"Point","coordinates":[-75.22556692,40.03440757]}},{"type":"Feature","properties":{"id":"17775322","status":"Open","zipcode":"19131","requested_date":"2025-06-16","closed_date":null,"expected_date":"2025-12-22","days_to_close":null,"closed_within_180_days":false,"closed_by_expected":false,"missed_expected":true,"feature_kind":"request"},"geometry":{"type":"Point","coordinates":[-75.22408389,39.97257364]}},{"type":"Feature","properties":{"id":"17775888","status":"Open","zipcode":"19131","requested_date":"2025-06-16","closed_date":null,"expected_date":"2025-12-22","days_to_close":null,"closed_within_180_days":false,"closed_by_expected":false,"missed_expected":true,"feature_kind":"request"},"geometry":{"type":"Point","coordinates":[-75.22403602,39.97258511]}},{"type":"Feature","properties":{"id":"17783826","status":"Closed","zipcode":"19131","requested_date":"2025-06-16","closed_date":"2026-07-13","expected_date":"2025-12-25","days_to_close":391.8,"closed_within_180_days":false,"closed_by_expected":false,"missed_expected":true,"feature_kind":"request"},"geometry":{"type":"Point","coordinates":[-75.23536905,39.98583164]}},{"type":"Feature","properties":{"id":"17786260","status":"Open","zipcode":"19128","requested_date":"2025-06-16","closed_date":null,"expected_date":"2025-12-22","days_to_close":null,"closed_within_180_days":false,"closed_by_expected":false,"missed_expected":true,"feature_kind":"request"},"geometry":{"type":"Point","coordinates":[-75.22109431,40.02799168]}},{"type":"Feature","properties":{"id":"17786477","status":"Closed","zipcode":"19131","requested_date":"2025-06-16","closed_date":"2026-06-23","expected_date":"2025-12-26","days_to_close":371.7,"closed_within_180_days":false,"closed_by_expected":false,"missed_expected":true,"feature_kind":"request"},"geometry":{"type":"Point","coordinates":[-75.24002866,39.98750037]}},{"type":"Feature","properties":{"id":"17789810","status":"Closed","zipcode":"19128","requested_date":"2025-06-17","closed_date":"2025-10-28","expected_date":"2025-12-22","days_to_close":133.7,"closed_within_180_days":true,"closed_by_expected":true,"missed_expected":false,"feature_kind":"request"},"geometry":{"type":"Point","coordinates":[-75.20436139,40.01771718]}},{"type":"Feature","properties":{"id":"17790252","status":"Closed","zipcode":"19128","requested_date":"2025-06-17","closed_date":"2025-12-30","expected_date":"2025-12-26","days_to_close":196.8,"closed_within_180_days":false,"closed_by_expected":false,"missed_expected":true,"feature_kind":"request"},"geometry":{"type":"Point","coordinates":[-75.22866361,40.04365843]}},{"type":"Feature","properties":{"id":"17798740","status":"Closed","zipcode":"19128","requested_date":"2025-06-17","closed_date":"2025-12-30","expected_date":"2025-12-26","days_to_close":196.3,"closed_within_180_days":false,"closed_by_expected":false,"missed_expected":true,"feature_kind":"request"},"geometry":{"type":"Point","coordinates":[-75.22977154,40.04430843]}},{"type":"Feature","properties":{"id":"17799047","status":"Closed","zipcode":"19128","requested_date":"2025-06-17","closed_date":"2025-12-30","expected_date":"2025-12-26","days_to_close":196.3,"closed_within_180_days":false,"closed_by_expected":false,"missed_expected":true,"feature_kind":"request"},"geometry":{"type":"Point","coordinates":[-75.23008682,40.04442263]}},{"type":"Feature","properties":{"id":"17799871","status":"Open","zipcode":"19131","requested_date":"2025-06-17","closed_date":null,"expected_date":"2025-12-23","days_to_close":null,"closed_within_180_days":false,"closed_by_expected":false,"missed_expected":true,"feature_kind":"request"},"geometry":{"type":"Point","coordinates":[-75.22090305,39.96978353]}},{"type":"Feature","properties":{"id":"17800320","status":"Closed","zipcode":"19131","requested_date":"2025-06-17","closed_date":"2026-07-16","expected_date":"2025-12-26","days_to_close":393.9,"closed_within_180_days":false,"closed_by_expected":false,"missed_expected":true,"feature_kind":"request"},"geometry":{"type":"Point","coordinates":[-75.23924412,39.99118489]}},{"type":"Feature","properties":{"id":"17800345","status":"Closed","zipcode":"19131","requested_date":"2025-06-17","closed_date":"2026-07-16","expected_date":"2025-12-26","days_to_close":393.9,"closed_within_180_days":false,"closed_by_expected":false,"missed_expected":true,"feature_kind":"request"},"geometry":{"type":"Point","coordinates":[-75.23911277,39.99121267]}},{"type":"Feature","properties":{"id":"17800421","status":"Closed","zipcode":"19128","requested_date":"2025-06-17","closed_date":"2025-12-30","expected_date":"2025-12-23","days_to_close":196.2,"closed_within_180_days":false,"closed_by_expected":false,"missed_expected":true,"feature_kind":"request"},"geometry":{"type":"Point","coordinates":[-75.22977154,40.04430843]}},{"type":"Feature","properties":{"id":"17800438","status":"Closed","zipcode":"19128","requested_date":"2025-06-17","closed_date":"2025-10-03","expected_date":"2025-12-23","days_to_close":108,"closed_within_180_days":true,"closed_by_expected":true,"missed_expected":false,"feature_kind":"request"},"geometry":{"type":"Point","coordinates":[-75.20743775,40.02347767]}},{"type":"Feature","properties":{"id":"17800637","status":"Open","zipcode":"19131","requested_date":"2025-06-17","closed_date":null,"expected_date":"2025-12-23","days_to_close":null,"closed_within_180_days":false,"closed_by_expected":false,"missed_expected":true,"feature_kind":"request"},"geometry":{"type":"Point","coordinates":[-75.21283453,39.97077523]}},{"type":"Feature","properties":{"id":"17801169","status":"Closed","zipcode":"19128","requested_date":"2025-06-17","closed_date":"2025-12-30","expected_date":"2025-12-23","days_to_close":196.1,"closed_within_180_days":false,"closed_by_expected":false,"missed_expected":true,"feature_kind":"request"},"geometry":{"type":"Point","coordinates":[-75.22977154,40.04430843]}},{"type":"Feature","properties":{"id":"17802470","status":"Open","zipcode":"19131","requested_date":"2025-06-18","closed_date":null,"expected_date":"2025-12-24","days_to_close":null,"closed_within_180_days":false,"closed_by_expected":false,"missed_expected":true,"feature_kind":"request"},"geometry":{"type":"Point","coordinates":[-75.22327431,40.00159552]}},{"type":"Feature","properties":{"id":"17803447","status":"Open","zipcode":"19128","requested_date":"2025-06-18","closed_date":null,"expected_date":"2025-12-24","days_to_close":null,"closed_within_180_days":false,"closed_by_expected":false,"missed_expected":true,"feature_kind":"request"},"geometry":{"type":"Point","coordinates":[-75.20872037,40.03404945]}},{"type":"Feature","properties":{"id":"17803457","status":"Open","zipcode":"19128","requested_date":"2025-06-18","closed_date":null,"expected_date":"2025-12-24","days_to_close":null,"closed_within_180_days":false,"closed_by_expected":false,"missed_expected":true,"feature_kind":"request"},"geometry":{"type":"Point","coordinates":[-75.20872037,40.03404945]}},{"type":"Feature","properties":{"id":"17804150","status":"Closed","zipcode":"19128","requested_date":"2025-06-18","closed_date":"2025-07-16","expected_date":"2025-12-24","days_to_close":27.9,"closed_within_180_days":true,"closed_by_expected":true,"missed_expected":false,"feature_kind":"request"},"geometry":{"type":"Point","coordinates":[-75.2353942,40.05716341]}},{"type":"Feature","properties":{"id":"17804175","status":"Closed","zipcode":"19128","requested_date":"2025-06-18","closed_date":"2025-07-16","expected_date":"2025-12-24","days_to_close":27.9,"closed_within_180_days":true,"closed_by_expected":true,"missed_expected":false,"feature_kind":"request"},"geometry":{"type":"Point","coordinates":[-75.21825807,40.03353811]}},{"type":"Feature","properties":{"id":"17804752","status":"Open","zipcode":"19128","requested_date":"2025-06-19","closed_date":null,"expected_date":"2025-12-25","days_to_close":null,"closed_within_180_days":false,"closed_by_expected":false,"missed_expected":true,"feature_kind":"request"},"geometry":{"type":"Point","coordinates":[-75.20567895,40.02244795]}},{"type":"Feature","properties":{"id":"17805383","status":"Closed","zipcode":"19131","requested_date":"2025-06-20","closed_date":"2026-07-23","expected_date":"2025-12-31","days_to_close":398,"closed_within_180_days":false,"closed_by_expected":false,"missed_expected":true,"feature_kind":"request"},"geometry":{"type":"Point","coordinates":[-75.23799178,39.98514292]}},{"type":"Feature","properties":{"id":"17805458","status":"Open","zipcode":"19128","requested_date":"2025-06-20","closed_date":null,"expected_date":"2025-12-29","days_to_close":null,"closed_within_180_days":false,"closed_by_expected":false,"missed_expected":true,"feature_kind":"request"},"geometry":{"type":"Point","coordinates":[-75.20648043,40.03096469]}},{"type":"Feature","properties":{"id":"17807137","status":"Open","zipcode":"19131","requested_date":"2025-06-20","closed_date":null,"expected_date":"2025-12-29","days_to_close":null,"closed_within_180_days":false,"closed_by_expected":false,"missed_expected":true,"feature_kind":"request"},"geometry":{"type":"Point","coordinates":[-75.2187334,39.97421341]}},{"type":"Feature","properties":{"id":"17807499","status":"Open","zipcode":"19128","requested_date":"2025-06-20","closed_date":null,"expected_date":"2025-12-30","days_to_close":null,"closed_within_180_days":false,"closed_by_expected":false,"missed_expected":true,"feature_kind":"request"},"geometry":{"type":"Point","coordinates":[-75.20469645,40.03107809]}},{"type":"Feature","properties":{"id":"17808171","status":"Closed","zipcode":"19128","requested_date":"2025-06-21","closed_date":"2025-07-16","expected_date":"2025-12-30","days_to_close":24.9,"closed_within_180_days":true,"closed_by_expected":true,"missed_expected":false,"feature_kind":"request"},"geometry":{"type":"Point","coordinates":[-75.23288177,40.04742538]}},{"type":"Feature","properties":{"id":"17808394","status":"Closed","zipcode":"19128","requested_date":"2025-06-22","closed_date":"2025-07-16","expected_date":"2025-12-30","days_to_close":24.3,"closed_within_180_days":true,"closed_by_expected":true,"missed_expected":false,"feature_kind":"request"},"geometry":{"type":"Point","coordinates":[-75.21825807,40.03353811]}},{"type":"Feature","properties":{"id":"17808520","status":"Closed","zipcode":"19128","requested_date":"2025-06-22","closed_date":"2025-07-16","expected_date":"2025-12-30","days_to_close":24,"closed_within_180_days":true,"closed_by_expected":true,"missed_expected":false,"feature_kind":"request"},"geometry":{"type":"Point","coordinates":[-75.21372598,40.03606447]}},{"type":"Feature","properties":{"id":"17808540","status":"Closed","zipcode":"19128","requested_date":"2025-06-22","closed_date":"2025-07-16","expected_date":"2025-12-30","days_to_close":24,"closed_within_180_days":true,"closed_by_expected":true,"missed_expected":false,"feature_kind":"request"},"geometry":{"type":"Point","coordinates":[-75.21372598,40.03606447]}},{"type":"Feature","properties":{"id":"17808822","status":"Closed","zipcode":"19128","requested_date":"2025-06-23","closed_date":"2025-10-28","expected_date":"2025-12-30","days_to_close":127.2,"closed_within_180_days":true,"closed_by_expected":true,"missed_expected":false,"feature_kind":"request"},"geometry":{"type":"Point","coordinates":[-75.22045471,40.03305826]}},{"type":"Feature","properties":{"id":"17809566","status":"Closed","zipcode":"19128","requested_date":"2025-06-23","closed_date":"2025-07-16","expected_date":"2025-12-30","days_to_close":23.1,"closed_within_180_days":true,"closed_by_expected":true,"missed_expected":false,"feature_kind":"request"},"geometry":{"type":"Point","coordinates":[-75.21370141,40.03603445]}},{"type":"Feature","properties":{"id":"17809764","status":"Open","zipcode":"19131","requested_date":"2025-06-23","closed_date":null,"expected_date":"2025-12-30","days_to_close":null,"closed_within_180_days":false,"closed_by_expected":false,"missed_expected":true,"feature_kind":"request"},"geometry":{"type":"Point","coordinates":[-75.22707182,39.98046141]}},{"type":"Feature","properties":{"id":"17810350","status":"Closed","zipcode":"19128","requested_date":"2025-06-23","closed_date":"2025-12-30","expected_date":"2026-01-01","days_to_close":190.1,"closed_within_180_days":false,"closed_by_expected":true,"missed_expected":false,"feature_kind":"request"},"geometry":{"type":"Point","coordinates":[-75.24122656,40.07015182]}},{"type":"Feature","properties":{"id":"17811206","status":"Open","zipcode":"19131","requested_date":"2025-06-23","closed_date":null,"expected_date":"2025-12-31","days_to_close":null,"closed_within_180_days":false,"closed_by_expected":false,"missed_expected":true,"feature_kind":"request"},"geometry":{"type":"Point","coordinates":[-75.23757342,39.97453313]}},{"type":"Feature","properties":{"id":"17811207","status":"Open","zipcode":"19131","requested_date":"2025-06-23","closed_date":null,"expected_date":"2025-12-31","days_to_close":null,"closed_within_180_days":false,"closed_by_expected":false,"missed_expected":true,"feature_kind":"request"},"geometry":{"type":"Point","coordinates":[-75.23757342,39.97453313]}},{"type":"Feature","properties":{"id":"17811455","status":"Open","zipcode":"19131","requested_date":"2025-06-24","closed_date":null,"expected_date":"2025-12-31","days_to_close":null,"closed_within_180_days":false,"closed_by_expected":false,"missed_expected":true,"feature_kind":"request"},"geometry":{"type":"Point","coordinates":[-75.23042578,39.98440413]}},{"type":"Feature","properties":{"id":"17811779","status":"Open","zipcode":"19131","requested_date":"2025-06-24","closed_date":null,"expected_date":"2025-12-31","days_to_close":null,"closed_within_180_days":false,"closed_by_expected":false,"missed_expected":true,"feature_kind":"request"},"geometry":{"type":"Point","coordinates":[-75.22701218,39.99266202]}},{"type":"Feature","properties":{"id":"17813013","status":"Closed","zipcode":"19128","requested_date":"2025-06-24","closed_date":"2025-07-16","expected_date":"2025-12-31","days_to_close":22.1,"closed_within_180_days":true,"closed_by_expected":true,"missed_expected":false,"feature_kind":"request"},"geometry":{"type":"Point","coordinates":[-75.22495867,40.03245984]}},{"type":"Feature","properties":{"id":"17815865","status":"Open","zipcode":"19128","requested_date":"2025-06-25","closed_date":null,"expected_date":"2026-01-01","days_to_close":null,"closed_within_180_days":false,"closed_by_expected":false,"missed_expected":true,"feature_kind":"request"},"geometry":{"type":"Point","coordinates":[-75.20490131,40.02275898]}},{"type":"Feature","properties":{"id":"17816877","status":"Closed","zipcode":"19128","requested_date":"2025-06-26","closed_date":"2025-12-11","expected_date":"2026-01-02","days_to_close":168.4,"closed_within_180_days":true,"closed_by_expected":true,"missed_expected":false,"feature_kind":"request"},"geometry":{"type":"Point","coordinates":[-75.21773431,40.02728442]}},{"type":"Feature","properties":{"id":"17818153","status":"Open","zipcode":"19131","requested_date":"2025-06-26","closed_date":null,"expected_date":"2026-01-02","days_to_close":null,"closed_within_180_days":false,"closed_by_expected":false,"missed_expected":true,"feature_kind":"request"},"geometry":{"type":"Point","coordinates":[-75.22812824,39.98472526]}},{"type":"Feature","properties":{"id":"17818261","status":"Closed","zipcode":"19128","requested_date":"2025-06-26","closed_date":"2025-07-16","expected_date":"2026-01-02","days_to_close":20,"closed_within_180_days":true,"closed_by_expected":true,"missed_expected":false,"feature_kind":"request"},"geometry":{"type":"Point","coordinates":[-75.21372598,40.03606447]}},{"type":"Feature","properties":{"id":"17818298","status":"Closed","zipcode":"19131","requested_date":"2025-06-26","closed_date":"2026-07-07","expected_date":"2026-01-02","days_to_close":375.8,"closed_within_180_days":false,"closed_by_expected":false,"missed_expected":true,"feature_kind":"request"},"geometry":{"type":"Point","coordinates":[-75.23327349,39.97978283]}},{"type":"Feature","properties":{"id":"17818853","status":"Open","zipcode":"19131","requested_date":"2025-06-26","closed_date":null,"expected_date":"2026-01-05","days_to_close":null,"closed_within_180_days":false,"closed_by_expected":false,"missed_expected":true,"feature_kind":"request"},"geometry":{"type":"Point","coordinates":[-75.22438849,40.00051818]}},{"type":"Feature","properties":{"id":"17818907","status":"Closed","zipcode":"19128","requested_date":"2025-06-26","closed_date":"2025-07-16","expected_date":"2026-01-05","days_to_close":19.9,"closed_within_180_days":true,"closed_by_expected":true,"missed_expected":false,"feature_kind":"request"},"geometry":{"type":"Point","coordinates":[-75.22329394,40.03233613]}},{"type":"Feature","properties":{"id":"17819729","status":"Open","zipcode":"19131","requested_date":"2025-06-27","closed_date":null,"expected_date":"2026-01-05","days_to_close":null,"closed_within_180_days":false,"closed_by_expected":false,"missed_expected":true,"feature_kind":"request"},"geometry":{"type":"Point","coordinates":[-75.22500241,40.0002093]}},{"type":"Feature","properties":{"id":"17819739","status":"Open","zipcode":"19131","requested_date":"2025-06-27","closed_date":null,"expected_date":"2026-01-05","days_to_close":null,"closed_within_180_days":false,"closed_by_expected":false,"missed_expected":true,"feature_kind":"request"},"geometry":{"type":"Point","coordinates":[-75.22500241,40.0002093]}},{"type":"Feature","properties":{"id":"17820525","status":"Closed","zipcode":"19128","requested_date":"2025-06-27","closed_date":"2025-07-16","expected_date":"2026-01-05","days_to_close":19,"closed_within_180_days":true,"closed_by_expected":true,"missed_expected":false,"feature_kind":"request"},"geometry":{"type":"Point","coordinates":[-75.21372598,40.03606447]}},{"type":"Feature","properties":{"id":"17820794","status":"Closed","zipcode":"19131","requested_date":"2025-06-27","closed_date":"2026-06-08","expected_date":"2026-01-08","days_to_close":345.7,"closed_within_180_days":false,"closed_by_expected":false,"missed_expected":true,"feature_kind":"request"},"geometry":{"type":"Point","coordinates":[-75.23578633,39.97993609]}},{"type":"Feature","properties":{"id":"17820807","status":"Open","zipcode":"19131","requested_date":"2025-06-27","closed_date":null,"expected_date":"2026-01-05","days_to_close":null,"closed_within_180_days":false,"closed_by_expected":false,"missed_expected":true,"feature_kind":"request"},"geometry":{"type":"Point","coordinates":[-75.20428911,40.00366681]}},{"type":"Feature","properties":{"id":"17820818","status":"Open","zipcode":"19131","requested_date":"2025-06-27","closed_date":null,"expected_date":"2026-01-05","days_to_close":null,"closed_within_180_days":false,"closed_by_expected":false,"missed_expected":true,"feature_kind":"request"},"geometry":{"type":"Point","coordinates":[-75.20711247,40.00439757]}},{"type":"Feature","properties":{"id":"17820873","status":"Closed","zipcode":"19128","requested_date":"2025-06-27","closed_date":"2025-07-16","expected_date":"2026-01-05","days_to_close":19,"closed_within_180_days":true,"closed_by_expected":true,"missed_expected":false,"feature_kind":"request"},"geometry":{"type":"Point","coordinates":[-75.21825807,40.03353811]}},{"type":"Feature","properties":{"id":"17821581","status":"Open","zipcode":"19131","requested_date":"2025-06-28","closed_date":null,"expected_date":"2026-01-06","days_to_close":null,"closed_within_180_days":false,"closed_by_expected":false,"missed_expected":true,"feature_kind":"request"},"geometry":{"type":"Point","coordinates":[-75.2259691,39.97977364]}},{"type":"Feature","properties":{"id":"17821585","status":"Open","zipcode":"19131","requested_date":"2025-06-28","closed_date":null,"expected_date":"2026-01-06","days_to_close":null,"closed_within_180_days":false,"closed_by_expected":false,"missed_expected":true,"feature_kind":"request"},"geometry":{"type":"Point","coordinates":[-75.22603919,39.97979928]}},{"type":"Feature","properties":{"id":"17821588","status":"Open","zipcode":"19131","requested_date":"2025-06-28","closed_date":null,"expected_date":"2026-01-06","days_to_close":null,"closed_within_180_days":false,"closed_by_expected":false,"missed_expected":true,"feature_kind":"request"},"geometry":{"type":"Point","coordinates":[-75.22591688,39.97975428]}},{"type":"Feature","properties":{"id":"17821820","status":"Open","zipcode":"19128","requested_date":"2025-06-29","closed_date":null,"expected_date":"2026-01-08","days_to_close":null,"closed_within_180_days":false,"closed_by_expected":false,"missed_expected":true,"feature_kind":"request"},"geometry":{"type":"Point","coordinates":[-75.21419665,40.03000098]}},{"type":"Feature","properties":{"id":"17821917","status":"Open","zipcode":"19131","requested_date":"2025-06-29","closed_date":null,"expected_date":"2026-01-06","days_to_close":null,"closed_within_180_days":false,"closed_by_expected":false,"missed_expected":true,"feature_kind":"request"},"geometry":{"type":"Point","coordinates":[-75.22322416,39.99075664]}},{"type":"Feature","properties":{"id":"17821919","status":"Open","zipcode":"19131","requested_date":"2025-06-29","closed_date":null,"expected_date":"2026-01-06","days_to_close":null,"closed_within_180_days":false,"closed_by_expected":false,"missed_expected":true,"feature_kind":"request"},"geometry":{"type":"Point","coordinates":[-75.22309201,39.99088585]}},{"type":"Feature","properties":{"id":"17822292","status":"Open","zipcode":"19131","requested_date":"2025-06-30","closed_date":null,"expected_date":"2026-01-06","days_to_close":null,"closed_within_180_days":false,"closed_by_expected":false,"missed_expected":true,"feature_kind":"request"},"geometry":{"type":"Point","coordinates":[-75.22488233,40.00020293]}},{"type":"Feature","properties":{"id":"17822295","status":"Open","zipcode":"19131","requested_date":"2025-06-30","closed_date":null,"expected_date":"2026-01-06","days_to_close":null,"closed_within_180_days":false,"closed_by_expected":false,"missed_expected":true,"feature_kind":"request"},"geometry":{"type":"Point","coordinates":[-75.2250565,40.00023937]}},{"type":"Feature","properties":{"id":"17823396","status":"Closed","zipcode":"19131","requested_date":"2025-06-30","closed_date":"2026-02-27","expected_date":"2026-01-08","days_to_close":242.2,"closed_within_180_days":false,"closed_by_expected":false,"missed_expected":true,"feature_kind":"request"},"geometry":{"type":"Point","coordinates":[-75.227885,39.98656999]}},{"type":"Feature","properties":{"id":"17825122","status":"Open","zipcode":"19131","requested_date":"2025-06-30","closed_date":null,"expected_date":"2026-01-06","days_to_close":null,"closed_within_180_days":false,"closed_by_expected":false,"missed_expected":true,"feature_kind":"request"},"geometry":{"type":"Point","coordinates":[-75.2241386,39.97266449]}},{"type":"Feature","properties":{"id":"17826362","status":"Open","zipcode":"19131","requested_date":"2025-06-30","closed_date":null,"expected_date":"2026-01-06","days_to_close":null,"closed_within_180_days":false,"closed_by_expected":false,"missed_expected":true,"feature_kind":"request"},"geometry":{"type":"Point","coordinates":[-75.22621484,39.98796255]}},{"type":"Feature","properties":{"id":"17855042","status":"Closed","zipcode":"19128","requested_date":"2025-07-01","closed_date":"2025-12-18","expected_date":"2026-01-07","days_to_close":169.8,"closed_within_180_days":true,"closed_by_expected":true,"missed_expected":false,"feature_kind":"request"},"geometry":{"type":"Point","coordinates":[-75.22622203,40.03414253]}},{"type":"Feature","properties":{"id":"17868949","status":"Closed","zipcode":"19128","requested_date":"2025-07-02","closed_date":"2025-12-19","expected_date":"2026-01-08","days_to_close":170.1,"closed_within_180_days":true,"closed_by_expected":true,"missed_expected":false,"feature_kind":"request"},"geometry":{"type":"Point","coordinates":[-75.21948472,40.03555191]}},{"type":"Feature","properties":{"id":"17868965","status":"Closed","zipcode":"19128","requested_date":"2025-07-02","closed_date":"2025-12-19","expected_date":"2026-01-08","days_to_close":170.1,"closed_within_180_days":true,"closed_by_expected":true,"missed_expected":false,"feature_kind":"request"},"geometry":{"type":"Point","coordinates":[-75.21889392,40.03533661]}},{"type":"Feature","properties":{"id":"17869591","status":"Open","zipcode":"19131","requested_date":"2025-07-02","closed_date":null,"expected_date":"2026-01-08","days_to_close":null,"closed_within_180_days":false,"closed_by_expected":false,"missed_expected":true,"feature_kind":"request"},"geometry":{"type":"Point","coordinates":[-75.2250565,40.00023937]}},{"type":"Feature","properties":{"id":"17870141","status":"Open","zipcode":"19131","requested_date":"2025-07-02","closed_date":null,"expected_date":"2026-01-09","days_to_close":null,"closed_within_180_days":false,"closed_by_expected":false,"missed_expected":true,"feature_kind":"request"},"geometry":{"type":"Point","coordinates":[-75.22567393,39.96847022]}},{"type":"Feature","properties":{"id":"17871336","status":"Open","zipcode":"19128","requested_date":"2025-07-03","closed_date":null,"expected_date":"2026-01-09","days_to_close":null,"closed_within_180_days":false,"closed_by_expected":false,"missed_expected":true,"feature_kind":"request"},"geometry":{"type":"Point","coordinates":[-75.21168092,40.02077934]}},{"type":"Feature","properties":{"id":"17872009","status":"Open","zipcode":"19131","requested_date":"2025-07-05","closed_date":null,"expected_date":"2026-01-13","days_to_close":null,"closed_within_180_days":false,"closed_by_expected":false,"missed_expected":true,"feature_kind":"request"},"geometry":{"type":"Point","coordinates":[-75.229882,39.984949]}},{"type":"Feature","properties":{"id":"17872010","status":"Closed","zipcode":"19131","requested_date":"2025-07-05","closed_date":"2026-06-23","expected_date":"2026-01-13","days_to_close":353.1,"closed_within_180_days":false,"closed_by_expected":false,"missed_expected":true,"feature_kind":"request"},"geometry":{"type":"Point","coordinates":[-75.23162005,39.98455501]}},{"type":"Feature","properties":{"id":"17872147","status":"Closed","zipcode":"19128","requested_date":"2025-07-05","closed_date":"2025-12-18","expected_date":"2026-01-13","days_to_close":165.8,"closed_within_180_days":true,"closed_by_expected":true,"missed_expected":false,"feature_kind":"request"},"geometry":{"type":"Point","coordinates":[-75.22753653,40.03548763]}},{"type":"Feature","properties":{"id":"17893800","status":"Closed","zipcode":"19131","requested_date":"2025-07-07","closed_date":"2026-06-23","expected_date":"2026-01-14","days_to_close":351.1,"closed_within_180_days":false,"closed_by_expected":false,"missed_expected":true,"feature_kind":"request"},"geometry":{"type":"Point","coordinates":[-75.23162005,39.98455501]}},{"type":"Feature","properties":{"id":"17896698","status":"Open","zipcode":"19128","requested_date":"2025-07-07","closed_date":null,"expected_date":"2026-01-13","days_to_close":null,"closed_within_180_days":false,"closed_by_expected":false,"missed_expected":true,"feature_kind":"request"},"geometry":{"type":"Point","coordinates":[-75.21361307,40.02995571]}},{"type":"Feature","properties":{"id":"17896945","status":"Open","zipcode":"19131","requested_date":"2025-07-07","closed_date":null,"expected_date":"2026-01-13","days_to_close":null,"closed_within_180_days":false,"closed_by_expected":false,"missed_expected":true,"feature_kind":"request"},"geometry":{"type":"Point","coordinates":[-75.21950549,39.97352936]}},{"type":"Feature","properties":{"id":"17897929","status":"Open","zipcode":"19131","requested_date":"2025-07-07","closed_date":null,"expected_date":"2026-01-13","days_to_close":null,"closed_within_180_days":false,"closed_by_expected":false,"missed_expected":true,"feature_kind":"request"},"geometry":{"type":"Point","coordinates":[-75.23174571,39.97123073]}},{"type":"Feature","properties":{"id":"17899333","status":"Open","zipcode":"19128","requested_date":"2025-07-07","closed_date":null,"expected_date":"2026-01-13","days_to_close":null,"closed_within_180_days":false,"closed_by_expected":false,"missed_expected":true,"feature_kind":"request"},"geometry":{"type":"Point","coordinates":[-75.21137757,40.01986556]}},{"type":"Feature","properties":{"id":"17904275","status":"Open","zipcode":"19128","requested_date":"2025-07-07","closed_date":null,"expected_date":"2026-01-14","days_to_close":null,"closed_within_180_days":false,"closed_by_expected":false,"missed_expected":true,"feature_kind":"request"},"geometry":{"type":"Point","coordinates":[-75.21337008,40.03719609]}},{"type":"Feature","properties":{"id":"17904280","status":"Open","zipcode":"19128","requested_date":"2025-07-07","closed_date":null,"expected_date":"2026-01-14","days_to_close":null,"closed_within_180_days":false,"closed_by_expected":false,"missed_expected":true,"feature_kind":"request"},"geometry":{"type":"Point","coordinates":[-75.21290502,40.03619997]}},{"type":"Feature","properties":{"id":"17904446","status":"Open","zipcode":"19128","requested_date":"2025-07-07","closed_date":null,"expected_date":"2026-01-14","days_to_close":null,"closed_within_180_days":false,"closed_by_expected":false,"missed_expected":true,"feature_kind":"request"},"geometry":{"type":"Point","coordinates":[-75.20828173,40.03213155]}},{"type":"Feature","properties":{"id":"17904780","status":"Open","zipcode":"19131","requested_date":"2025-07-08","closed_date":null,"expected_date":"2026-01-14","days_to_close":null,"closed_within_180_days":false,"closed_by_expected":false,"missed_expected":true,"feature_kind":"request"},"geometry":{"type":"Point","coordinates":[-75.22916785,39.98828682]}},{"type":"Feature","properties":{"id":"17904785","status":"Open","zipcode":"19131","requested_date":"2025-07-08","closed_date":null,"expected_date":"2026-01-14","days_to_close":null,"closed_within_180_days":false,"closed_by_expected":false,"missed_expected":true,"feature_kind":"request"},"geometry":{"type":"Point","coordinates":[-75.22903173,39.98792152]}},{"type":"Feature","properties":{"id":"17904803","status":"Closed","zipcode":"19131","requested_date":"2025-07-08","closed_date":"2026-07-17","expected_date":"2026-01-15","days_to_close":374,"closed_within_180_days":false,"closed_by_expected":false,"missed_expected":true,"feature_kind":"request"},"geometry":{"type":"Point","coordinates":[-75.23638969,39.97922817]}},{"type":"Feature","properties":{"id":"17904832","status":"Open","zipcode":"19128","requested_date":"2025-07-08","closed_date":null,"expected_date":"2026-01-14","days_to_close":null,"closed_within_180_days":false,"closed_by_expected":false,"missed_expected":true,"feature_kind":"request"},"geometry":{"type":"Point","coordinates":[-75.20857356,40.03204133]}},{"type":"Feature","properties":{"id":"17905190","status":"Open","zipcode":"19128","requested_date":"2025-07-08","closed_date":null,"expected_date":"2026-01-14","days_to_close":null,"closed_within_180_days":false,"closed_by_expected":false,"missed_expected":true,"feature_kind":"request"},"geometry":{"type":"Point","coordinates":[-75.20504374,40.02096621]}},{"type":"Feature","properties":{"id":"17905938","status":"Closed","zipcode":"19128","requested_date":"2025-07-09","closed_date":"2025-12-31","expected_date":"2026-01-16","days_to_close":175.6,"closed_within_180_days":true,"closed_by_expected":true,"missed_expected":false,"feature_kind":"request"},"geometry":{"type":"Point","coordinates":[-75.2369744,40.05402801]}},{"type":"Feature","properties":{"id":"17906667","status":"Open","zipcode":"19128","requested_date":"2025-07-09","closed_date":null,"expected_date":"2026-01-15","days_to_close":null,"closed_within_180_days":false,"closed_by_expected":false,"missed_expected":true,"feature_kind":"request"},"geometry":{"type":"Point","coordinates":[-75.21228603,40.03278625]}},{"type":"Feature","properties":{"id":"17906980","status":"Closed","zipcode":"19131","requested_date":"2025-07-09","closed_date":"2026-01-21","expected_date":"2026-01-16","days_to_close":196.2,"closed_within_180_days":false,"closed_by_expected":false,"missed_expected":true,"feature_kind":"request"},"geometry":{"type":"Point","coordinates":[-75.24005799,39.98753729]}},{"type":"Feature","properties":{"id":"17906999","status":"Closed","zipcode":"19131","requested_date":"2025-07-09","closed_date":"2026-07-22","expected_date":"2026-01-16","days_to_close":377.8,"closed_within_180_days":false,"closed_by_expected":false,"missed_expected":true,"feature_kind":"request"},"geometry":{"type":"Point","coordinates":[-75.23999197,39.98708948]}},{"type":"Feature","properties":{"id":"17908604","status":"Closed","zipcode":"19128","requested_date":"2025-07-09","closed_date":"2025-12-11","expected_date":"2026-01-16","days_to_close":154.9,"closed_within_180_days":true,"closed_by_expected":true,"missed_expected":false,"feature_kind":"request"},"geometry":{"type":"Point","coordinates":[-75.22347839,40.03143793]}},{"type":"Feature","properties":{"id":"17909203","status":"Closed","zipcode":"19131","requested_date":"2025-07-10","closed_date":"2026-07-16","expected_date":"2026-01-19","days_to_close":371,"closed_within_180_days":false,"closed_by_expected":false,"missed_expected":true,"feature_kind":"request"},"geometry":{"type":"Point","coordinates":[-75.24045913,39.99061444]}},{"type":"Feature","properties":{"id":"17910028","status":"Open","zipcode":"19131","requested_date":"2025-07-10","closed_date":null,"expected_date":"2026-01-16","days_to_close":null,"closed_within_180_days":false,"closed_by_expected":false,"missed_expected":true,"feature_kind":"request"},"geometry":{"type":"Point","coordinates":[-75.22481047,39.97009428]}},{"type":"Feature","properties":{"id":"17910240","status":"Open","zipcode":"19131","requested_date":"2025-07-10","closed_date":null,"expected_date":"2026-01-16","days_to_close":null,"closed_within_180_days":false,"closed_by_expected":false,"missed_expected":true,"feature_kind":"request"},"geometry":{"type":"Point","coordinates":[-75.22742356,39.98775596]}},{"type":"Feature","properties":{"id":"17911418","status":"Open","zipcode":"19131","requested_date":"2025-07-10","closed_date":null,"expected_date":"2026-01-19","days_to_close":null,"closed_within_180_days":false,"closed_by_expected":false,"missed_expected":true,"feature_kind":"request"},"geometry":{"type":"Point","coordinates":[-75.22994473,39.97032989]}},{"type":"Feature","properties":{"id":"17913700","status":"Closed","zipcode":"19128","requested_date":"2025-07-11","closed_date":"2025-12-10","expected_date":"2026-01-20","days_to_close":152,"closed_within_180_days":true,"closed_by_expected":true,"missed_expected":false,"feature_kind":"request"},"geometry":{"type":"Point","coordinates":[-75.22057014,40.03936367]}},{"type":"Feature","properties":{"id":"17914225","status":"Closed","zipcode":"19128","requested_date":"2025-07-12","closed_date":"2025-12-11","expected_date":"2026-01-20","days_to_close":151.9,"closed_within_180_days":true,"closed_by_expected":true,"missed_expected":false,"feature_kind":"request"},"geometry":{"type":"Point","coordinates":[-75.21502746,40.02938275]}},{"type":"Feature","properties":{"id":"17914377","status":"Open","zipcode":"19131","requested_date":"2025-07-13","closed_date":null,"expected_date":"2026-01-20","days_to_close":null,"closed_within_180_days":false,"closed_by_expected":false,"missed_expected":true,"feature_kind":"request"},"geometry":{"type":"Point","coordinates":[-75.23535424,39.97335563]}},{"type":"Feature","properties":{"id":"17914616","status":"Open","zipcode":"19131","requested_date":"2025-07-13","closed_date":null,"expected_date":"2026-01-20","days_to_close":null,"closed_within_180_days":false,"closed_by_expected":false,"missed_expected":true,"feature_kind":"request"},"geometry":{"type":"Point","coordinates":[-75.22207324,39.97262612]}},{"type":"Feature","properties":{"id":"17914617","status":"Closed","zipcode":"19131","requested_date":"2025-07-13","closed_date":"2026-06-08","expected_date":"2026-01-21","days_to_close":329.6,"closed_within_180_days":false,"closed_by_expected":false,"missed_expected":true,"feature_kind":"request"},"geometry":{"type":"Point","coordinates":[-75.23565978,39.9773333]}},{"type":"Feature","properties":{"id":"17914689","status":"Open","zipcode":"19128","requested_date":"2025-07-14","closed_date":null,"expected_date":"2026-01-20","days_to_close":null,"closed_within_180_days":false,"closed_by_expected":false,"missed_expected":true,"feature_kind":"request"},"geometry":{"type":"Point","coordinates":[-75.20509824,40.02095843]}},{"type":"Feature","properties":{"id":"17914695","status":"Closed","zipcode":"19131","requested_date":"2025-07-14","closed_date":"2026-06-25","expected_date":"2026-01-21","days_to_close":346.5,"closed_within_180_days":false,"closed_by_expected":false,"missed_expected":true,"feature_kind":"request"},"geometry":{"type":"Point","coordinates":[-75.23292119,39.98365511]}},{"type":"Feature","properties":{"id":"17915065","status":"Closed","zipcode":"19131","requested_date":"2025-07-14","closed_date":"2026-07-13","expected_date":"2026-01-21","days_to_close":364,"closed_within_180_days":false,"closed_by_expected":false,"missed_expected":true,"feature_kind":"request"},"geometry":{"type":"Point","coordinates":[-75.23435618,39.97769424]}},{"type":"Feature","properties":{"id":"17915417","status":"Open","zipcode":"19131","requested_date":"2025-07-14","closed_date":null,"expected_date":"2026-01-20","days_to_close":null,"closed_within_180_days":false,"closed_by_expected":false,"missed_expected":true,"feature_kind":"request"},"geometry":{"type":"Point","coordinates":[-75.22339141,39.98088163]}},{"type":"Feature","properties":{"id":"17917830","status":"Open","zipcode":"19128","requested_date":"2025-07-15","closed_date":null,"expected_date":"2026-01-21","days_to_close":null,"closed_within_180_days":false,"closed_by_expected":false,"missed_expected":true,"feature_kind":"request"},"geometry":{"type":"Point","coordinates":[-75.20788671,40.02394269]}},{"type":"Feature","properties":{"id":"17918543","status":"Open","zipcode":"19128","requested_date":"2025-07-15","closed_date":null,"expected_date":"2026-01-21","days_to_close":null,"closed_within_180_days":false,"closed_by_expected":false,"missed_expected":true,"feature_kind":"request"},"geometry":{"type":"Point","coordinates":[-75.21670763,40.03165454]}},{"type":"Feature","properties":{"id":"17918567","status":"Open","zipcode":"19131","requested_date":"2025-07-15","closed_date":null,"expected_date":"2026-01-21","days_to_close":null,"closed_within_180_days":false,"closed_by_expected":false,"missed_expected":true,"feature_kind":"request"},"geometry":{"type":"Point","coordinates":[-75.23314863,39.97303796]}},{"type":"Feature","properties":{"id":"17918568","status":"Open","zipcode":"19131","requested_date":"2025-07-15","closed_date":null,"expected_date":"2026-01-21","days_to_close":null,"closed_within_180_days":false,"closed_by_expected":false,"missed_expected":true,"feature_kind":"request"},"geometry":{"type":"Point","coordinates":[-75.23312722,39.97292574]}},{"type":"Feature","properties":{"id":"17918594","status":"Open","zipcode":"19131","requested_date":"2025-07-15","closed_date":null,"expected_date":"2026-01-21","days_to_close":null,"closed_within_180_days":false,"closed_by_expected":false,"missed_expected":true,"feature_kind":"request"},"geometry":{"type":"Point","coordinates":[-75.21072647,40.0072077]}},{"type":"Feature","properties":{"id":"17919779","status":"Open","zipcode":"19128","requested_date":"2025-07-15","closed_date":null,"expected_date":"2026-01-21","days_to_close":null,"closed_within_180_days":false,"closed_by_expected":false,"missed_expected":true,"feature_kind":"request"},"geometry":{"type":"Point","coordinates":[-75.22842216,40.06518494]}},{"type":"Feature","properties":{"id":"17920512","status":"Open","zipcode":"19131","requested_date":"2025-07-15","closed_date":null,"expected_date":"2026-01-22","days_to_close":null,"closed_within_180_days":false,"closed_by_expected":false,"missed_expected":true,"feature_kind":"request"},"geometry":{"type":"Point","coordinates":[-75.23118215,39.98667234]}},{"type":"Feature","properties":{"id":"17922064","status":"Closed","zipcode":"19131","requested_date":"2025-07-16","closed_date":"2026-06-23","expected_date":"2026-01-23","days_to_close":341.9,"closed_within_180_days":false,"closed_by_expected":false,"missed_expected":true,"feature_kind":"request"},"geometry":{"type":"Point","coordinates":[-75.24279556,39.98576254]}},{"type":"Feature","properties":{"id":"17924124","status":"Open","zipcode":"19131","requested_date":"2025-07-16","closed_date":null,"expected_date":"2026-01-23","days_to_close":null,"closed_within_180_days":false,"closed_by_expected":false,"missed_expected":true,"feature_kind":"request"},"geometry":{"type":"Point","coordinates":[-75.23086903,39.97136196]}},{"type":"Feature","properties":{"id":"17926290","status":"Open","zipcode":"19131","requested_date":"2025-07-17","closed_date":null,"expected_date":"2026-01-23","days_to_close":null,"closed_within_180_days":false,"closed_by_expected":false,"missed_expected":true,"feature_kind":"request"},"geometry":{"type":"Point","coordinates":[-75.20929755,39.97850822]}},{"type":"Feature","properties":{"id":"17926752","status":"Open","zipcode":"19131","requested_date":"2025-07-17","closed_date":null,"expected_date":"2026-01-23","days_to_close":null,"closed_within_180_days":false,"closed_by_expected":false,"missed_expected":true,"feature_kind":"request"},"geometry":{"type":"Point","coordinates":[-75.23121968,39.97463659]}},{"type":"Feature","properties":{"id":"17928461","status":"Open","zipcode":"19128","requested_date":"2025-07-17","closed_date":null,"expected_date":"2026-01-26","days_to_close":null,"closed_within_180_days":false,"closed_by_expected":false,"missed_expected":true,"feature_kind":"request"},"geometry":{"type":"Point","coordinates":[-75.20761599,40.02248587]}},{"type":"Feature","properties":{"id":"17928867","status":"Open","zipcode":"19128","requested_date":"2025-07-17","closed_date":null,"expected_date":"2026-01-26","days_to_close":null,"closed_within_180_days":false,"closed_by_expected":false,"missed_expected":true,"feature_kind":"request"},"geometry":{"type":"Point","coordinates":[-75.20376043,40.01855143]}},{"type":"Feature","properties":{"id":"17928983","status":"Closed","zipcode":"19128","requested_date":"2025-07-18","closed_date":"2025-12-11","expected_date":"2026-01-26","days_to_close":146.9,"closed_within_180_days":true,"closed_by_expected":true,"missed_expected":false,"feature_kind":"request"},"geometry":{"type":"Point","coordinates":[-75.2248653,40.03702382]}},{"type":"Feature","properties":{"id":"17929276","status":"Open","zipcode":"19131","requested_date":"2025-07-18","closed_date":null,"expected_date":"2026-01-26","days_to_close":null,"closed_within_180_days":false,"closed_by_expected":false,"missed_expected":true,"feature_kind":"request"},"geometry":{"type":"Point","coordinates":[-75.23089179,39.97149009]}},{"type":"Feature","properties":{"id":"17930135","status":"Open","zipcode":"19131","requested_date":"2025-07-18","closed_date":null,"expected_date":"2026-01-26","days_to_close":null,"closed_within_180_days":false,"closed_by_expected":false,"missed_expected":true,"feature_kind":"request"},"geometry":{"type":"Point","coordinates":[-75.22572669,39.96846483]}},{"type":"Feature","properties":{"id":"17932103","status":"Open","zipcode":"19131","requested_date":"2025-07-18","closed_date":null,"expected_date":"2026-01-26","days_to_close":null,"closed_within_180_days":false,"closed_by_expected":false,"missed_expected":true,"feature_kind":"request"},"geometry":{"type":"Point","coordinates":[-75.22348037,39.98101215]}},{"type":"Feature","properties":{"id":"17934528","status":"Open","zipcode":"19128","requested_date":"2025-07-21","closed_date":null,"expected_date":"2026-01-27","days_to_close":null,"closed_within_180_days":false,"closed_by_expected":false,"missed_expected":true,"feature_kind":"request"},"geometry":{"type":"Point","coordinates":[-75.20811959,40.03296563]}},{"type":"Feature","properties":{"id":"17934923","status":"Open","zipcode":"19128","requested_date":"2025-07-21","closed_date":null,"expected_date":"2026-01-27","days_to_close":null,"closed_within_180_days":false,"closed_by_expected":false,"missed_expected":true,"feature_kind":"request"},"geometry":{"type":"Point","coordinates":[-75.23711728,40.06099223]}},{"type":"Feature","properties":{"id":"17935755","status":"Open","zipcode":"19131","requested_date":"2025-07-21","closed_date":null,"expected_date":"2026-01-27","days_to_close":null,"closed_within_180_days":false,"closed_by_expected":false,"missed_expected":true,"feature_kind":"request"},"geometry":{"type":"Point","coordinates":[-75.21011834,40.00878508]}},{"type":"Feature","properties":{"id":"17936776","status":"Open","zipcode":"19128","requested_date":"2025-07-21","closed_date":null,"expected_date":"2026-01-27","days_to_close":null,"closed_within_180_days":false,"closed_by_expected":false,"missed_expected":true,"feature_kind":"request"},"geometry":{"type":"Point","coordinates":[-75.24171756,40.07254006]}},{"type":"Feature","properties":{"id":"17937255","status":"Closed","zipcode":"19128","requested_date":"2025-07-21","closed_date":"2025-12-31","expected_date":"2026-01-29","days_to_close":162.8,"closed_within_180_days":true,"closed_by_expected":true,"missed_expected":false,"feature_kind":"request"},"geometry":{"type":"Point","coordinates":[-75.24989932,40.04445765]}},{"type":"Feature","properties":{"id":"17937555","status":"Open","zipcode":"19131","requested_date":"2025-07-21","closed_date":null,"expected_date":"2026-01-28","days_to_close":null,"closed_within_180_days":false,"closed_by_expected":false,"missed_expected":true,"feature_kind":"request"},"geometry":{"type":"Point","coordinates":[-75.21011834,40.00878508]}},{"type":"Feature","properties":{"id":"17939740","status":"Open","zipcode":"19131","requested_date":"2025-07-22","closed_date":null,"expected_date":"2026-01-28","days_to_close":null,"closed_within_180_days":false,"closed_by_expected":false,"missed_expected":true,"feature_kind":"request"},"geometry":{"type":"Point","coordinates":[-75.23610626,39.97602649]}},{"type":"Feature","properties":{"id":"17939764","status":"Open","zipcode":"19131","requested_date":"2025-07-22","closed_date":null,"expected_date":"2026-01-28","days_to_close":null,"closed_within_180_days":false,"closed_by_expected":false,"missed_expected":true,"feature_kind":"request"},"geometry":{"type":"Point","coordinates":[-75.23573573,39.97631376]}},{"type":"Feature","properties":{"id":"17939846","status":"Closed","zipcode":"19131","requested_date":"2025-07-22","closed_date":"2026-07-01","expected_date":"2026-01-29","days_to_close":343.8,"closed_within_180_days":false,"closed_by_expected":false,"missed_expected":true,"feature_kind":"request"},"geometry":{"type":"Point","coordinates":[-75.23573857,39.97654329]}},{"type":"Feature","properties":{"id":"17940099","status":"Closed","zipcode":"19131","requested_date":"2025-07-22","closed_date":"2026-07-01","expected_date":"2026-01-29","days_to_close":343.8,"closed_within_180_days":false,"closed_by_expected":false,"missed_expected":true,"feature_kind":"request"},"geometry":{"type":"Point","coordinates":[-75.23845483,39.97621621]}},{"type":"Feature","properties":{"id":"17940111","status":"Closed","zipcode":"19131","requested_date":"2025-07-22","closed_date":"2026-07-01","expected_date":"2026-01-29","days_to_close":343.8,"closed_within_180_days":false,"closed_by_expected":false,"missed_expected":true,"feature_kind":"request"},"geometry":{"type":"Point","coordinates":[-75.23845483,39.97621621]}},{"type":"Feature","properties":{"id":"17940178","status":"Closed","zipcode":"19131","requested_date":"2025-07-22","closed_date":"2026-07-03","expected_date":"2026-01-29","days_to_close":345.8,"closed_within_180_days":false,"closed_by_expected":false,"missed_expected":true,"feature_kind":"request"},"geometry":{"type":"Point","coordinates":[-75.23284543,39.98335238]}},{"type":"Feature","properties":{"id":"17941470","status":"Open","zipcode":"19131","requested_date":"2025-07-23","closed_date":null,"expected_date":"2026-01-29","days_to_close":null,"closed_within_180_days":false,"closed_by_expected":false,"missed_expected":true,"feature_kind":"request"},"geometry":{"type":"Point","coordinates":[-75.2322533,39.97048632]}},{"type":"Feature","properties":{"id":"17941472","status":"Open","zipcode":"19131","requested_date":"2025-07-23","closed_date":null,"expected_date":"2026-01-29","days_to_close":null,"closed_within_180_days":false,"closed_by_expected":false,"missed_expected":true,"feature_kind":"request"},"geometry":{"type":"Point","coordinates":[-75.2322533,39.97048632]}},{"type":"Feature","properties":{"id":"17942254","status":"Open","zipcode":"19131","requested_date":"2025-07-23","closed_date":null,"expected_date":"2026-01-29","days_to_close":null,"closed_within_180_days":false,"closed_by_expected":false,"missed_expected":true,"feature_kind":"request"},"geometry":{"type":"Point","coordinates":[-75.22339141,39.98088163]}},{"type":"Feature","properties":{"id":"17942531","status":"Open","zipcode":"19131","requested_date":"2025-07-23","closed_date":null,"expected_date":"2026-01-29","days_to_close":null,"closed_within_180_days":false,"closed_by_expected":false,"missed_expected":true,"feature_kind":"request"},"geometry":{"type":"Point","coordinates":[-75.22992837,39.9755745]}},{"type":"Feature","properties":{"id":"17943209","status":"Open","zipcode":"19128","requested_date":"2025-07-23","closed_date":null,"expected_date":"2026-01-29","days_to_close":null,"closed_within_180_days":false,"closed_by_expected":false,"missed_expected":true,"feature_kind":"request"},"geometry":{"type":"Point","coordinates":[-75.20455286,40.01808944]}},{"type":"Feature","properties":{"id":"17943320","status":"Open","zipcode":"19131","requested_date":"2025-07-23","closed_date":null,"expected_date":"2026-01-29","days_to_close":null,"closed_within_180_days":false,"closed_by_expected":false,"missed_expected":true,"feature_kind":"request"},"geometry":{"type":"Point","coordinates":[-75.22206676,39.97258902]}},{"type":"Feature","properties":{"id":"17944211","status":"Open","zipcode":"19128","requested_date":"2025-07-23","closed_date":null,"expected_date":"2026-01-30","days_to_close":null,"closed_within_180_days":false,"closed_by_expected":false,"missed_expected":true,"feature_kind":"request"},"geometry":{"type":"Point","coordinates":[-75.2118068,40.0214039]}},{"type":"Feature","properties":{"id":"17946758","status":"Closed","zipcode":"19128","requested_date":"2025-07-24","closed_date":"2025-12-30","expected_date":"2026-02-02","days_to_close":159.1,"closed_within_180_days":true,"closed_by_expected":true,"missed_expected":false,"feature_kind":"request"},"geometry":{"type":"Point","coordinates":[-75.23804178,40.05953674]}},{"type":"Feature","properties":{"id":"17946982","status":"Closed","zipcode":"19131","requested_date":"2025-07-24","closed_date":"2026-06-12","expected_date":"2026-02-02","days_to_close":322.8,"closed_within_180_days":false,"closed_by_expected":false,"missed_expected":true,"feature_kind":"request"},"geometry":{"type":"Point","coordinates":[-75.2343971,39.98603783]}},{"type":"Feature","properties":{"id":"17947544","status":"Open","zipcode":"19131","requested_date":"2025-07-24","closed_date":null,"expected_date":"2026-02-02","days_to_close":null,"closed_within_180_days":false,"closed_by_expected":false,"missed_expected":true,"feature_kind":"request"},"geometry":{"type":"Point","coordinates":[-75.22905709,39.98267034]}},{"type":"Feature","properties":{"id":"17947692","status":"Closed","zipcode":"19128","requested_date":"2025-07-24","closed_date":"2025-12-11","expected_date":"2026-02-02","days_to_close":139.8,"closed_within_180_days":true,"closed_by_expected":true,"missed_expected":false,"feature_kind":"request"},"geometry":{"type":"Point","coordinates":[-75.23033516,40.04639704]}},{"type":"Feature","properties":{"id":"17948216","status":"Closed","zipcode":"19131","requested_date":"2025-07-25","closed_date":"2026-06-08","expected_date":"2026-02-03","days_to_close":318.5,"closed_within_180_days":false,"closed_by_expected":false,"missed_expected":true,"feature_kind":"request"},"geometry":{"type":"Point","coordinates":[-75.23573196,39.97783695]}},{"type":"Feature","properties":{"id":"17948277","status":"Open","zipcode":"19131","requested_date":"2025-07-25","closed_date":null,"expected_date":"2026-02-02","days_to_close":null,"closed_within_180_days":false,"closed_by_expected":false,"missed_expected":true,"feature_kind":"request"},"geometry":{"type":"Point","coordinates":[-75.2267191,39.97221392]}},{"type":"Feature","properties":{"id":"17949632","status":"Open","zipcode":"19131","requested_date":"2025-07-25","closed_date":null,"expected_date":"2026-02-02","days_to_close":null,"closed_within_180_days":false,"closed_by_expected":false,"missed_expected":true,"feature_kind":"request"},"geometry":{"type":"Point","coordinates":[-75.22946989,39.98422495]}},{"type":"Feature","properties":{"id":"17950039","status":"Closed","zipcode":"19131","requested_date":"2025-07-25","closed_date":"2026-06-05","expected_date":"2026-02-03","days_to_close":314.7,"closed_within_180_days":false,"closed_by_expected":false,"missed_expected":true,"feature_kind":"request"},"geometry":{"type":"Point","coordinates":[-75.23207399,39.97854638]}},{"type":"Feature","properties":{"id":"17950654","status":"Closed","zipcode":"19128","requested_date":"2025-07-25","closed_date":"2025-12-31","expected_date":"2026-02-04","days_to_close":158.7,"closed_within_180_days":true,"closed_by_expected":true,"missed_expected":false,"feature_kind":"request"},"geometry":{"type":"Point","coordinates":[-75.23943914,40.05375347]}},{"type":"Feature","properties":{"id":"17950718","status":"Open","zipcode":"19131","requested_date":"2025-07-25","closed_date":null,"expected_date":"2026-02-03","days_to_close":null,"closed_within_180_days":false,"closed_by_expected":false,"missed_expected":true,"feature_kind":"request"},"geometry":{"type":"Point","coordinates":[-75.22465374,39.97389379]}},{"type":"Feature","properties":{"id":"17951296","status":"Closed","zipcode":"19131","requested_date":"2025-07-26","closed_date":"2026-07-14","expected_date":"2026-02-04","days_to_close":352.8,"closed_within_180_days":false,"closed_by_expected":false,"missed_expected":true,"feature_kind":"request"},"geometry":{"type":"Point","coordinates":[-75.2348336,39.97764236]}},{"type":"Feature","properties":{"id":"17951300","status":"Closed","zipcode":"19131","requested_date":"2025-07-26","closed_date":"2026-06-23","expected_date":"2026-02-04","days_to_close":331.8,"closed_within_180_days":false,"closed_by_expected":false,"missed_expected":true,"feature_kind":"request"},"geometry":{"type":"Point","coordinates":[-75.23451194,39.97767685]}},{"type":"Feature","properties":{"id":"17951302","status":"Closed","zipcode":"19131","requested_date":"2025-07-26","closed_date":"2025-09-17","expected_date":"2026-02-03","days_to_close":52.9,"closed_within_180_days":true,"closed_by_expected":true,"missed_expected":false,"feature_kind":"request"},"geometry":{"type":"Point","coordinates":[-75.23456927,39.97767042]}},{"type":"Feature","properties":{"id":"17951401","status":"Open","zipcode":"19131","requested_date":"2025-07-26","closed_date":null,"expected_date":"2026-02-03","days_to_close":null,"closed_within_180_days":false,"closed_by_expected":false,"missed_expected":true,"feature_kind":"request"},"geometry":{"type":"Point","coordinates":[-75.22348037,39.98101215]}},{"type":"Feature","properties":{"id":"17951452","status":"Open","zipcode":"19131","requested_date":"2025-07-27","closed_date":null,"expected_date":"2026-02-03","days_to_close":null,"closed_within_180_days":false,"closed_by_expected":false,"missed_expected":true,"feature_kind":"request"},"geometry":{"type":"Point","coordinates":[-75.23361665,39.97248368]}},{"type":"Feature","properties":{"id":"17951453","status":"Open","zipcode":"19131","requested_date":"2025-07-27","closed_date":null,"expected_date":"2026-02-03","days_to_close":null,"closed_within_180_days":false,"closed_by_expected":false,"missed_expected":true,"feature_kind":"request"},"geometry":{"type":"Point","coordinates":[-75.23357507,39.97226085]}},{"type":"Feature","properties":{"id":"17952803","status":"Open","zipcode":"19131","requested_date":"2025-07-28","closed_date":null,"expected_date":"2026-02-03","days_to_close":null,"closed_within_180_days":false,"closed_by_expected":false,"missed_expected":true,"feature_kind":"request"},"geometry":{"type":"Point","coordinates":[-75.2250565,40.00023937]}},{"type":"Feature","properties":{"id":"17952904","status":"Open","zipcode":"19131","requested_date":"2025-07-28","closed_date":null,"expected_date":"2026-02-03","days_to_close":null,"closed_within_180_days":false,"closed_by_expected":false,"missed_expected":true,"feature_kind":"request"},"geometry":{"type":"Point","coordinates":[-75.22494265,40.00020965]}},{"type":"Feature","properties":{"id":"17953940","status":"Open","zipcode":"19131","requested_date":"2025-07-28","closed_date":null,"expected_date":"2026-02-03","days_to_close":null,"closed_within_180_days":false,"closed_by_expected":false,"missed_expected":true,"feature_kind":"request"},"geometry":{"type":"Point","coordinates":[-75.22381633,39.96851254]}},{"type":"Feature","properties":{"id":"17954041","status":"Closed","zipcode":"19128","requested_date":"2025-07-28","closed_date":"2026-03-18","expected_date":"2026-02-05","days_to_close":232.9,"closed_within_180_days":false,"closed_by_expected":false,"missed_expected":true,"feature_kind":"request"},"geometry":{"type":"Point","coordinates":[-75.20862465,40.02455601]}},{"type":"Feature","properties":{"id":"17954497","status":"Open","zipcode":"19131","requested_date":"2025-07-28","closed_date":null,"expected_date":"2026-02-04","days_to_close":null,"closed_within_180_days":false,"closed_by_expected":false,"missed_expected":true,"feature_kind":"request"},"geometry":{"type":"Point","coordinates":[-75.22838464,39.97683243]}},{"type":"Feature","properties":{"id":"17954556","status":"Open","zipcode":"19131","requested_date":"2025-07-28","closed_date":null,"expected_date":"2026-02-04","days_to_close":null,"closed_within_180_days":false,"closed_by_expected":false,"missed_expected":true,"feature_kind":"request"},"geometry":{"type":"Point","coordinates":[-75.22924673,39.98787788]}},{"type":"Feature","properties":{"id":"17955402","status":"Open","zipcode":"19131","requested_date":"2025-07-29","closed_date":null,"expected_date":"2026-02-04","days_to_close":null,"closed_within_180_days":false,"closed_by_expected":false,"missed_expected":true,"feature_kind":"request"},"geometry":{"type":"Point","coordinates":[-75.20293768,40.00339022]}},{"type":"Feature","properties":{"id":"17955723","status":"Closed","zipcode":"19131","requested_date":"2025-07-29","closed_date":"2026-03-03","expected_date":"2026-02-05","days_to_close":217.1,"closed_within_180_days":false,"closed_by_expected":false,"missed_expected":true,"feature_kind":"request"},"geometry":{"type":"Point","coordinates":[-75.23650609,39.9740258]}},{"type":"Feature","properties":{"id":"17956665","status":"Closed","zipcode":"19131","requested_date":"2025-07-29","closed_date":"2026-03-12","expected_date":"2026-02-06","days_to_close":225.7,"closed_within_180_days":false,"closed_by_expected":false,"missed_expected":true,"feature_kind":"request"},"geometry":{"type":"Point","coordinates":[-75.20296745,40.00414954]}},{"type":"Feature","properties":{"id":"17956675","status":"Closed","zipcode":"19131","requested_date":"2025-07-29","closed_date":"2026-03-12","expected_date":"2026-02-06","days_to_close":225.7,"closed_within_180_days":false,"closed_by_expected":false,"missed_expected":true,"feature_kind":"request"},"geometry":{"type":"Point","coordinates":[-75.20296745,40.00414954]}},{"type":"Feature","properties":{"id":"17957432","status":"Closed","zipcode":"19128","requested_date":"2025-07-30","closed_date":"2025-10-03","expected_date":"2026-02-05","days_to_close":65.2,"closed_within_180_days":true,"closed_by_expected":true,"missed_expected":false,"feature_kind":"request"},"geometry":{"type":"Point","coordinates":[-75.20743775,40.02347767]}},{"type":"Feature","properties":{"id":"17957849","status":"Open","zipcode":"19131","requested_date":"2025-07-30","closed_date":null,"expected_date":"2026-02-05","days_to_close":null,"closed_within_180_days":false,"closed_by_expected":false,"missed_expected":true,"feature_kind":"request"},"geometry":{"type":"Point","coordinates":[-75.23475956,39.96845174]}},{"type":"Feature","properties":{"id":"17957861","status":"Open","zipcode":"19131","requested_date":"2025-07-30","closed_date":null,"expected_date":"2026-02-05","days_to_close":null,"closed_within_180_days":false,"closed_by_expected":false,"missed_expected":true,"feature_kind":"request"},"geometry":{"type":"Point","coordinates":[-75.23475956,39.96845174]}},{"type":"Feature","properties":{"id":"17957882","status":"Open","zipcode":"19131","requested_date":"2025-07-30","closed_date":null,"expected_date":"2026-02-05","days_to_close":null,"closed_within_180_days":false,"closed_by_expected":false,"missed_expected":true,"feature_kind":"request"},"geometry":{"type":"Point","coordinates":[-75.23475956,39.96845174]}},{"type":"Feature","properties":{"id":"17957892","status":"Open","zipcode":"19131","requested_date":"2025-07-30","closed_date":null,"expected_date":"2026-02-05","days_to_close":null,"closed_within_180_days":false,"closed_by_expected":false,"missed_expected":true,"feature_kind":"request"},"geometry":{"type":"Point","coordinates":[-75.23475956,39.96845174]}},{"type":"Feature","properties":{"id":"17958077","status":"Open","zipcode":"19131","requested_date":"2025-07-30","closed_date":null,"expected_date":"2026-02-05","days_to_close":null,"closed_within_180_days":false,"closed_by_expected":false,"missed_expected":true,"feature_kind":"request"},"geometry":{"type":"Point","coordinates":[-75.22750315,39.97340587]}},{"type":"Feature","properties":{"id":"17959537","status":"Closed","zipcode":"19131","requested_date":"2025-07-30","closed_date":"2026-06-23","expected_date":"2026-02-09","days_to_close":327.7,"closed_within_180_days":false,"closed_by_expected":false,"missed_expected":true,"feature_kind":"request"},"geometry":{"type":"Point","coordinates":[-75.23522989,39.99329678]}},{"type":"Feature","properties":{"id":"17959854","status":"Closed","zipcode":"19131","requested_date":"2025-07-30","closed_date":"2026-06-12","expected_date":"2026-02-09","days_to_close":316.7,"closed_within_180_days":false,"closed_by_expected":false,"missed_expected":true,"feature_kind":"request"},"geometry":{"type":"Point","coordinates":[-75.23295845,39.9863304]}},{"type":"Feature","properties":{"id":"17961223","status":"Open","zipcode":"19131","requested_date":"2025-07-31","closed_date":null,"expected_date":"2026-02-06","days_to_close":null,"closed_within_180_days":false,"closed_by_expected":false,"missed_expected":true,"feature_kind":"request"},"geometry":{"type":"Point","coordinates":[-75.22781984,39.97130286]}},{"type":"Feature","properties":{"id":"17961398","status":"Open","zipcode":"19131","requested_date":"2025-07-31","closed_date":null,"expected_date":"2026-02-06","days_to_close":null,"closed_within_180_days":false,"closed_by_expected":false,"missed_expected":true,"feature_kind":"request"},"geometry":{"type":"Point","coordinates":[-75.22334178,39.98096074]}},{"type":"Feature","properties":{"id":"17964673","status":"Closed","zipcode":"19128","requested_date":"2025-08-01","closed_date":"2025-10-03","expected_date":"2026-02-10","days_to_close":62.8,"closed_within_180_days":true,"closed_by_expected":true,"missed_expected":false,"feature_kind":"request"},"geometry":{"type":"Point","coordinates":[-75.20743775,40.02347767]}},{"type":"Feature","properties":{"id":"17964868","status":"Open","zipcode":"19131","requested_date":"2025-08-01","closed_date":null,"expected_date":"2026-02-10","days_to_close":null,"closed_within_180_days":false,"closed_by_expected":false,"missed_expected":true,"feature_kind":"request"},"geometry":{"type":"Point","coordinates":[-75.2329004,39.97184633]}},{"type":"Feature","properties":{"id":"17965130","status":"Closed","zipcode":"19128","requested_date":"2025-08-02","closed_date":"2026-03-02","expected_date":"2026-02-11","days_to_close":212,"closed_within_180_days":false,"closed_by_expected":false,"missed_expected":true,"feature_kind":"request"},"geometry":{"type":"Point","coordinates":[-75.22562472,40.03611132]}},{"type":"Feature","properties":{"id":"17965514","status":"Open","zipcode":"19131","requested_date":"2025-08-03","closed_date":null,"expected_date":"2026-02-10","days_to_close":null,"closed_within_180_days":false,"closed_by_expected":false,"missed_expected":true,"feature_kind":"request"},"geometry":{"type":"Point","coordinates":[-75.22359664,39.9808121]}},{"type":"Feature","properties":{"id":"17965515","status":"Open","zipcode":"19131","requested_date":"2025-08-03","closed_date":null,"expected_date":"2026-02-10","days_to_close":null,"closed_within_180_days":false,"closed_by_expected":false,"missed_expected":true,"feature_kind":"request"},"geometry":{"type":"Point","coordinates":[-75.22359664,39.9808121]}},{"type":"Feature","properties":{"id":"17965523","status":"Open","zipcode":"19131","requested_date":"2025-08-03","closed_date":null,"expected_date":"2026-02-10","days_to_close":null,"closed_within_180_days":false,"closed_by_expected":false,"missed_expected":true,"feature_kind":"request"},"geometry":{"type":"Point","coordinates":[-75.22640828,39.99271576]}},{"type":"Feature","properties":{"id":"17965560","status":"Open","zipcode":"19128","requested_date":"2025-08-03","closed_date":null,"expected_date":"2026-02-10","days_to_close":null,"closed_within_180_days":false,"closed_by_expected":false,"missed_expected":true,"feature_kind":"request"},"geometry":{"type":"Point","coordinates":[-75.20641367,40.03099454]}},{"type":"Feature","properties":{"id":"17965580","status":"Open","zipcode":"19131","requested_date":"2025-08-03","closed_date":null,"expected_date":"2026-02-10","days_to_close":null,"closed_within_180_days":false,"closed_by_expected":false,"missed_expected":true,"feature_kind":"request"},"geometry":{"type":"Point","coordinates":[-75.22301229,39.99959023]}},{"type":"Feature","properties":{"id":"17965686","status":"Open","zipcode":"19128","requested_date":"2025-08-03","closed_date":null,"expected_date":"2026-02-10","days_to_close":null,"closed_within_180_days":false,"closed_by_expected":false,"missed_expected":true,"feature_kind":"request"},"geometry":{"type":"Point","coordinates":[-75.21882596,40.03481343]}},{"type":"Feature","properties":{"id":"17965701","status":"Open","zipcode":"19131","requested_date":"2025-08-03","closed_date":null,"expected_date":"2026-02-10","days_to_close":null,"closed_within_180_days":false,"closed_by_expected":false,"missed_expected":true,"feature_kind":"request"},"geometry":{"type":"Point","coordinates":[-75.21756323,39.97344274]}},{"type":"Feature","properties":{"id":"17965807","status":"Open","zipcode":"19131","requested_date":"2025-08-03","closed_date":null,"expected_date":"2026-02-10","days_to_close":null,"closed_within_180_days":false,"closed_by_expected":false,"missed_expected":true,"feature_kind":"request"},"geometry":{"type":"Point","coordinates":[-75.21756323,39.97344274]}},{"type":"Feature","properties":{"id":"17965810","status":"Open","zipcode":"19131","requested_date":"2025-08-03","closed_date":null,"expected_date":"2026-02-10","days_to_close":null,"closed_within_180_days":false,"closed_by_expected":false,"missed_expected":true,"feature_kind":"request"},"geometry":{"type":"Point","coordinates":[-75.21756323,39.97344274]}},{"type":"Feature","properties":{"id":"17966353","status":"Open","zipcode":"19128","requested_date":"2025-08-04","closed_date":null,"expected_date":"2026-02-10","days_to_close":null,"closed_within_180_days":false,"closed_by_expected":false,"missed_expected":true,"feature_kind":"request"},"geometry":{"type":"Point","coordinates":[-75.21156434,40.02516433]}},{"type":"Feature","properties":{"id":"17966790","status":"Open","zipcode":"19131","requested_date":"2025-08-04","closed_date":null,"expected_date":"2026-02-10","days_to_close":null,"closed_within_180_days":false,"closed_by_expected":false,"missed_expected":true,"feature_kind":"request"},"geometry":{"type":"Point","coordinates":[-75.21730099,39.97905983]}},{"type":"Feature","properties":{"id":"17966906","status":"Closed","zipcode":"19128","requested_date":"2025-08-04","closed_date":"2025-12-11","expected_date":"2026-02-10","days_to_close":129.2,"closed_within_180_days":true,"closed_by_expected":true,"missed_expected":false,"feature_kind":"request"},"geometry":{"type":"Point","coordinates":[-75.21781621,40.02738012]}},{"type":"Feature","properties":{"id":"17967029","status":"Open","zipcode":"19128","requested_date":"2025-08-04","closed_date":null,"expected_date":"2026-02-10","days_to_close":null,"closed_within_180_days":false,"closed_by_expected":false,"missed_expected":true,"feature_kind":"request"},"geometry":{"type":"Point","coordinates":[-75.22710454,40.04159947]}},{"type":"Feature","properties":{"id":"17967048","status":"Open","zipcode":"19131","requested_date":"2025-08-04","closed_date":null,"expected_date":"2026-02-10","days_to_close":null,"closed_within_180_days":false,"closed_by_expected":false,"missed_expected":true,"feature_kind":"request"},"geometry":{"type":"Point","coordinates":[-75.21759358,39.97124267]}},{"type":"Feature","properties":{"id":"17967256","status":"Open","zipcode":"19128","requested_date":"2025-08-04","closed_date":null,"expected_date":"2026-02-10","days_to_close":null,"closed_within_180_days":false,"closed_by_expected":false,"missed_expected":true,"feature_kind":"request"},"geometry":{"type":"Point","coordinates":[-75.21423431,40.03004839]}},{"type":"Feature","properties":{"id":"17967732","status":"Open","zipcode":"19131","requested_date":"2025-08-04","closed_date":null,"expected_date":"2026-02-10","days_to_close":null,"closed_within_180_days":false,"closed_by_expected":false,"missed_expected":true,"feature_kind":"request"},"geometry":{"type":"Point","coordinates":[-75.22932176,39.98177488]}},{"type":"Feature","properties":{"id":"17967783","status":"Closed","zipcode":"19128","requested_date":"2025-08-04","closed_date":"2025-12-31","expected_date":"2026-02-12","days_to_close":148.8,"closed_within_180_days":true,"closed_by_expected":true,"missed_expected":false,"feature_kind":"request"},"geometry":{"type":"Point","coordinates":[-75.24952205,40.04424986]}},{"type":"Feature","properties":{"id":"17968242","status":"Closed","zipcode":"19128","requested_date":"2025-08-04","closed_date":"2025-12-31","expected_date":"2026-02-12","days_to_close":148.7,"closed_within_180_days":true,"closed_by_expected":true,"missed_expected":false,"feature_kind":"request"},"geometry":{"type":"Point","coordinates":[-75.24952205,40.04424986]}},{"type":"Feature","properties":{"id":"17968244","status":"Open","zipcode":"19128","requested_date":"2025-08-04","closed_date":null,"expected_date":"2026-02-11","days_to_close":null,"closed_within_180_days":false,"closed_by_expected":false,"missed_expected":true,"feature_kind":"request"},"geometry":{"type":"Point","coordinates":[-75.21234563,40.02110099]}},{"type":"Feature","properties":{"id":"17968611","status":"Open","zipcode":"19131","requested_date":"2025-08-05","closed_date":null,"expected_date":"2026-02-11","days_to_close":null,"closed_within_180_days":false,"closed_by_expected":false,"missed_expected":true,"feature_kind":"request"},"geometry":{"type":"Point","coordinates":[-75.21756323,39.97344274]}},{"type":"Feature","properties":{"id":"17969632","status":"Closed","zipcode":"19131","requested_date":"2025-08-05","closed_date":"2026-01-15","expected_date":"2026-02-12","days_to_close":162.9,"closed_within_180_days":true,"closed_by_expected":true,"missed_expected":false,"feature_kind":"request"},"geometry":{"type":"Point","coordinates":[-75.23188852,39.9852639]}},{"type":"Feature","properties":{"id":"17970168","status":"Closed","zipcode":"19128","requested_date":"2025-08-05","closed_date":"2025-12-11","expected_date":"2026-02-11","days_to_close":127.9,"closed_within_180_days":true,"closed_by_expected":true,"missed_expected":false,"feature_kind":"request"},"geometry":{"type":"Point","coordinates":[-75.23036327,40.04571038]}},{"type":"Feature","properties":{"id":"17970285","status":"Open","zipcode":"19131","requested_date":"2025-08-05","closed_date":null,"expected_date":"2026-02-11","days_to_close":null,"closed_within_180_days":false,"closed_by_expected":false,"missed_expected":true,"feature_kind":"request"},"geometry":{"type":"Point","coordinates":[-75.22052745,40.00208704]}},{"type":"Feature","properties":{"id":"17970561","status":"Open","zipcode":"19128","requested_date":"2025-08-05","closed_date":null,"expected_date":"2026-02-11","days_to_close":null,"closed_within_180_days":false,"closed_by_expected":false,"missed_expected":true,"feature_kind":"request"},"geometry":{"type":"Point","coordinates":[-75.22429914,40.03403254]}},{"type":"Feature","properties":{"id":"17971020","status":"Closed","zipcode":"19128","requested_date":"2025-08-05","closed_date":"2025-12-31","expected_date":"2026-02-13","days_to_close":147.8,"closed_within_180_days":true,"closed_by_expected":true,"missed_expected":false,"feature_kind":"request"},"geometry":{"type":"Point","coordinates":[-75.24635476,40.04281935]}},{"type":"Feature","properties":{"id":"17971349","status":"Open","zipcode":"19131","requested_date":"2025-08-05","closed_date":null,"expected_date":"2026-02-12","days_to_close":null,"closed_within_180_days":false,"closed_by_expected":false,"missed_expected":true,"feature_kind":"request"},"geometry":{"type":"Point","coordinates":[-75.23317932,39.96744508]}},{"type":"Feature","properties":{"id":"17971387","status":"Open","zipcode":"19128","requested_date":"2025-08-05","closed_date":null,"expected_date":"2026-02-12","days_to_close":null,"closed_within_180_days":false,"closed_by_expected":false,"missed_expected":true,"feature_kind":"request"},"geometry":{"type":"Point","coordinates":[-75.20722617,40.01878592]}},{"type":"Feature","properties":{"id":"17971965","status":"Closed","zipcode":"19128","requested_date":"2025-08-06","closed_date":"2025-12-11","expected_date":"2026-02-12","days_to_close":127.1,"closed_within_180_days":true,"closed_by_expected":true,"missed_expected":false,"feature_kind":"request"},"geometry":{"type":"Point","coordinates":[-75.21934449,40.04761447]}},{"type":"Feature","properties":{"id":"17972865","status":"Open","zipcode":"19131","requested_date":"2025-08-06","closed_date":null,"expected_date":"2026-02-12","days_to_close":null,"closed_within_180_days":false,"closed_by_expected":false,"missed_expected":true,"feature_kind":"request"},"geometry":{"type":"Point","coordinates":[-75.22686042,39.99336785]}},{"type":"Feature","properties":{"id":"17974281","status":"Closed","zipcode":"19128","requested_date":"2025-08-06","closed_date":"2025-12-31","expected_date":"2026-02-16","days_to_close":146.7,"closed_within_180_days":true,"closed_by_expected":true,"missed_expected":false,"feature_kind":"request"},"geometry":{"type":"Point","coordinates":[-75.23785389,40.04274083]}},{"type":"Feature","properties":{"id":"17974419","status":"Closed","zipcode":"19131","requested_date":"2025-08-07","closed_date":"2026-06-23","expected_date":"2026-02-16","days_to_close":320.4,"closed_within_180_days":false,"closed_by_expected":false,"missed_expected":true,"feature_kind":"request"},"geometry":{"type":"Point","coordinates":[-75.24057951,39.98709598]}},{"type":"Feature","properties":{"id":"17974827","status":"Open","zipcode":"19128","requested_date":"2025-08-07","closed_date":null,"expected_date":"2026-02-13","days_to_close":null,"closed_within_180_days":false,"closed_by_expected":false,"missed_expected":true,"feature_kind":"request"},"geometry":{"type":"Point","coordinates":[-75.20880747,40.02611009]}},{"type":"Feature","properties":{"id":"17975760","status":"Open","zipcode":"19131","requested_date":"2025-08-07","closed_date":null,"expected_date":"2026-02-13","days_to_close":null,"closed_within_180_days":false,"closed_by_expected":false,"missed_expected":true,"feature_kind":"request"},"geometry":{"type":"Point","coordinates":[-75.23240866,39.9707301]}},{"type":"Feature","properties":{"id":"17976667","status":"Open","zipcode":"19131","requested_date":"2025-08-07","closed_date":null,"expected_date":"2026-02-16","days_to_close":null,"closed_within_180_days":false,"closed_by_expected":false,"missed_expected":true,"feature_kind":"request"},"geometry":{"type":"Point","coordinates":[-75.22263289,40.00132112]}},{"type":"Feature","properties":{"id":"17976693","status":"Closed","zipcode":"19131","requested_date":"2025-08-07","closed_date":"2026-03-09","expected_date":"2026-02-17","days_to_close":213.9,"closed_within_180_days":false,"closed_by_expected":false,"missed_expected":true,"feature_kind":"request"},"geometry":{"type":"Point","coordinates":[-75.21994615,39.97324475]}},{"type":"Feature","properties":{"id":"17976810","status":"Open","zipcode":"19131","requested_date":"2025-08-07","closed_date":null,"expected_date":"2026-02-16","days_to_close":null,"closed_within_180_days":false,"closed_by_expected":false,"missed_expected":true,"feature_kind":"request"},"geometry":{"type":"Point","coordinates":[-75.22184935,39.97505117]}},{"type":"Feature","properties":{"id":"17976985","status":"Closed","zipcode":"19128","requested_date":"2025-08-08","closed_date":"2025-12-31","expected_date":"2026-02-17","days_to_close":145.6,"closed_within_180_days":true,"closed_by_expected":true,"missed_expected":false,"feature_kind":"request"},"geometry":{"type":"Point","coordinates":[-75.24952205,40.04424986]}},{"type":"Feature","properties":{"id":"17977009","status":"Closed","zipcode":"19128","requested_date":"2025-08-08","closed_date":"2025-12-31","expected_date":"2026-02-16","days_to_close":145.6,"closed_within_180_days":true,"closed_by_expected":true,"missed_expected":false,"feature_kind":"request"},"geometry":{"type":"Point","coordinates":[-75.24952205,40.04424986]}},{"type":"Feature","properties":{"id":"17977397","status":"Closed","zipcode":"19131","requested_date":"2025-08-08","closed_date":"2026-07-17","expected_date":"2026-02-17","days_to_close":343,"closed_within_180_days":false,"closed_by_expected":false,"missed_expected":true,"feature_kind":"request"},"geometry":{"type":"Point","coordinates":[-75.23636725,39.98591247]}},{"type":"Feature","properties":{"id":"17978142","status":"Open","zipcode":"19131","requested_date":"2025-08-08","closed_date":null,"expected_date":"2026-02-16","days_to_close":null,"closed_within_180_days":false,"closed_by_expected":false,"missed_expected":true,"feature_kind":"request"},"geometry":{"type":"Point","coordinates":[-75.22113528,40.0023974]}},{"type":"Feature","properties":{"id":"17978260","status":"Open","zipcode":"19131","requested_date":"2025-08-08","closed_date":null,"expected_date":"2026-02-16","days_to_close":null,"closed_within_180_days":false,"closed_by_expected":false,"missed_expected":true,"feature_kind":"request"},"geometry":{"type":"Point","coordinates":[-75.21937552,39.97476057]}},{"type":"Feature","properties":{"id":"17978268","status":"Open","zipcode":"19131","requested_date":"2025-08-08","closed_date":null,"expected_date":"2026-02-16","days_to_close":null,"closed_within_180_days":false,"closed_by_expected":false,"missed_expected":true,"feature_kind":"request"},"geometry":{"type":"Point","coordinates":[-75.22068084,39.97317234]}},{"type":"Feature","properties":{"id":"17978343","status":"Closed","zipcode":"19128","requested_date":"2025-08-08","closed_date":"2025-12-11","expected_date":"2026-02-16","days_to_close":125.1,"closed_within_180_days":true,"closed_by_expected":true,"missed_expected":false,"feature_kind":"request"},"geometry":{"type":"Point","coordinates":[-75.23029257,40.04677453]}},{"type":"Feature","properties":{"id":"17978826","status":"Closed","zipcode":"19128","requested_date":"2025-08-08","closed_date":"2025-12-11","expected_date":"2026-02-16","days_to_close":125.1,"closed_within_180_days":true,"closed_by_expected":true,"missed_expected":false,"feature_kind":"request"},"geometry":{"type":"Point","coordinates":[-75.22491852,40.0383]}},{"type":"Feature","properties":{"id":"17979372","status":"Open","zipcode":"19131","requested_date":"2025-08-08","closed_date":null,"expected_date":"2026-02-17","days_to_close":null,"closed_within_180_days":false,"closed_by_expected":false,"missed_expected":true,"feature_kind":"request"},"geometry":{"type":"Point","coordinates":[-75.22381633,39.96851254]}},{"type":"Feature","properties":{"id":"17979482","status":"Open","zipcode":"19131","requested_date":"2025-08-09","closed_date":null,"expected_date":"2026-02-17","days_to_close":null,"closed_within_180_days":false,"closed_by_expected":false,"missed_expected":true,"feature_kind":"request"},"geometry":{"type":"Point","coordinates":[-75.21049635,40.00203808]}},{"type":"Feature","properties":{"id":"17979712","status":"Closed","zipcode":"19128","requested_date":"2025-08-09","closed_date":"2026-01-05","expected_date":"2026-02-18","days_to_close":148.7,"closed_within_180_days":true,"closed_by_expected":true,"missed_expected":false,"feature_kind":"request"},"geometry":{"type":"Point","coordinates":[-75.233739,40.044627]}},{"type":"Feature","properties":{"id":"17980138","status":"Open","zipcode":"19131","requested_date":"2025-08-11","closed_date":null,"expected_date":"2026-02-17","days_to_close":null,"closed_within_180_days":false,"closed_by_expected":false,"missed_expected":true,"feature_kind":"request"},"geometry":{"type":"Point","coordinates":[-75.22869912,39.97166126]}},{"type":"Feature","properties":{"id":"17980142","status":"Open","zipcode":"19131","requested_date":"2025-08-11","closed_date":null,"expected_date":"2026-02-17","days_to_close":null,"closed_within_180_days":false,"closed_by_expected":false,"missed_expected":true,"feature_kind":"request"},"geometry":{"type":"Point","coordinates":[-75.22871611,39.97174921]}},{"type":"Feature","properties":{"id":"17980193","status":"Closed","zipcode":"19128","requested_date":"2025-08-11","closed_date":"2025-12-12","expected_date":"2026-02-17","days_to_close":123.2,"closed_within_180_days":true,"closed_by_expected":true,"missed_expected":false,"feature_kind":"request"},"geometry":{"type":"Point","coordinates":[-75.20983036,40.03050037]}},{"type":"Feature","properties":{"id":"17981668","status":"Open","zipcode":"19131","requested_date":"2025-08-11","closed_date":null,"expected_date":"2026-02-17","days_to_close":null,"closed_within_180_days":false,"closed_by_expected":false,"missed_expected":true,"feature_kind":"request"},"geometry":{"type":"Point","coordinates":[-75.22756485,39.9849849]}},{"type":"Feature","properties":{"id":"17982647","status":"Open","zipcode":"19131","requested_date":"2025-08-11","closed_date":null,"expected_date":"2026-02-18","days_to_close":null,"closed_within_180_days":false,"closed_by_expected":false,"missed_expected":true,"feature_kind":"request"},"geometry":{"type":"Point","coordinates":[-75.23089179,39.97149009]}},{"type":"Feature","properties":{"id":"17983367","status":"Open","zipcode":"19128","requested_date":"2025-08-12","closed_date":null,"expected_date":"2026-02-18","days_to_close":null,"closed_within_180_days":false,"closed_by_expected":false,"missed_expected":true,"feature_kind":"request"},"geometry":{"type":"Point","coordinates":[-75.20781695,40.02328764]}},{"type":"Feature","properties":{"id":"17983381","status":"Open","zipcode":"19128","requested_date":"2025-08-12","closed_date":null,"expected_date":"2026-02-18","days_to_close":null,"closed_within_180_days":false,"closed_by_expected":false,"missed_expected":true,"feature_kind":"request"},"geometry":{"type":"Point","coordinates":[-75.20781695,40.02328764]}},{"type":"Feature","properties":{"id":"17983394","status":"Open","zipcode":"19128","requested_date":"2025-08-12","closed_date":null,"expected_date":"2026-02-18","days_to_close":null,"closed_within_180_days":false,"closed_by_expected":false,"missed_expected":true,"feature_kind":"request"},"geometry":{"type":"Point","coordinates":[-75.20803582,40.02397432]}},{"type":"Feature","properties":{"id":"17983404","status":"Open","zipcode":"19128","requested_date":"2025-08-12","closed_date":null,"expected_date":"2026-02-18","days_to_close":null,"closed_within_180_days":false,"closed_by_expected":false,"missed_expected":true,"feature_kind":"request"},"geometry":{"type":"Point","coordinates":[-75.20781695,40.02328764]}},{"type":"Feature","properties":{"id":"17983732","status":"Open","zipcode":"19131","requested_date":"2025-08-12","closed_date":null,"expected_date":"2026-02-18","days_to_close":null,"closed_within_180_days":false,"closed_by_expected":false,"missed_expected":true,"feature_kind":"request"},"geometry":{"type":"Point","coordinates":[-75.22754434,39.98739665]}},{"type":"Feature","properties":{"id":"17984295","status":"Open","zipcode":"19131","requested_date":"2025-08-12","closed_date":null,"expected_date":"2026-02-18","days_to_close":null,"closed_within_180_days":false,"closed_by_expected":false,"missed_expected":true,"feature_kind":"request"},"geometry":{"type":"Point","coordinates":[-75.21947505,39.97437708]}},{"type":"Feature","properties":{"id":"17984331","status":"Open","zipcode":"19128","requested_date":"2025-08-12","closed_date":null,"expected_date":"2026-02-18","days_to_close":null,"closed_within_180_days":false,"closed_by_expected":false,"missed_expected":true,"feature_kind":"request"},"geometry":{"type":"Point","coordinates":[-75.2060313,40.03116003]}},{"type":"Feature","properties":{"id":"17984386","status":"Open","zipcode":"19131","requested_date":"2025-08-12","closed_date":null,"expected_date":"2026-02-18","days_to_close":null,"closed_within_180_days":false,"closed_by_expected":false,"missed_expected":true,"feature_kind":"request"},"geometry":{"type":"Point","coordinates":[-75.21947505,39.97437708]}},{"type":"Feature","properties":{"id":"17984439","status":"Closed","zipcode":"19128","requested_date":"2025-08-12","closed_date":"2025-12-31","expected_date":"2026-02-19","days_to_close":140.9,"closed_within_180_days":true,"closed_by_expected":true,"missed_expected":false,"feature_kind":"request"},"geometry":{"type":"Point","coordinates":[-75.24474757,40.05409661]}},{"type":"Feature","properties":{"id":"17985457","status":"Open","zipcode":"19131","requested_date":"2025-08-13","closed_date":null,"expected_date":"2026-02-19","days_to_close":null,"closed_within_180_days":false,"closed_by_expected":false,"missed_expected":true,"feature_kind":"request"},"geometry":{"type":"Point","coordinates":[-75.21780552,39.97261315]}},{"type":"Feature","properties":{"id":"17985520","status":"Open","zipcode":"19131","requested_date":"2025-08-13","closed_date":null,"expected_date":"2026-02-19","days_to_close":null,"closed_within_180_days":false,"closed_by_expected":false,"missed_expected":true,"feature_kind":"request"},"geometry":{"type":"Point","coordinates":[-75.22721605,39.9874879]}},{"type":"Feature","properties":{"id":"17985789","status":"Closed","zipcode":"19128","requested_date":"2025-08-13","closed_date":"2025-12-11","expected_date":"2026-02-19","days_to_close":120.3,"closed_within_180_days":true,"closed_by_expected":true,"missed_expected":false,"feature_kind":"request"},"geometry":{"type":"Point","coordinates":[-75.22679523,40.03788373]}},{"type":"Feature","properties":{"id":"17986226","status":"Open","zipcode":"19131","requested_date":"2025-08-13","closed_date":null,"expected_date":"2026-02-19","days_to_close":null,"closed_within_180_days":false,"closed_by_expected":false,"missed_expected":true,"feature_kind":"request"},"geometry":{"type":"Point","coordinates":[-75.21756323,39.97344274]}},{"type":"Feature","properties":{"id":"17986296","status":"Open","zipcode":"19131","requested_date":"2025-08-13","closed_date":null,"expected_date":"2026-02-19","days_to_close":null,"closed_within_180_days":false,"closed_by_expected":false,"missed_expected":true,"feature_kind":"request"},"geometry":{"type":"Point","coordinates":[-75.23118831,39.97446598]}},{"type":"Feature","properties":{"id":"17986310","status":"Open","zipcode":"19131","requested_date":"2025-08-13","closed_date":null,"expected_date":"2026-02-19","days_to_close":null,"closed_within_180_days":false,"closed_by_expected":false,"missed_expected":true,"feature_kind":"request"},"geometry":{"type":"Point","coordinates":[-75.2311808,39.97442644]}},{"type":"Feature","properties":{"id":"17988403","status":"Open","zipcode":"19131","requested_date":"2025-08-14","closed_date":null,"expected_date":"2026-02-20","days_to_close":null,"closed_within_180_days":false,"closed_by_expected":false,"missed_expected":true,"feature_kind":"request"},"geometry":{"type":"Point","coordinates":[-75.2195516,39.97375144]}},{"type":"Feature","properties":{"id":"17988452","status":"Open","zipcode":"19128","requested_date":"2025-08-14","closed_date":null,"expected_date":"2026-02-20","days_to_close":null,"closed_within_180_days":false,"closed_by_expected":false,"missed_expected":true,"feature_kind":"request"},"geometry":{"type":"Point","coordinates":[-75.23617749,40.05626584]}},{"type":"Feature","properties":{"id":"17988930","status":"Closed","zipcode":"19131","requested_date":"2025-08-14","closed_date":"2026-07-22","expected_date":"2026-02-23","days_to_close":341.9,"closed_within_180_days":false,"closed_by_expected":false,"missed_expected":true,"feature_kind":"request"},"geometry":{"type":"Point","coordinates":[-75.23893193,39.98716833]}},{"type":"Feature","properties":{"id":"17989021","status":"Open","zipcode":"19131","requested_date":"2025-08-14","closed_date":null,"expected_date":"2026-02-20","days_to_close":null,"closed_within_180_days":false,"closed_by_expected":false,"missed_expected":true,"feature_kind":"request"},"geometry":{"type":"Point","coordinates":[-75.22755961,39.9815154]}},{"type":"Feature","properties":{"id":"17989968","status":"Closed","zipcode":"19128","requested_date":"2025-08-14","closed_date":"2025-12-31","expected_date":"2026-02-24","days_to_close":138.8,"closed_within_180_days":true,"closed_by_expected":true,"missed_expected":false,"feature_kind":"request"},"geometry":{"type":"Point","coordinates":[-75.24692755,40.04910402]}},{"type":"Feature","properties":{"id":"17990975","status":"Open","zipcode":"19131","requested_date":"2025-08-15","closed_date":null,"expected_date":"2026-02-23","days_to_close":null,"closed_within_180_days":false,"closed_by_expected":false,"missed_expected":true,"feature_kind":"request"},"geometry":{"type":"Point","coordinates":[-75.22137776,40.00049376]}},{"type":"Feature","properties":{"id":"17990998","status":"Open","zipcode":"19131","requested_date":"2025-08-15","closed_date":null,"expected_date":"2026-02-23","days_to_close":null,"closed_within_180_days":false,"closed_by_expected":false,"missed_expected":true,"feature_kind":"request"},"geometry":{"type":"Point","coordinates":[-75.22133397,40.00032482]}},{"type":"Feature","properties":{"id":"17991523","status":"Open","zipcode":"19131","requested_date":"2025-08-15","closed_date":null,"expected_date":"2026-02-23","days_to_close":null,"closed_within_180_days":false,"closed_by_expected":false,"missed_expected":true,"feature_kind":"request"},"geometry":{"type":"Point","coordinates":[-75.23058728,39.97598645]}},{"type":"Feature","properties":{"id":"17991537","status":"Open","zipcode":"19131","requested_date":"2025-08-15","closed_date":null,"expected_date":"2026-02-23","days_to_close":null,"closed_within_180_days":false,"closed_by_expected":false,"missed_expected":true,"feature_kind":"request"},"geometry":{"type":"Point","coordinates":[-75.23066554,39.97651504]}},{"type":"Feature","properties":{"id":"17991544","status":"Open","zipcode":"19131","requested_date":"2025-08-15","closed_date":null,"expected_date":"2026-02-23","days_to_close":null,"closed_within_180_days":false,"closed_by_expected":false,"missed_expected":true,"feature_kind":"request"},"geometry":{"type":"Point","coordinates":[-75.23050274,39.97550867]}},{"type":"Feature","properties":{"id":"17992632","status":"Open","zipcode":"19131","requested_date":"2025-08-15","closed_date":null,"expected_date":"2026-02-24","days_to_close":null,"closed_within_180_days":false,"closed_by_expected":false,"missed_expected":true,"feature_kind":"request"},"geometry":{"type":"Point","coordinates":[-75.23009944,39.99146726]}},{"type":"Feature","properties":{"id":"17992637","status":"Open","zipcode":"19131","requested_date":"2025-08-15","closed_date":null,"expected_date":"2026-02-24","days_to_close":null,"closed_within_180_days":false,"closed_by_expected":false,"missed_expected":true,"feature_kind":"request"},"geometry":{"type":"Point","coordinates":[-75.22912407,39.9899461]}},{"type":"Feature","properties":{"id":"17992870","status":"Open","zipcode":"19131","requested_date":"2025-08-16","closed_date":null,"expected_date":"2026-02-24","days_to_close":null,"closed_within_180_days":false,"closed_by_expected":false,"missed_expected":true,"feature_kind":"request"},"geometry":{"type":"Point","coordinates":[-75.2267191,39.97221392]}},{"type":"Feature","properties":{"id":"17993194","status":"Open","zipcode":"19131","requested_date":"2025-08-17","closed_date":null,"expected_date":"2026-02-24","days_to_close":null,"closed_within_180_days":false,"closed_by_expected":false,"missed_expected":true,"feature_kind":"request"},"geometry":{"type":"Point","coordinates":[-75.23678908,39.97252147]}},{"type":"Feature","properties":{"id":"17993350","status":"Closed","zipcode":"19128","requested_date":"2025-08-17","closed_date":"2025-12-12","expected_date":"2026-02-24","days_to_close":117.1,"closed_within_180_days":true,"closed_by_expected":true,"missed_expected":false,"feature_kind":"request"},"geometry":{"type":"Point","coordinates":[-75.20983036,40.03050037]}},{"type":"Feature","properties":{"id":"17993395","status":"Open","zipcode":"19131","requested_date":"2025-08-17","closed_date":null,"expected_date":"2026-02-24","days_to_close":null,"closed_within_180_days":false,"closed_by_expected":false,"missed_expected":true,"feature_kind":"request"},"geometry":{"type":"Point","coordinates":[-75.21072647,40.0072077]}},{"type":"Feature","properties":{"id":"17993710","status":"Open","zipcode":"19128","requested_date":"2025-08-18","closed_date":null,"expected_date":"2026-02-24","days_to_close":null,"closed_within_180_days":false,"closed_by_expected":false,"missed_expected":true,"feature_kind":"request"},"geometry":{"type":"Point","coordinates":[-75.20764395,40.02173338]}},{"type":"Feature","properties":{"id":"17993863","status":"Open","zipcode":"19131","requested_date":"2025-08-18","closed_date":null,"expected_date":"2026-02-24","days_to_close":null,"closed_within_180_days":false,"closed_by_expected":false,"missed_expected":true,"feature_kind":"request"},"geometry":{"type":"Point","coordinates":[-75.23420838,39.97199791]}},{"type":"Feature","properties":{"id":"17993881","status":"Closed","zipcode":"19128","requested_date":"2025-08-18","closed_date":"2025-12-11","expected_date":"2026-02-24","days_to_close":115.3,"closed_within_180_days":true,"closed_by_expected":true,"missed_expected":false,"feature_kind":"request"},"geometry":{"type":"Point","coordinates":[-75.23147086,40.04510897]}},{"type":"Feature","properties":{"id":"17994286","status":"Closed","zipcode":"19128","requested_date":"2025-08-18","closed_date":"2025-12-30","expected_date":"2026-02-25","days_to_close":134.3,"closed_within_180_days":true,"closed_by_expected":true,"missed_expected":false,"feature_kind":"request"},"geometry":{"type":"Point","coordinates":[-75.24458071,40.04576682]}},{"type":"Feature","properties":{"id":"17994583","status":"Open","zipcode":"19131","requested_date":"2025-08-18","closed_date":null,"expected_date":"2026-02-24","days_to_close":null,"closed_within_180_days":false,"closed_by_expected":false,"missed_expected":true,"feature_kind":"request"},"geometry":{"type":"Point","coordinates":[-75.21072647,40.0072077]}},{"type":"Feature","properties":{"id":"17994768","status":"Open","zipcode":"19131","requested_date":"2025-08-18","closed_date":null,"expected_date":"2026-02-24","days_to_close":null,"closed_within_180_days":false,"closed_by_expected":false,"missed_expected":true,"feature_kind":"request"},"geometry":{"type":"Point","coordinates":[-75.22207456,40.00213656]}},{"type":"Feature","properties":{"id":"17994862","status":"Open","zipcode":"19131","requested_date":"2025-08-18","closed_date":null,"expected_date":"2026-02-24","days_to_close":null,"closed_within_180_days":false,"closed_by_expected":false,"missed_expected":true,"feature_kind":"request"},"geometry":{"type":"Point","coordinates":[-75.2038776,40.002449]}},{"type":"Feature","properties":{"id":"17995131","status":"Closed","zipcode":"19128","requested_date":"2025-08-18","closed_date":"2025-10-03","expected_date":"2026-02-24","days_to_close":45.9,"closed_within_180_days":true,"closed_by_expected":true,"missed_expected":false,"feature_kind":"request"},"geometry":{"type":"Point","coordinates":[-75.20743775,40.02347767]}},{"type":"Feature","properties":{"id":"17995189","status":"Closed","zipcode":"19131","requested_date":"2025-08-18","closed_date":"2026-01-22","expected_date":"2026-02-24","days_to_close":157.1,"closed_within_180_days":true,"closed_by_expected":true,"missed_expected":false,"feature_kind":"request"},"geometry":{"type":"Point","coordinates":[-75.23335563,39.97562387]}},{"type":"Feature","properties":{"id":"17997832","status":"Open","zipcode":"19131","requested_date":"2025-08-19","closed_date":null,"expected_date":"2026-02-25","days_to_close":null,"closed_within_180_days":false,"closed_by_expected":false,"missed_expected":true,"feature_kind":"request"},"geometry":{"type":"Point","coordinates":[-75.23592778,39.972243]}},{"type":"Feature","properties":{"id":"17997913","status":"Open","zipcode":"19131","requested_date":"2025-08-19","closed_date":null,"expected_date":"2026-02-25","days_to_close":null,"closed_within_180_days":false,"closed_by_expected":false,"missed_expected":true,"feature_kind":"request"},"geometry":{"type":"Point","coordinates":[-75.22907215,39.97225557]}},{"type":"Feature","properties":{"id":"17997930","status":"Closed","zipcode":"19128","requested_date":"2025-08-19","closed_date":"2025-12-11","expected_date":"2026-02-25","days_to_close":114.1,"closed_within_180_days":true,"closed_by_expected":true,"missed_expected":false,"feature_kind":"request"},"geometry":{"type":"Point","coordinates":[-75.21630346,40.02763773]}},{"type":"Feature","properties":{"id":"17998620","status":"Closed","zipcode":"19128","requested_date":"2025-08-19","closed_date":"2025-12-10","expected_date":"2026-02-26","days_to_close":113,"closed_within_180_days":true,"closed_by_expected":true,"missed_expected":false,"feature_kind":"request"},"geometry":{"type":"Point","coordinates":[-75.22039312,40.03959338]}},{"type":"Feature","properties":{"id":"17998773","status":"Open","zipcode":"19128","requested_date":"2025-08-20","closed_date":null,"expected_date":"2026-02-26","days_to_close":null,"closed_within_180_days":false,"closed_by_expected":false,"missed_expected":true,"feature_kind":"request"},"geometry":{"type":"Point","coordinates":[-75.21278643,40.02668537]}},{"type":"Feature","properties":{"id":"18000636","status":"Open","zipcode":"19131","requested_date":"2025-08-20","closed_date":null,"expected_date":"2026-02-26","days_to_close":null,"closed_within_180_days":false,"closed_by_expected":false,"missed_expected":true,"feature_kind":"request"},"geometry":{"type":"Point","coordinates":[-75.22875842,39.96789096]}},{"type":"Feature","properties":{"id":"18000740","status":"Open","zipcode":"19131","requested_date":"2025-08-20","closed_date":null,"expected_date":"2026-02-27","days_to_close":null,"closed_within_180_days":false,"closed_by_expected":false,"missed_expected":true,"feature_kind":"request"},"geometry":{"type":"Point","coordinates":[-75.22868409,39.98227935]}},{"type":"Feature","properties":{"id":"18000747","status":"Open","zipcode":"19131","requested_date":"2025-08-20","closed_date":null,"expected_date":"2026-02-27","days_to_close":null,"closed_within_180_days":false,"closed_by_expected":false,"missed_expected":true,"feature_kind":"request"},"geometry":{"type":"Point","coordinates":[-75.22900577,39.98267629]}},{"type":"Feature","properties":{"id":"18000750","status":"Open","zipcode":"19131","requested_date":"2025-08-20","closed_date":null,"expected_date":"2026-02-27","days_to_close":null,"closed_within_180_days":false,"closed_by_expected":false,"missed_expected":true,"feature_kind":"request"},"geometry":{"type":"Point","coordinates":[-75.22870605,39.98246018]}},{"type":"Feature","properties":{"id":"18000754","status":"Open","zipcode":"19131","requested_date":"2025-08-20","closed_date":null,"expected_date":"2026-02-27","days_to_close":null,"closed_within_180_days":false,"closed_by_expected":false,"missed_expected":true,"feature_kind":"request"},"geometry":{"type":"Point","coordinates":[-75.22870605,39.98246018]}},{"type":"Feature","properties":{"id":"18000976","status":"Open","zipcode":"19128","requested_date":"2025-08-20","closed_date":null,"expected_date":"2026-02-27","days_to_close":null,"closed_within_180_days":false,"closed_by_expected":false,"missed_expected":true,"feature_kind":"request"},"geometry":{"type":"Point","coordinates":[-75.2060313,40.03116003]}},{"type":"Feature","properties":{"id":"18001212","status":"Open","zipcode":"19131","requested_date":"2025-08-21","closed_date":null,"expected_date":"2026-02-27","days_to_close":null,"closed_within_180_days":false,"closed_by_expected":false,"missed_expected":true,"feature_kind":"request"},"geometry":{"type":"Point","coordinates":[-75.23193905,39.97300227]}},{"type":"Feature","properties":{"id":"18001332","status":"Open","zipcode":"19131","requested_date":"2025-08-21","closed_date":null,"expected_date":"2026-02-27","days_to_close":null,"closed_within_180_days":false,"closed_by_expected":false,"missed_expected":true,"feature_kind":"request"},"geometry":{"type":"Point","coordinates":[-75.22689891,39.97206601]}},{"type":"Feature","properties":{"id":"18001657","status":"Open","zipcode":"19131","requested_date":"2025-08-21","closed_date":null,"expected_date":"2026-02-27","days_to_close":null,"closed_within_180_days":false,"closed_by_expected":false,"missed_expected":true,"feature_kind":"request"},"geometry":{"type":"Point","coordinates":[-75.22776333,39.97130902]}},{"type":"Feature","properties":{"id":"18001739","status":"Closed","zipcode":"19128","requested_date":"2025-08-21","closed_date":"2025-12-15","expected_date":"2026-02-27","days_to_close":116.1,"closed_within_180_days":true,"closed_by_expected":true,"missed_expected":false,"feature_kind":"request"},"geometry":{"type":"Point","coordinates":[-75.21044165,40.02541156]}},{"type":"Feature","properties":{"id":"18002627","status":"Open","zipcode":"19131","requested_date":"2025-08-21","closed_date":null,"expected_date":"2026-02-27","days_to_close":null,"closed_within_180_days":false,"closed_by_expected":false,"missed_expected":true,"feature_kind":"request"},"geometry":{"type":"Point","coordinates":[-75.2038776,40.002449]}},{"type":"Feature","properties":{"id":"18002974","status":"Open","zipcode":"19128","requested_date":"2025-08-21","closed_date":null,"expected_date":"2026-02-27","days_to_close":null,"closed_within_180_days":false,"closed_by_expected":false,"missed_expected":true,"feature_kind":"request"},"geometry":{"type":"Point","coordinates":[-75.21168092,40.02077934]}},{"type":"Feature","properties":{"id":"18003325","status":"Closed","zipcode":"19128","requested_date":"2025-08-21","closed_date":"2025-12-11","expected_date":"2026-03-02","days_to_close":112,"closed_within_180_days":true,"closed_by_expected":true,"missed_expected":false,"feature_kind":"request"},"geometry":{"type":"Point","coordinates":[-75.21773431,40.02728442]}},{"type":"Feature","properties":{"id":"18004366","status":"Open","zipcode":"19131","requested_date":"2025-08-22","closed_date":null,"expected_date":"2026-03-02","days_to_close":null,"closed_within_180_days":false,"closed_by_expected":false,"missed_expected":true,"feature_kind":"request"},"geometry":{"type":"Point","coordinates":[-75.22465374,39.97389379]}},{"type":"Feature","properties":{"id":"18005868","status":"Closed","zipcode":"19128","requested_date":"2025-08-23","closed_date":"2025-12-11","expected_date":"2026-03-03","days_to_close":110.4,"closed_within_180_days":true,"closed_by_expected":true,"missed_expected":false,"feature_kind":"request"},"geometry":{"type":"Point","coordinates":[-75.21623577,40.02766658]}},{"type":"Feature","properties":{"id":"18006139","status":"Open","zipcode":"19128","requested_date":"2025-08-24","closed_date":null,"expected_date":"2026-03-03","days_to_close":null,"closed_within_180_days":false,"closed_by_expected":false,"missed_expected":true,"feature_kind":"request"},"geometry":{"type":"Point","coordinates":[-75.23871985,40.0599996]}},{"type":"Feature","properties":{"id":"18006142","status":"Closed","zipcode":"19128","requested_date":"2025-08-24","closed_date":"2025-12-30","expected_date":"2026-03-04","days_to_close":128.8,"closed_within_180_days":true,"closed_by_expected":true,"missed_expected":false,"feature_kind":"request"},"geometry":{"type":"Point","coordinates":[-75.23871985,40.0599996]}},{"type":"Feature","properties":{"id":"18006211","status":"Open","zipcode":"19128","requested_date":"2025-08-24","closed_date":null,"expected_date":"2026-03-03","days_to_close":null,"closed_within_180_days":false,"closed_by_expected":false,"missed_expected":true,"feature_kind":"request"},"geometry":{"type":"Point","coordinates":[-75.21260331,40.02379956]}},{"type":"Feature","properties":{"id":"18006215","status":"Open","zipcode":"19128","requested_date":"2025-08-24","closed_date":null,"expected_date":"2026-03-03","days_to_close":null,"closed_within_180_days":false,"closed_by_expected":false,"missed_expected":true,"feature_kind":"request"},"geometry":{"type":"Point","coordinates":[-75.21198572,40.0240738]}},{"type":"Feature","properties":{"id":"18006486","status":"Closed","zipcode":"19128","requested_date":"2025-08-24","closed_date":"2025-12-31","expected_date":"2026-03-04","days_to_close":128.7,"closed_within_180_days":true,"closed_by_expected":true,"missed_expected":false,"feature_kind":"request"},"geometry":{"type":"Point","coordinates":[-75.24075962,40.05949735]}},{"type":"Feature","properties":{"id":"18006822","status":"Open","zipcode":"19131","requested_date":"2025-08-25","closed_date":null,"expected_date":"2026-03-03","days_to_close":null,"closed_within_180_days":false,"closed_by_expected":false,"missed_expected":true,"feature_kind":"request"},"geometry":{"type":"Point","coordinates":[-75.23464829,39.9859223]}},{"type":"Feature","properties":{"id":"18008355","status":"Open","zipcode":"19131","requested_date":"2025-08-25","closed_date":null,"expected_date":"2026-03-03","days_to_close":null,"closed_within_180_days":false,"closed_by_expected":false,"missed_expected":true,"feature_kind":"request"},"geometry":{"type":"Point","coordinates":[-75.22905294,39.97176791]}},{"type":"Feature","properties":{"id":"18008893","status":"Open","zipcode":"19128","requested_date":"2025-08-25","closed_date":null,"expected_date":"2026-03-04","days_to_close":null,"closed_within_180_days":false,"closed_by_expected":false,"missed_expected":true,"feature_kind":"request"},"geometry":{"type":"Point","coordinates":[-75.20758993,40.02287391]}},{"type":"Feature","properties":{"id":"18009111","status":"Open","zipcode":"19131","requested_date":"2025-08-25","closed_date":null,"expected_date":"2026-03-04","days_to_close":null,"closed_within_180_days":false,"closed_by_expected":false,"missed_expected":true,"feature_kind":"request"},"geometry":{"type":"Point","coordinates":[-75.23046989,39.98766046]}},{"type":"Feature","properties":{"id":"18009232","status":"Open","zipcode":"19131","requested_date":"2025-08-26","closed_date":null,"expected_date":"2026-03-04","days_to_close":null,"closed_within_180_days":false,"closed_by_expected":false,"missed_expected":true,"feature_kind":"request"},"geometry":{"type":"Point","coordinates":[-75.22418733,39.97391706]}},{"type":"Feature","properties":{"id":"18009530","status":"Closed","zipcode":"19131","requested_date":"2025-08-26","closed_date":"2026-02-18","expected_date":"2026-03-05","days_to_close":176.2,"closed_within_180_days":true,"closed_by_expected":true,"missed_expected":false,"feature_kind":"request"},"geometry":{"type":"Point","coordinates":[-75.22784619,39.97716328]}},{"type":"Feature","properties":{"id":"18009751","status":"Open","zipcode":"19131","requested_date":"2025-08-26","closed_date":null,"expected_date":"2026-03-04","days_to_close":null,"closed_within_180_days":false,"closed_by_expected":false,"missed_expected":true,"feature_kind":"request"},"geometry":{"type":"Point","coordinates":[-75.23128683,39.97349581]}},{"type":"Feature","properties":{"id":"18009808","status":"Closed","zipcode":"19131","requested_date":"2025-08-26","closed_date":"2026-02-18","expected_date":"2026-03-05","days_to_close":176.1,"closed_within_180_days":true,"closed_by_expected":true,"missed_expected":false,"feature_kind":"request"},"geometry":{"type":"Point","coordinates":[-75.22801198,39.99757444]}},{"type":"Feature","properties":{"id":"18010089","status":"Open","zipcode":"19131","requested_date":"2025-08-26","closed_date":null,"expected_date":"2026-03-04","days_to_close":null,"closed_within_180_days":false,"closed_by_expected":false,"missed_expected":true,"feature_kind":"request"},"geometry":{"type":"Point","coordinates":[-75.23151785,39.98745017]}},{"type":"Feature","properties":{"id":"18010504","status":"Open","zipcode":"19131","requested_date":"2025-08-26","closed_date":null,"expected_date":"2026-03-04","days_to_close":null,"closed_within_180_days":false,"closed_by_expected":false,"missed_expected":true,"feature_kind":"request"},"geometry":{"type":"Point","coordinates":[-75.23573845,39.97192691]}},{"type":"Feature","properties":{"id":"18010554","status":"Closed","zipcode":"19128","requested_date":"2025-08-26","closed_date":"2026-04-07","expected_date":"2026-03-05","days_to_close":224.1,"closed_within_180_days":false,"closed_by_expected":false,"missed_expected":true,"feature_kind":"request"},"geometry":{"type":"Point","coordinates":[-75.2269869,40.03774201]}},{"type":"Feature","properties":{"id":"18011630","status":"Open","zipcode":"19131","requested_date":"2025-08-26","closed_date":null,"expected_date":"2026-03-05","days_to_close":null,"closed_within_180_days":false,"closed_by_expected":false,"missed_expected":true,"feature_kind":"request"},"geometry":{"type":"Point","coordinates":[-75.22832157,39.98808885]}},{"type":"Feature","properties":{"id":"18011689","status":"Closed","zipcode":"19128","requested_date":"2025-08-26","closed_date":"2025-12-11","expected_date":"2026-03-05","days_to_close":106.9,"closed_within_180_days":true,"closed_by_expected":true,"missed_expected":false,"feature_kind":"request"},"geometry":{"type":"Point","coordinates":[-75.2233934,40.03451226]}},{"type":"Feature","properties":{"id":"18011732","status":"Open","zipcode":"19128","requested_date":"2025-08-26","closed_date":null,"expected_date":"2026-03-05","days_to_close":null,"closed_within_180_days":false,"closed_by_expected":false,"missed_expected":true,"feature_kind":"request"},"geometry":{"type":"Point","coordinates":[-75.2158872,40.02925268]}},{"type":"Feature","properties":{"id":"18011914","status":"Open","zipcode":"19131","requested_date":"2025-08-27","closed_date":null,"expected_date":"2026-03-05","days_to_close":null,"closed_within_180_days":false,"closed_by_expected":false,"missed_expected":true,"feature_kind":"request"},"geometry":{"type":"Point","coordinates":[-75.2275926,39.98143179]}},{"type":"Feature","properties":{"id":"18012327","status":"Open","zipcode":"19131","requested_date":"2025-08-27","closed_date":null,"expected_date":"2026-03-05","days_to_close":null,"closed_within_180_days":false,"closed_by_expected":false,"missed_expected":true,"feature_kind":"request"},"geometry":{"type":"Point","coordinates":[-75.22630137,39.97070529]}},{"type":"Feature","properties":{"id":"18013018","status":"Open","zipcode":"19131","requested_date":"2025-08-27","closed_date":null,"expected_date":"2026-03-05","days_to_close":null,"closed_within_180_days":false,"closed_by_expected":false,"missed_expected":true,"feature_kind":"request"},"geometry":{"type":"Point","coordinates":[-75.23633816,39.97624686]}},{"type":"Feature","properties":{"id":"18013116","status":"Closed","zipcode":"19128","requested_date":"2025-08-27","closed_date":"2025-12-11","expected_date":"2026-03-05","days_to_close":106.2,"closed_within_180_days":true,"closed_by_expected":true,"missed_expected":false,"feature_kind":"request"},"geometry":{"type":"Point","coordinates":[-75.22470185,40.0338623]}},{"type":"Feature","properties":{"id":"18013521","status":"Closed","zipcode":"19131","requested_date":"2025-08-27","closed_date":"2026-01-21","expected_date":"2026-03-05","days_to_close":147.1,"closed_within_180_days":true,"closed_by_expected":true,"missed_expected":false,"feature_kind":"request"},"geometry":{"type":"Point","coordinates":[-75.24005799,39.98753729]}},{"type":"Feature","properties":{"id":"18013582","status":"Open","zipcode":"19128","requested_date":"2025-08-27","closed_date":null,"expected_date":"2026-03-05","days_to_close":null,"closed_within_180_days":false,"closed_by_expected":false,"missed_expected":true,"feature_kind":"request"},"geometry":{"type":"Point","coordinates":[-75.23464178,40.0489438]}},{"type":"Feature","properties":{"id":"18013815","status":"Open","zipcode":"19128","requested_date":"2025-08-27","closed_date":null,"expected_date":"2026-03-06","days_to_close":null,"closed_within_180_days":false,"closed_by_expected":false,"missed_expected":true,"feature_kind":"request"},"geometry":{"type":"Point","coordinates":[-75.21305893,40.02259031]}},{"type":"Feature","properties":{"id":"18013954","status":"Closed","zipcode":"19131","requested_date":"2025-08-27","closed_date":"2026-06-25","expected_date":"2026-03-09","days_to_close":301.6,"closed_within_180_days":false,"closed_by_expected":false,"missed_expected":true,"feature_kind":"request"},"geometry":{"type":"Point","coordinates":[-75.23386768,39.98534857]}},{"type":"Feature","properties":{"id":"18016029","status":"Closed","zipcode":"19128","requested_date":"2025-08-28","closed_date":"2025-12-11","expected_date":"2026-03-06","days_to_close":105.1,"closed_within_180_days":true,"closed_by_expected":true,"missed_expected":false,"feature_kind":"request"},"geometry":{"type":"Point","coordinates":[-75.22470185,40.0338623]}},{"type":"Feature","properties":{"id":"18017374","status":"Open","zipcode":"19131","requested_date":"2025-08-29","closed_date":null,"expected_date":"2026-03-09","days_to_close":null,"closed_within_180_days":false,"closed_by_expected":false,"missed_expected":true,"feature_kind":"request"},"geometry":{"type":"Point","coordinates":[-75.22626057,39.99034025]}},{"type":"Feature","properties":{"id":"18017730","status":"Open","zipcode":"19131","requested_date":"2025-08-29","closed_date":null,"expected_date":"2026-03-09","days_to_close":null,"closed_within_180_days":false,"closed_by_expected":false,"missed_expected":true,"feature_kind":"request"},"geometry":{"type":"Point","coordinates":[-75.22797789,39.9805179]}},{"type":"Feature","properties":{"id":"18018392","status":"Open","zipcode":"19131","requested_date":"2025-08-29","closed_date":null,"expected_date":"2026-03-10","days_to_close":null,"closed_within_180_days":false,"closed_by_expected":false,"missed_expected":true,"feature_kind":"request"},"geometry":{"type":"Point","coordinates":[-75.22972906,39.98863673]}},{"type":"Feature","properties":{"id":"18018644","status":"Closed","zipcode":"19128","requested_date":"2025-08-30","closed_date":"2025-12-12","expected_date":"2026-03-10","days_to_close":104.5,"closed_within_180_days":true,"closed_by_expected":true,"missed_expected":false,"feature_kind":"request"},"geometry":{"type":"Point","coordinates":[-75.20983036,40.03050037]}},{"type":"Feature","properties":{"id":"18019154","status":"Closed","zipcode":"19128","requested_date":"2025-08-31","closed_date":"2025-12-15","expected_date":"2026-03-10","days_to_close":106.6,"closed_within_180_days":true,"closed_by_expected":true,"missed_expected":false,"feature_kind":"request"},"geometry":{"type":"Point","coordinates":[-75.20980146,40.01713323]}},{"type":"Feature","properties":{"id":"18019423","status":"Closed","zipcode":"19131","requested_date":"2025-08-31","closed_date":"2025-09-17","expected_date":"2026-03-10","days_to_close":16.8,"closed_within_180_days":true,"closed_by_expected":true,"missed_expected":false,"feature_kind":"request"},"geometry":{"type":"Point","coordinates":[-75.23456927,39.97767042]}},{"type":"Feature","properties":{"id":"18019473","status":"Closed","zipcode":"19131","requested_date":"2025-08-31","closed_date":"2026-06-23","expected_date":"2026-03-10","days_to_close":295.6,"closed_within_180_days":false,"closed_by_expected":false,"missed_expected":true,"feature_kind":"request"},"geometry":{"type":"Point","coordinates":[-75.23451194,39.97767685]}},{"type":"Feature","properties":{"id":"18019485","status":"Closed","zipcode":"19131","requested_date":"2025-08-31","closed_date":"2026-07-13","expected_date":"2026-03-10","days_to_close":315.6,"closed_within_180_days":false,"closed_by_expected":false,"missed_expected":true,"feature_kind":"request"},"geometry":{"type":"Point","coordinates":[-75.23435618,39.97769424]}},{"type":"Feature","properties":{"id":"18019496","status":"Open","zipcode":"19131","requested_date":"2025-09-01","closed_date":null,"expected_date":"2026-03-10","days_to_close":null,"closed_within_180_days":false,"closed_by_expected":false,"missed_expected":true,"feature_kind":"request"},"geometry":{"type":"Point","coordinates":[-75.23593048,39.97508704]}},{"type":"Feature","properties":{"id":"18019783","status":"Closed","zipcode":"19128","requested_date":"2025-09-01","closed_date":"2025-12-10","expected_date":"2026-03-10","days_to_close":100.1,"closed_within_180_days":true,"closed_by_expected":true,"missed_expected":false,"feature_kind":"request"},"geometry":{"type":"Point","coordinates":[-75.21427815,40.03647079]}},{"type":"Feature","properties":{"id":"18019786","status":"Closed","zipcode":"19128","requested_date":"2025-09-01","closed_date":"2025-12-10","expected_date":"2026-03-10","days_to_close":100.1,"closed_within_180_days":true,"closed_by_expected":true,"missed_expected":false,"feature_kind":"request"},"geometry":{"type":"Point","coordinates":[-75.21450876,40.03675075]}},{"type":"Feature","properties":{"id":"18021198","status":"Open","zipcode":"19131","requested_date":"2025-09-02","closed_date":null,"expected_date":"2026-03-11","days_to_close":null,"closed_within_180_days":false,"closed_by_expected":false,"missed_expected":true,"feature_kind":"request"},"geometry":{"type":"Point","coordinates":[-75.23364223,39.9737138]}},{"type":"Feature","properties":{"id":"18021205","status":"Open","zipcode":"19131","requested_date":"2025-09-02","closed_date":null,"expected_date":"2026-03-11","days_to_close":null,"closed_within_180_days":false,"closed_by_expected":false,"missed_expected":true,"feature_kind":"request"},"geometry":{"type":"Point","coordinates":[-75.23364223,39.9737138]}},{"type":"Feature","properties":{"id":"18022588","status":"Open","zipcode":"19128","requested_date":"2025-09-02","closed_date":null,"expected_date":"2026-03-12","days_to_close":null,"closed_within_180_days":false,"closed_by_expected":false,"missed_expected":true,"feature_kind":"request"},"geometry":{"type":"Point","coordinates":[-75.20857356,40.03204133]}},{"type":"Feature","properties":{"id":"18022708","status":"Open","zipcode":"19128","requested_date":"2025-09-03","closed_date":null,"expected_date":"2026-03-12","days_to_close":null,"closed_within_180_days":false,"closed_by_expected":false,"missed_expected":true,"feature_kind":"request"},"geometry":{"type":"Point","coordinates":[-75.21290502,40.03619997]}},{"type":"Feature","properties":{"id":"18022978","status":"Open","zipcode":"19131","requested_date":"2025-09-03","closed_date":null,"expected_date":"2026-03-12","days_to_close":null,"closed_within_180_days":false,"closed_by_expected":false,"missed_expected":true,"feature_kind":"request"},"geometry":{"type":"Point","coordinates":[-75.2273855,39.98189264]}},{"type":"Feature","properties":{"id":"18023948","status":"Open","zipcode":"19131","requested_date":"2025-09-03","closed_date":null,"expected_date":"2026-03-12","days_to_close":null,"closed_within_180_days":false,"closed_by_expected":false,"missed_expected":true,"feature_kind":"request"},"geometry":{"type":"Point","coordinates":[-75.22746361,39.97319243]}},{"type":"Feature","properties":{"id":"18024856","status":"Open","zipcode":"19131","requested_date":"2025-09-03","closed_date":null,"expected_date":"2026-03-12","days_to_close":null,"closed_within_180_days":false,"closed_by_expected":false,"missed_expected":true,"feature_kind":"request"},"geometry":{"type":"Point","coordinates":[-75.22699688,39.99227569]}},{"type":"Feature","properties":{"id":"18025113","status":"Open","zipcode":"19131","requested_date":"2025-09-03","closed_date":null,"expected_date":"2026-03-13","days_to_close":null,"closed_within_180_days":false,"closed_by_expected":false,"missed_expected":true,"feature_kind":"request"},"geometry":{"type":"Point","coordinates":[-75.2342708,39.97450091]}},{"type":"Feature","properties":{"id":"18025339","status":"Open","zipcode":"19131","requested_date":"2025-09-04","closed_date":null,"expected_date":"2026-03-13","days_to_close":null,"closed_within_180_days":false,"closed_by_expected":false,"missed_expected":true,"feature_kind":"request"},"geometry":{"type":"Point","coordinates":[-75.22222204,39.97362353]}},{"type":"Feature","properties":{"id":"18025341","status":"Open","zipcode":"19131","requested_date":"2025-09-04","closed_date":null,"expected_date":"2026-03-13","days_to_close":null,"closed_within_180_days":false,"closed_by_expected":false,"missed_expected":true,"feature_kind":"request"},"geometry":{"type":"Point","coordinates":[-75.22222204,39.97362353]}},{"type":"Feature","properties":{"id":"18025342","status":"Open","zipcode":"19131","requested_date":"2025-09-04","closed_date":null,"expected_date":"2026-03-13","days_to_close":null,"closed_within_180_days":false,"closed_by_expected":false,"missed_expected":true,"feature_kind":"request"},"geometry":{"type":"Point","coordinates":[-75.22226825,39.97362114]}},{"type":"Feature","properties":{"id":"18025613","status":"Open","zipcode":"19131","requested_date":"2025-09-04","closed_date":null,"expected_date":"2026-03-13","days_to_close":null,"closed_within_180_days":false,"closed_by_expected":false,"missed_expected":true,"feature_kind":"request"},"geometry":{"type":"Point","coordinates":[-75.22621484,39.98796255]}},{"type":"Feature","properties":{"id":"18025618","status":"Closed","zipcode":"19131","requested_date":"2025-09-04","closed_date":"2026-01-21","expected_date":"2026-03-13","days_to_close":139.3,"closed_within_180_days":true,"closed_by_expected":true,"missed_expected":false,"feature_kind":"request"},"geometry":{"type":"Point","coordinates":[-75.24005799,39.98753729]}},{"type":"Feature","properties":{"id":"18026490","status":"Open","zipcode":"19131","requested_date":"2025-09-04","closed_date":null,"expected_date":"2026-03-13","days_to_close":null,"closed_within_180_days":false,"closed_by_expected":false,"missed_expected":true,"feature_kind":"request"},"geometry":{"type":"Point","coordinates":[-75.23084794,39.96792909]}},{"type":"Feature","properties":{"id":"18027070","status":"Open","zipcode":"19131","requested_date":"2025-09-04","closed_date":null,"expected_date":"2026-03-13","days_to_close":null,"closed_within_180_days":false,"closed_by_expected":false,"missed_expected":true,"feature_kind":"request"},"geometry":{"type":"Point","coordinates":[-75.20839351,40.00051853]}},{"type":"Feature","properties":{"id":"18027686","status":"Open","zipcode":"19131","requested_date":"2025-09-04","closed_date":null,"expected_date":"2026-03-16","days_to_close":null,"closed_within_180_days":false,"closed_by_expected":false,"missed_expected":true,"feature_kind":"request"},"geometry":{"type":"Point","coordinates":[-75.23698908,39.97630583]}},{"type":"Feature","properties":{"id":"18028618","status":"Closed","zipcode":"19131","requested_date":"2025-09-05","closed_date":"2026-07-01","expected_date":"2026-03-17","days_to_close":298.9,"closed_within_180_days":false,"closed_by_expected":false,"missed_expected":true,"feature_kind":"request"},"geometry":{"type":"Point","coordinates":[-75.2357905,39.97653809]}},{"type":"Feature","properties":{"id":"18032814","status":"Open","zipcode":"19128","requested_date":"2025-09-05","closed_date":null,"expected_date":"2026-03-16","days_to_close":null,"closed_within_180_days":false,"closed_by_expected":false,"missed_expected":true,"feature_kind":"request"},"geometry":{"type":"Point","coordinates":[-75.20781695,40.02328764]}},{"type":"Feature","properties":{"id":"18033419","status":"Closed","zipcode":"19128","requested_date":"2025-09-05","closed_date":"2025-12-11","expected_date":"2026-03-16","days_to_close":97,"closed_within_180_days":true,"closed_by_expected":true,"missed_expected":false,"feature_kind":"request"},"geometry":{"type":"Point","coordinates":[-75.22012985,40.04692815]}},{"type":"Feature","properties":{"id":"18035364","status":"Open","zipcode":"19131","requested_date":"2025-09-05","closed_date":null,"expected_date":"2026-03-16","days_to_close":null,"closed_within_180_days":false,"closed_by_expected":false,"missed_expected":true,"feature_kind":"request"},"geometry":{"type":"Point","coordinates":[-75.22750917,39.98518878]}},{"type":"Feature","properties":{"id":"18035680","status":"Closed","zipcode":"19128","requested_date":"2025-09-05","closed_date":"2025-12-31","expected_date":"2026-03-18","days_to_close":116.8,"closed_within_180_days":true,"closed_by_expected":true,"missed_expected":false,"feature_kind":"request"},"geometry":{"type":"Point","coordinates":[-75.24749324,40.04753797]}},{"type":"Feature","properties":{"id":"18035681","status":"Closed","zipcode":"19131","requested_date":"2025-09-05","closed_date":"2026-02-19","expected_date":"2026-03-18","days_to_close":166.9,"closed_within_180_days":true,"closed_by_expected":true,"missed_expected":false,"feature_kind":"request"},"geometry":{"type":"Point","coordinates":[-75.22754608,39.98503652]}},{"type":"Feature","properties":{"id":"18035690","status":"Closed","zipcode":"19128","requested_date":"2025-09-05","closed_date":"2025-12-31","expected_date":"2026-03-16","days_to_close":116.8,"closed_within_180_days":true,"closed_by_expected":true,"missed_expected":false,"feature_kind":"request"},"geometry":{"type":"Point","coordinates":[-75.24749324,40.04753797]}},{"type":"Feature","properties":{"id":"18036137","status":"Open","zipcode":"19131","requested_date":"2025-09-05","closed_date":null,"expected_date":"2026-03-17","days_to_close":null,"closed_within_180_days":false,"closed_by_expected":false,"missed_expected":true,"feature_kind":"request"},"geometry":{"type":"Point","coordinates":[-75.20253384,40.00403001]}},{"type":"Feature","properties":{"id":"18036258","status":"Open","zipcode":"19128","requested_date":"2025-09-05","closed_date":null,"expected_date":"2026-03-17","days_to_close":null,"closed_within_180_days":false,"closed_by_expected":false,"missed_expected":true,"feature_kind":"request"},"geometry":{"type":"Point","coordinates":[-75.20966822,40.03204136]}},{"type":"Feature","properties":{"id":"18036361","status":"Closed","zipcode":"19128","requested_date":"2025-09-06","closed_date":"2025-12-15","expected_date":"2026-03-17","days_to_close":100.1,"closed_within_180_days":true,"closed_by_expected":true,"missed_expected":false,"feature_kind":"request"},"geometry":{"type":"Point","coordinates":[-75.20980146,40.01713323]}},{"type":"Feature","properties":{"id":"18036701","status":"Open","zipcode":"19128","requested_date":"2025-09-06","closed_date":null,"expected_date":"2026-03-17","days_to_close":null,"closed_within_180_days":false,"closed_by_expected":false,"missed_expected":true,"feature_kind":"request"},"geometry":{"type":"Point","coordinates":[-75.20781695,40.02328764]}},{"type":"Feature","properties":{"id":"18037084","status":"Open","zipcode":"19131","requested_date":"2025-09-08","closed_date":null,"expected_date":"2026-03-17","days_to_close":null,"closed_within_180_days":false,"closed_by_expected":false,"missed_expected":true,"feature_kind":"request"},"geometry":{"type":"Point","coordinates":[-75.2369325,39.97316269]}},{"type":"Feature","properties":{"id":"18037242","status":"Closed","zipcode":"19128","requested_date":"2025-09-08","closed_date":"2025-12-12","expected_date":"2026-03-17","days_to_close":95.2,"closed_within_180_days":true,"closed_by_expected":true,"missed_expected":false,"feature_kind":"request"},"geometry":{"type":"Point","coordinates":[-75.21301017,40.03576068]}},{"type":"Feature","properties":{"id":"18037251","status":"Closed","zipcode":"19128","requested_date":"2025-09-08","closed_date":"2025-12-12","expected_date":"2026-03-17","days_to_close":95.2,"closed_within_180_days":true,"closed_by_expected":true,"missed_expected":false,"feature_kind":"request"},"geometry":{"type":"Point","coordinates":[-75.21301017,40.03576068]}},{"type":"Feature","properties":{"id":"18037323","status":"Open","zipcode":"19128","requested_date":"2025-09-08","closed_date":null,"expected_date":"2026-03-17","days_to_close":null,"closed_within_180_days":false,"closed_by_expected":false,"missed_expected":true,"feature_kind":"request"},"geometry":{"type":"Point","coordinates":[-75.21896245,40.03492918]}},{"type":"Feature","properties":{"id":"18037742","status":"Closed","zipcode":"19131","requested_date":"2025-09-08","closed_date":"2026-07-21","expected_date":"2026-03-18","days_to_close":315.9,"closed_within_180_days":false,"closed_by_expected":false,"missed_expected":true,"feature_kind":"request"},"geometry":{"type":"Point","coordinates":[-75.23827007,39.99027795]}},{"type":"Feature","properties":{"id":"18038386","status":"Open","zipcode":"19131","requested_date":"2025-09-08","closed_date":null,"expected_date":"2026-03-17","days_to_close":null,"closed_within_180_days":false,"closed_by_expected":false,"missed_expected":true,"feature_kind":"request"},"geometry":{"type":"Point","coordinates":[-75.22847694,39.98803412]}},{"type":"Feature","properties":{"id":"18038617","status":"Open","zipcode":"19131","requested_date":"2025-09-08","closed_date":null,"expected_date":"2026-03-17","days_to_close":null,"closed_within_180_days":false,"closed_by_expected":false,"missed_expected":true,"feature_kind":"request"},"geometry":{"type":"Point","coordinates":[-75.22734692,39.97116744]}},{"type":"Feature","properties":{"id":"18038622","status":"Open","zipcode":"19131","requested_date":"2025-09-08","closed_date":null,"expected_date":"2026-03-17","days_to_close":null,"closed_within_180_days":false,"closed_by_expected":false,"missed_expected":true,"feature_kind":"request"},"geometry":{"type":"Point","coordinates":[-75.22734692,39.97116744]}},{"type":"Feature","properties":{"id":"18038629","status":"Open","zipcode":"19131","requested_date":"2025-09-08","closed_date":null,"expected_date":"2026-03-17","days_to_close":null,"closed_within_180_days":false,"closed_by_expected":false,"missed_expected":true,"feature_kind":"request"},"geometry":{"type":"Point","coordinates":[-75.22734692,39.97116744]}},{"type":"Feature","properties":{"id":"18038773","status":"Closed","zipcode":"19131","requested_date":"2025-09-08","closed_date":"2026-05-08","expected_date":"2026-03-18","days_to_close":241.9,"closed_within_180_days":false,"closed_by_expected":false,"missed_expected":true,"feature_kind":"request"},"geometry":{"type":"Point","coordinates":[-75.23059469,39.97602648]}},{"type":"Feature","properties":{"id":"18039029","status":"Closed","zipcode":"19131","requested_date":"2025-09-08","closed_date":"2026-06-12","expected_date":"2026-03-19","days_to_close":276.7,"closed_within_180_days":false,"closed_by_expected":false,"missed_expected":true,"feature_kind":"request"},"geometry":{"type":"Point","coordinates":[-75.23437639,39.98629554]}},{"type":"Feature","properties":{"id":"18039040","status":"Closed","zipcode":"19131","requested_date":"2025-09-08","closed_date":"2026-06-25","expected_date":"2026-03-19","days_to_close":289.7,"closed_within_180_days":false,"closed_by_expected":false,"missed_expected":true,"feature_kind":"request"},"geometry":{"type":"Point","coordinates":[-75.23428507,39.98606131]}},{"type":"Feature","properties":{"id":"18039273","status":"Closed","zipcode":"19128","requested_date":"2025-09-08","closed_date":"2025-12-31","expected_date":"2026-03-19","days_to_close":113.7,"closed_within_180_days":true,"closed_by_expected":true,"missed_expected":false,"feature_kind":"request"},"geometry":{"type":"Point","coordinates":[-75.23771098,40.04799561]}},{"type":"Feature","properties":{"id":"18039377","status":"Open","zipcode":"19131","requested_date":"2025-09-08","closed_date":null,"expected_date":"2026-03-18","days_to_close":null,"closed_within_180_days":false,"closed_by_expected":false,"missed_expected":true,"feature_kind":"request"},"geometry":{"type":"Point","coordinates":[-75.23004697,39.97016307]}},{"type":"Feature","properties":{"id":"18041168","status":"Open","zipcode":"19131","requested_date":"2025-09-09","closed_date":null,"expected_date":"2026-03-18","days_to_close":null,"closed_within_180_days":false,"closed_by_expected":false,"missed_expected":true,"feature_kind":"request"},"geometry":{"type":"Point","coordinates":[-75.22567393,39.96847022]}},{"type":"Feature","properties":{"id":"18041198","status":"Open","zipcode":"19128","requested_date":"2025-09-09","closed_date":null,"expected_date":"2026-03-18","days_to_close":null,"closed_within_180_days":false,"closed_by_expected":false,"missed_expected":true,"feature_kind":"request"},"geometry":{"type":"Point","coordinates":[-75.23441156,40.07003151]}},{"type":"Feature","properties":{"id":"18041917","status":"Closed","zipcode":"19128","requested_date":"2025-09-09","closed_date":"2025-12-11","expected_date":"2026-03-19","days_to_close":93,"closed_within_180_days":true,"closed_by_expected":true,"missed_expected":false,"feature_kind":"request"},"geometry":{"type":"Point","coordinates":[-75.23400002,40.05089157]}},{"type":"Feature","properties":{"id":"18042161","status":"Open","zipcode":"19131","requested_date":"2025-09-10","closed_date":null,"expected_date":"2026-03-19","days_to_close":null,"closed_within_180_days":false,"closed_by_expected":false,"missed_expected":true,"feature_kind":"request"},"geometry":{"type":"Point","coordinates":[-75.23371154,39.97408238]}},{"type":"Feature","properties":{"id":"18043419","status":"Closed","zipcode":"19131","requested_date":"2025-09-10","closed_date":"2026-03-13","expected_date":"2026-03-20","days_to_close":184,"closed_within_180_days":false,"closed_by_expected":true,"missed_expected":false,"feature_kind":"request"},"geometry":{"type":"Point","coordinates":[-75.23394601,39.96980903]}},{"type":"Feature","properties":{"id":"18043873","status":"Closed","zipcode":"19131","requested_date":"2025-09-10","closed_date":"2026-06-10","expected_date":"2026-03-20","days_to_close":272.8,"closed_within_180_days":false,"closed_by_expected":false,"missed_expected":true,"feature_kind":"request"},"geometry":{"type":"Point","coordinates":[-75.23312656,39.97806146]}},{"type":"Feature","properties":{"id":"18044708","status":"Open","zipcode":"19131","requested_date":"2025-09-11","closed_date":null,"expected_date":"2026-03-20","days_to_close":null,"closed_within_180_days":false,"closed_by_expected":false,"missed_expected":true,"feature_kind":"request"},"geometry":{"type":"Point","coordinates":[-75.22690676,39.98715805]}},{"type":"Feature","properties":{"id":"18046133","status":"Closed","zipcode":"19128","requested_date":"2025-09-11","closed_date":"2025-12-10","expected_date":"2026-03-20","days_to_close":90,"closed_within_180_days":true,"closed_by_expected":true,"missed_expected":false,"feature_kind":"request"},"geometry":{"type":"Point","coordinates":[-75.21174533,40.03699659]}},{"type":"Feature","properties":{"id":"18046463","status":"Open","zipcode":"19131","requested_date":"2025-09-11","closed_date":null,"expected_date":"2026-03-20","days_to_close":null,"closed_within_180_days":false,"closed_by_expected":false,"missed_expected":true,"feature_kind":"request"},"geometry":{"type":"Point","coordinates":[-75.24497447,39.99005035]}},{"type":"Feature","properties":{"id":"18046711","status":"Closed","zipcode":"19128","requested_date":"2025-09-11","closed_date":"2025-12-19","expected_date":"2026-03-20","days_to_close":98.8,"closed_within_180_days":true,"closed_by_expected":true,"missed_expected":false,"feature_kind":"request"},"geometry":{"type":"Point","coordinates":[-75.22550746,40.03317821]}},{"type":"Feature","properties":{"id":"18046982","status":"Closed","zipcode":"19128","requested_date":"2025-09-11","closed_date":"2026-01-05","expected_date":"2026-03-24","days_to_close":115.8,"closed_within_180_days":true,"closed_by_expected":true,"missed_expected":false,"feature_kind":"request"},"geometry":{"type":"Point","coordinates":[-75.23733109,40.05160085]}},{"type":"Feature","properties":{"id":"18047601","status":"Open","zipcode":"19131","requested_date":"2025-09-12","closed_date":null,"expected_date":"2026-03-23","days_to_close":null,"closed_within_180_days":false,"closed_by_expected":false,"missed_expected":true,"feature_kind":"request"},"geometry":{"type":"Point","coordinates":[-75.23134216,39.96808502]}},{"type":"Feature","properties":{"id":"18047756","status":"Open","zipcode":"19131","requested_date":"2025-09-12","closed_date":null,"expected_date":"2026-03-23","days_to_close":null,"closed_within_180_days":false,"closed_by_expected":false,"missed_expected":true,"feature_kind":"request"},"geometry":{"type":"Point","coordinates":[-75.20742966,40.00099155]}},{"type":"Feature","properties":{"id":"18047765","status":"Open","zipcode":"19131","requested_date":"2025-09-12","closed_date":null,"expected_date":"2026-03-23","days_to_close":null,"closed_within_180_days":false,"closed_by_expected":false,"missed_expected":true,"feature_kind":"request"},"geometry":{"type":"Point","coordinates":[-75.20743468,40.00133173]}},{"type":"Feature","properties":{"id":"18047945","status":"Open","zipcode":"19131","requested_date":"2025-09-12","closed_date":null,"expected_date":"2026-03-23","days_to_close":null,"closed_within_180_days":false,"closed_by_expected":false,"missed_expected":true,"feature_kind":"request"},"geometry":{"type":"Point","coordinates":[-75.23601807,39.97411528]}},{"type":"Feature","properties":{"id":"18048576","status":"Closed","zipcode":"19131","requested_date":"2025-09-12","closed_date":"2026-06-25","expected_date":"2026-03-24","days_to_close":285.8,"closed_within_180_days":false,"closed_by_expected":false,"missed_expected":true,"feature_kind":"request"},"geometry":{"type":"Point","coordinates":[-75.23608703,39.98998199]}},{"type":"Feature","properties":{"id":"18049401","status":"Open","zipcode":"19128","requested_date":"2025-09-12","closed_date":null,"expected_date":"2026-03-24","days_to_close":null,"closed_within_180_days":false,"closed_by_expected":false,"missed_expected":true,"feature_kind":"request"},"geometry":{"type":"Point","coordinates":[-75.21449799,40.02778117]}},{"type":"Feature","properties":{"id":"18052057","status":"Closed","zipcode":"19131","requested_date":"2025-09-15","closed_date":"2026-07-01","expected_date":"2026-03-25","days_to_close":288.8,"closed_within_180_days":false,"closed_by_expected":false,"missed_expected":true,"feature_kind":"request"},"geometry":{"type":"Point","coordinates":[-75.23013132,39.97706468]}},{"type":"Feature","properties":{"id":"18052066","status":"Closed","zipcode":"19131","requested_date":"2025-09-15","closed_date":"2026-07-01","expected_date":"2026-03-25","days_to_close":288.8,"closed_within_180_days":false,"closed_by_expected":false,"missed_expected":true,"feature_kind":"request"},"geometry":{"type":"Point","coordinates":[-75.23013132,39.97706468]}},{"type":"Feature","properties":{"id":"18052221","status":"Open","zipcode":"19131","requested_date":"2025-09-15","closed_date":null,"expected_date":"2026-03-24","days_to_close":null,"closed_within_180_days":false,"closed_by_expected":false,"missed_expected":true,"feature_kind":"request"},"geometry":{"type":"Point","coordinates":[-75.20711247,40.00439757]}},{"type":"Feature","properties":{"id":"18052226","status":"Open","zipcode":"19131","requested_date":"2025-09-15","closed_date":null,"expected_date":"2026-03-24","days_to_close":null,"closed_within_180_days":false,"closed_by_expected":false,"missed_expected":true,"feature_kind":"request"},"geometry":{"type":"Point","coordinates":[-75.20711247,40.00439757]}},{"type":"Feature","properties":{"id":"18052235","status":"Open","zipcode":"19131","requested_date":"2025-09-15","closed_date":null,"expected_date":"2026-03-24","days_to_close":null,"closed_within_180_days":false,"closed_by_expected":false,"missed_expected":true,"feature_kind":"request"},"geometry":{"type":"Point","coordinates":[-75.20296745,40.00414954]}},{"type":"Feature","properties":{"id":"18052241","status":"Open","zipcode":"19131","requested_date":"2025-09-15","closed_date":null,"expected_date":"2026-03-24","days_to_close":null,"closed_within_180_days":false,"closed_by_expected":false,"missed_expected":true,"feature_kind":"request"},"geometry":{"type":"Point","coordinates":[-75.20253384,40.00403001]}},{"type":"Feature","properties":{"id":"18052441","status":"Closed","zipcode":"19131","requested_date":"2025-09-15","closed_date":"2026-07-01","expected_date":"2026-03-26","days_to_close":288.7,"closed_within_180_days":false,"closed_by_expected":false,"missed_expected":true,"feature_kind":"request"},"geometry":{"type":"Point","coordinates":[-75.23078008,39.97707807]}},{"type":"Feature","properties":{"id":"18052443","status":"Closed","zipcode":"19131","requested_date":"2025-09-15","closed_date":"2026-07-01","expected_date":"2026-03-26","days_to_close":288.7,"closed_within_180_days":false,"closed_by_expected":false,"missed_expected":true,"feature_kind":"request"},"geometry":{"type":"Point","coordinates":[-75.23078008,39.97707807]}},{"type":"Feature","properties":{"id":"18052444","status":"Closed","zipcode":"19131","requested_date":"2025-09-15","closed_date":"2026-07-01","expected_date":"2026-03-26","days_to_close":288.9,"closed_within_180_days":false,"closed_by_expected":false,"missed_expected":true,"feature_kind":"request"},"geometry":{"type":"Point","coordinates":[-75.23078008,39.97707807]}},{"type":"Feature","properties":{"id":"18052522","status":"Closed","zipcode":"19128","requested_date":"2025-09-15","closed_date":"2025-12-30","expected_date":"2026-03-26","days_to_close":106,"closed_within_180_days":true,"closed_by_expected":true,"missed_expected":false,"feature_kind":"request"},"geometry":{"type":"Point","coordinates":[-75.23964854,40.06226378]}},{"type":"Feature","properties":{"id":"18052587","status":"Closed","zipcode":"19131","requested_date":"2025-09-15","closed_date":"2026-03-11","expected_date":"2026-03-26","days_to_close":176.8,"closed_within_180_days":true,"closed_by_expected":true,"missed_expected":false,"feature_kind":"request"},"geometry":{"type":"Point","coordinates":[-75.23166899,39.97519092]}},{"type":"Feature","properties":{"id":"18054534","status":"Closed","zipcode":"19128","requested_date":"2025-09-16","closed_date":"2025-12-10","expected_date":"2026-03-25","days_to_close":85,"closed_within_180_days":true,"closed_by_expected":true,"missed_expected":false,"feature_kind":"request"},"geometry":{"type":"Point","coordinates":[-75.20919987,40.03106149]}},{"type":"Feature","properties":{"id":"18054535","status":"Open","zipcode":"19131","requested_date":"2025-09-16","closed_date":null,"expected_date":"2026-03-25","days_to_close":null,"closed_within_180_days":false,"closed_by_expected":false,"missed_expected":true,"feature_kind":"request"},"geometry":{"type":"Point","coordinates":[-75.22046208,39.97312677]}},{"type":"Feature","properties":{"id":"18054685","status":"Open","zipcode":"19131","requested_date":"2025-09-16","closed_date":null,"expected_date":"2026-03-25","days_to_close":null,"closed_within_180_days":false,"closed_by_expected":false,"missed_expected":true,"feature_kind":"request"},"geometry":{"type":"Point","coordinates":[-75.22723566,39.97197066]}},{"type":"Feature","properties":{"id":"18054756","status":"Open","zipcode":"19128","requested_date":"2025-09-16","closed_date":null,"expected_date":"2026-03-25","days_to_close":null,"closed_within_180_days":false,"closed_by_expected":false,"missed_expected":true,"feature_kind":"request"},"geometry":{"type":"Point","coordinates":[-75.21065637,40.02537447]}},{"type":"Feature","properties":{"id":"18055132","status":"Open","zipcode":"19128","requested_date":"2025-09-16","closed_date":null,"expected_date":"2026-03-25","days_to_close":null,"closed_within_180_days":false,"closed_by_expected":false,"missed_expected":true,"feature_kind":"request"},"geometry":{"type":"Point","coordinates":[-75.21101467,40.02275877]}},{"type":"Feature","properties":{"id":"18055169","status":"Open","zipcode":"19128","requested_date":"2025-09-16","closed_date":null,"expected_date":"2026-03-25","days_to_close":null,"closed_within_180_days":false,"closed_by_expected":false,"missed_expected":true,"feature_kind":"request"},"geometry":{"type":"Point","coordinates":[-75.2060313,40.03116003]}},{"type":"Feature","properties":{"id":"18055201","status":"Open","zipcode":"19131","requested_date":"2025-09-16","closed_date":null,"expected_date":"2026-03-25","days_to_close":null,"closed_within_180_days":false,"closed_by_expected":false,"missed_expected":true,"feature_kind":"request"},"geometry":{"type":"Point","coordinates":[-75.21979104,39.99192182]}},{"type":"Feature","properties":{"id":"18058202","status":"Closed","zipcode":"19128","requested_date":"2025-09-17","closed_date":"2025-12-12","expected_date":"2026-03-27","days_to_close":85.9,"closed_within_180_days":true,"closed_by_expected":true,"missed_expected":false,"feature_kind":"request"},"geometry":{"type":"Point","coordinates":[-75.21356786,40.02908806]}},{"type":"Feature","properties":{"id":"18058730","status":"Open","zipcode":"19131","requested_date":"2025-09-18","closed_date":null,"expected_date":"2026-03-27","days_to_close":null,"closed_within_180_days":false,"closed_by_expected":false,"missed_expected":true,"feature_kind":"request"},"geometry":{"type":"Point","coordinates":[-75.21123384,40.00157475]}},{"type":"Feature","properties":{"id":"18058759","status":"Open","zipcode":"19131","requested_date":"2025-09-18","closed_date":null,"expected_date":"2026-03-27","days_to_close":null,"closed_within_180_days":false,"closed_by_expected":false,"missed_expected":true,"feature_kind":"request"},"geometry":{"type":"Point","coordinates":[-75.21102565,40.00130008]}},{"type":"Feature","properties":{"id":"18058866","status":"Closed","zipcode":"19131","requested_date":"2025-09-18","closed_date":"2026-06-23","expected_date":"2026-03-30","days_to_close":278,"closed_within_180_days":false,"closed_by_expected":false,"missed_expected":true,"feature_kind":"request"},"geometry":{"type":"Point","coordinates":[-75.23795244,39.98594091]}},{"type":"Feature","properties":{"id":"18059532","status":"Open","zipcode":"19131","requested_date":"2025-09-18","closed_date":null,"expected_date":"2026-03-27","days_to_close":null,"closed_within_180_days":false,"closed_by_expected":false,"missed_expected":true,"feature_kind":"request"},"geometry":{"type":"Point","coordinates":[-75.22818521,39.99855088]}},{"type":"Feature","properties":{"id":"18059544","status":"Open","zipcode":"19131","requested_date":"2025-09-18","closed_date":null,"expected_date":"2026-03-27","days_to_close":null,"closed_within_180_days":false,"closed_by_expected":false,"missed_expected":true,"feature_kind":"request"},"geometry":{"type":"Point","coordinates":[-75.22957776,39.99946453]}},{"type":"Feature","properties":{"id":"18060486","status":"Open","zipcode":"19131","requested_date":"2025-09-18","closed_date":null,"expected_date":"2026-03-30","days_to_close":null,"closed_within_180_days":false,"closed_by_expected":false,"missed_expected":true,"feature_kind":"request"},"geometry":{"type":"Point","coordinates":[-75.20716818,40.00131251]}},{"type":"Feature","properties":{"id":"18060794","status":"Closed","zipcode":"19131","requested_date":"2025-09-19","closed_date":"2026-07-13","expected_date":"2026-03-31","days_to_close":297.5,"closed_within_180_days":false,"closed_by_expected":false,"missed_expected":true,"feature_kind":"request"},"geometry":{"type":"Point","coordinates":[-75.23456927,39.97767042]}},{"type":"Feature","properties":{"id":"18060795","status":"Closed","zipcode":"19131","requested_date":"2025-09-19","closed_date":"2026-06-23","expected_date":"2026-03-31","days_to_close":277.5,"closed_within_180_days":false,"closed_by_expected":false,"missed_expected":true,"feature_kind":"request"},"geometry":{"type":"Point","coordinates":[-75.23451194,39.97767685]}},{"type":"Feature","properties":{"id":"18060797","status":"Closed","zipcode":"19131","requested_date":"2025-09-19","closed_date":"2026-06-23","expected_date":"2026-03-31","days_to_close":277.5,"closed_within_180_days":false,"closed_by_expected":false,"missed_expected":true,"feature_kind":"request"},"geometry":{"type":"Point","coordinates":[-75.23440772,39.97768831]}},{"type":"Feature","properties":{"id":"18060799","status":"Closed","zipcode":"19131","requested_date":"2025-09-19","closed_date":"2026-07-13","expected_date":"2026-03-30","days_to_close":297.4,"closed_within_180_days":false,"closed_by_expected":false,"missed_expected":true,"feature_kind":"request"},"geometry":{"type":"Point","coordinates":[-75.23435618,39.97769424]}},{"type":"Feature","properties":{"id":"18060800","status":"Closed","zipcode":"19131","requested_date":"2025-09-19","closed_date":"2026-07-14","expected_date":"2026-03-31","days_to_close":298.4,"closed_within_180_days":false,"closed_by_expected":false,"missed_expected":true,"feature_kind":"request"},"geometry":{"type":"Point","coordinates":[-75.23499158,39.9776246]}},{"type":"Feature","properties":{"id":"18061461","status":"Open","zipcode":"19128","requested_date":"2025-09-19","closed_date":null,"expected_date":"2026-03-30","days_to_close":null,"closed_within_180_days":false,"closed_by_expected":false,"missed_expected":true,"feature_kind":"request"},"geometry":{"type":"Point","coordinates":[-75.21156434,40.02516433]}},{"type":"Feature","properties":{"id":"18062187","status":"Closed","zipcode":"19131","requested_date":"2025-09-19","closed_date":"2026-07-01","expected_date":"2026-03-30","days_to_close":284.8,"closed_within_180_days":false,"closed_by_expected":false,"missed_expected":true,"feature_kind":"request"},"geometry":{"type":"Point","coordinates":[-75.23013132,39.97706468]}},{"type":"Feature","properties":{"id":"18062614","status":"Open","zipcode":"19131","requested_date":"2025-09-19","closed_date":null,"expected_date":"2026-03-30","days_to_close":null,"closed_within_180_days":false,"closed_by_expected":false,"missed_expected":true,"feature_kind":"request"},"geometry":{"type":"Point","coordinates":[-75.22817827,39.9984917]}},{"type":"Feature","properties":{"id":"18062763","status":"Closed","zipcode":"19128","requested_date":"2025-09-19","closed_date":"2025-12-11","expected_date":"2026-03-31","days_to_close":83.1,"closed_within_180_days":true,"closed_by_expected":true,"missed_expected":false,"feature_kind":"request"},"geometry":{"type":"Point","coordinates":[-75.21770323,40.02724812]}},{"type":"Feature","properties":{"id":"18063355","status":"Closed","zipcode":"19131","requested_date":"2025-09-21","closed_date":"2026-07-01","expected_date":"2026-03-31","days_to_close":283.5,"closed_within_180_days":false,"closed_by_expected":false,"missed_expected":true,"feature_kind":"request"},"geometry":{"type":"Point","coordinates":[-75.23013132,39.97706468]}},{"type":"Feature","properties":{"id":"18063587","status":"Open","zipcode":"19131","requested_date":"2025-09-21","closed_date":null,"expected_date":"2026-03-31","days_to_close":null,"closed_within_180_days":false,"closed_by_expected":false,"missed_expected":true,"feature_kind":"request"},"geometry":{"type":"Point","coordinates":[-75.22991455,39.97017622]}},{"type":"Feature","properties":{"id":"18063590","status":"Open","zipcode":"19128","requested_date":"2025-09-21","closed_date":null,"expected_date":"2026-03-31","days_to_close":null,"closed_within_180_days":false,"closed_by_expected":false,"missed_expected":true,"feature_kind":"request"},"geometry":{"type":"Point","coordinates":[-75.21234779,40.03298603]}},{"type":"Feature","properties":{"id":"18063591","status":"Open","zipcode":"19131","requested_date":"2025-09-21","closed_date":null,"expected_date":"2026-03-31","days_to_close":null,"closed_within_180_days":false,"closed_by_expected":false,"missed_expected":true,"feature_kind":"request"},"geometry":{"type":"Point","coordinates":[-75.22991455,39.97017622]}},{"type":"Feature","properties":{"id":"18063592","status":"Open","zipcode":"19128","requested_date":"2025-09-21","closed_date":null,"expected_date":"2026-03-31","days_to_close":null,"closed_within_180_days":false,"closed_by_expected":false,"missed_expected":true,"feature_kind":"request"},"geometry":{"type":"Point","coordinates":[-75.21229824,40.03301305]}},{"type":"Feature","properties":{"id":"18063971","status":"Open","zipcode":"19128","requested_date":"2025-09-22","closed_date":null,"expected_date":"2026-03-31","days_to_close":null,"closed_within_180_days":false,"closed_by_expected":false,"missed_expected":true,"feature_kind":"request"},"geometry":{"type":"Point","coordinates":[-75.21147896,40.01999614]}},{"type":"Feature","properties":{"id":"18064332","status":"Closed","zipcode":"19131","requested_date":"2025-09-22","closed_date":"2026-07-23","expected_date":"2026-04-01","days_to_close":303.9,"closed_within_180_days":false,"closed_by_expected":false,"missed_expected":true,"feature_kind":"request"},"geometry":{"type":"Point","coordinates":[-75.23928515,39.98835993]}},{"type":"Feature","properties":{"id":"18065468","status":"Closed","zipcode":"19131","requested_date":"2025-09-22","closed_date":"2026-06-23","expected_date":"2026-04-01","days_to_close":273.8,"closed_within_180_days":false,"closed_by_expected":false,"missed_expected":true,"feature_kind":"request"},"geometry":{"type":"Point","coordinates":[-75.2336015,39.98374473]}},{"type":"Feature","properties":{"id":"18065481","status":"Closed","zipcode":"19131","requested_date":"2025-09-22","closed_date":"2026-07-02","expected_date":"2026-04-01","days_to_close":282.8,"closed_within_180_days":false,"closed_by_expected":false,"missed_expected":true,"feature_kind":"request"},"geometry":{"type":"Point","coordinates":[-75.2333813,39.98379092]}},{"type":"Feature","properties":{"id":"18065861","status":"Closed","zipcode":"19131","requested_date":"2025-09-22","closed_date":"2026-07-23","expected_date":"2026-04-02","days_to_close":303.7,"closed_within_180_days":false,"closed_by_expected":false,"missed_expected":true,"feature_kind":"request"},"geometry":{"type":"Point","coordinates":[-75.24128328,39.98745038]}},{"type":"Feature","properties":{"id":"18065956","status":"Open","zipcode":"19128","requested_date":"2025-09-22","closed_date":null,"expected_date":"2026-03-31","days_to_close":null,"closed_within_180_days":false,"closed_by_expected":false,"missed_expected":true,"feature_kind":"request"},"geometry":{"type":"Point","coordinates":[-75.20764269,40.02177716]}},{"type":"Feature","properties":{"id":"18066268","status":"Closed","zipcode":"19131","requested_date":"2025-09-22","closed_date":"2026-07-22","expected_date":"2026-04-02","days_to_close":302.6,"closed_within_180_days":false,"closed_by_expected":false,"missed_expected":true,"feature_kind":"request"},"geometry":{"type":"Point","coordinates":[-75.23821266,39.97903049]}},{"type":"Feature","properties":{"id":"18066308","status":"Closed","zipcode":"19128","requested_date":"2025-09-22","closed_date":"2025-12-12","expected_date":"2026-04-01","days_to_close":80.8,"closed_within_180_days":true,"closed_by_expected":true,"missed_expected":false,"feature_kind":"request"},"geometry":{"type":"Point","coordinates":[-75.21062251,40.02902641]}},{"type":"Feature","properties":{"id":"18066385","status":"Open","zipcode":"19131","requested_date":"2025-09-22","closed_date":null,"expected_date":"2026-04-01","days_to_close":null,"closed_within_180_days":false,"closed_by_expected":false,"missed_expected":true,"feature_kind":"request"},"geometry":{"type":"Point","coordinates":[-75.21056366,40.00136369]}},{"type":"Feature","properties":{"id":"18066549","status":"Closed","zipcode":"19131","requested_date":"2025-09-23","closed_date":"2026-07-01","expected_date":"2026-04-01","days_to_close":281.5,"closed_within_180_days":false,"closed_by_expected":false,"missed_expected":true,"feature_kind":"request"},"geometry":{"type":"Point","coordinates":[-75.23013132,39.97706468]}},{"type":"Feature","properties":{"id":"18067203","status":"Closed","zipcode":"19128","requested_date":"2025-09-23","closed_date":"2025-12-15","expected_date":"2026-04-01","days_to_close":83.1,"closed_within_180_days":true,"closed_by_expected":true,"missed_expected":false,"feature_kind":"request"},"geometry":{"type":"Point","coordinates":[-75.21047421,40.02545547]}},{"type":"Feature","properties":{"id":"18067297","status":"Closed","zipcode":"19131","requested_date":"2025-09-23","closed_date":"2026-06-10","expected_date":"2026-04-02","days_to_close":260,"closed_within_180_days":false,"closed_by_expected":false,"missed_expected":true,"feature_kind":"request"},"geometry":{"type":"Point","coordinates":[-75.23312656,39.97806146]}},{"type":"Feature","properties":{"id":"18068812","status":"Open","zipcode":"19131","requested_date":"2025-09-23","closed_date":null,"expected_date":"2026-04-02","days_to_close":null,"closed_within_180_days":false,"closed_by_expected":false,"missed_expected":true,"feature_kind":"request"},"geometry":{"type":"Point","coordinates":[-75.227746,39.97333752]}},{"type":"Feature","properties":{"id":"18069325","status":"Open","zipcode":"19128","requested_date":"2025-09-24","closed_date":null,"expected_date":"2026-04-02","days_to_close":null,"closed_within_180_days":false,"closed_by_expected":false,"missed_expected":true,"feature_kind":"request"},"geometry":{"type":"Point","coordinates":[-75.22111719,40.04147934]}},{"type":"Feature","properties":{"id":"18069328","status":"Closed","zipcode":"19128","requested_date":"2025-09-24","closed_date":"2025-12-10","expected_date":"2026-04-02","days_to_close":77.3,"closed_within_180_days":true,"closed_by_expected":true,"missed_expected":false,"feature_kind":"request"},"geometry":{"type":"Point","coordinates":[-75.22111719,40.04147934]}},{"type":"Feature","properties":{"id":"18070083","status":"Open","zipcode":"19131","requested_date":"2025-09-24","closed_date":null,"expected_date":"2026-04-02","days_to_close":null,"closed_within_180_days":false,"closed_by_expected":false,"missed_expected":true,"feature_kind":"request"},"geometry":{"type":"Point","coordinates":[-75.2365926,39.97447462]}},{"type":"Feature","properties":{"id":"18070235","status":"Open","zipcode":"19131","requested_date":"2025-09-24","closed_date":null,"expected_date":"2026-04-02","days_to_close":null,"closed_within_180_days":false,"closed_by_expected":false,"missed_expected":true,"feature_kind":"request"},"geometry":{"type":"Point","coordinates":[-75.23429054,39.97453927]}},{"type":"Feature","properties":{"id":"18070501","status":"Open","zipcode":"19128","requested_date":"2025-09-24","closed_date":null,"expected_date":"2026-04-02","days_to_close":null,"closed_within_180_days":false,"closed_by_expected":false,"missed_expected":true,"feature_kind":"request"},"geometry":{"type":"Point","coordinates":[-75.2060313,40.03116003]}},{"type":"Feature","properties":{"id":"18070969","status":"Open","zipcode":"19131","requested_date":"2025-09-24","closed_date":null,"expected_date":"2026-04-02","days_to_close":null,"closed_within_180_days":false,"closed_by_expected":false,"missed_expected":true,"feature_kind":"request"},"geometry":{"type":"Point","coordinates":[-75.23185292,39.97637897]}},{"type":"Feature","properties":{"id":"18071477","status":"Open","zipcode":"19131","requested_date":"2025-09-24","closed_date":null,"expected_date":"2026-04-02","days_to_close":null,"closed_within_180_days":false,"closed_by_expected":false,"missed_expected":true,"feature_kind":"request"},"geometry":{"type":"Point","coordinates":[-75.2345815,39.96906116]}},{"type":"Feature","properties":{"id":"18073551","status":"Open","zipcode":"19131","requested_date":"2025-09-24","closed_date":null,"expected_date":"2026-04-02","days_to_close":null,"closed_within_180_days":false,"closed_by_expected":false,"missed_expected":true,"feature_kind":"request"},"geometry":{"type":"Point","coordinates":[-75.22801606,39.97506893]}},{"type":"Feature","properties":{"id":"18079119","status":"Open","zipcode":"19131","requested_date":"2025-09-24","closed_date":null,"expected_date":"2026-04-03","days_to_close":null,"closed_within_180_days":false,"closed_by_expected":false,"missed_expected":true,"feature_kind":"request"},"geometry":{"type":"Point","coordinates":[-75.22010376,39.96994837]}},{"type":"Feature","properties":{"id":"18082562","status":"Closed","zipcode":"19128","requested_date":"2025-09-24","closed_date":"2026-03-18","expected_date":"2026-04-03","days_to_close":174.8,"closed_within_180_days":true,"closed_by_expected":true,"missed_expected":false,"feature_kind":"request"},"geometry":{"type":"Point","coordinates":[-75.20862465,40.02455601]}},{"type":"Feature","properties":{"id":"18083511","status":"Closed","zipcode":"19128","requested_date":"2025-09-25","closed_date":"2026-04-07","expected_date":"2026-04-06","days_to_close":194.2,"closed_within_180_days":false,"closed_by_expected":false,"missed_expected":true,"feature_kind":"request"},"geometry":{"type":"Point","coordinates":[-75.22715986,40.03763288]}},{"type":"Feature","properties":{"id":"18101175","status":"Open","zipcode":"19131","requested_date":"2025-09-26","closed_date":null,"expected_date":"2026-04-06","days_to_close":null,"closed_within_180_days":false,"closed_by_expected":false,"missed_expected":true,"feature_kind":"request"},"geometry":{"type":"Point","coordinates":[-75.22660743,39.99774209]}},{"type":"Feature","properties":{"id":"18126096","status":"Open","zipcode":"19128","requested_date":"2025-09-26","closed_date":null,"expected_date":"2026-04-07","days_to_close":null,"closed_within_180_days":false,"closed_by_expected":false,"missed_expected":true,"feature_kind":"request"},"geometry":{"type":"Point","coordinates":[-75.20821239,40.01837031]}},{"type":"Feature","properties":{"id":"18126152","status":"Open","zipcode":"19128","requested_date":"2025-09-26","closed_date":null,"expected_date":"2026-04-07","days_to_close":null,"closed_within_180_days":false,"closed_by_expected":false,"missed_expected":true,"feature_kind":"request"},"geometry":{"type":"Point","coordinates":[-75.23732868,40.04990735]}},{"type":"Feature","properties":{"id":"18126283","status":"Closed","zipcode":"19128","requested_date":"2025-09-27","closed_date":"2025-12-15","expected_date":"2026-04-07","days_to_close":79.7,"closed_within_180_days":true,"closed_by_expected":true,"missed_expected":false,"feature_kind":"request"},"geometry":{"type":"Point","coordinates":[-75.21044165,40.02541156]}},{"type":"Feature","properties":{"id":"18126375","status":"Open","zipcode":"19128","requested_date":"2025-09-27","closed_date":null,"expected_date":"2026-04-07","days_to_close":null,"closed_within_180_days":false,"closed_by_expected":false,"missed_expected":true,"feature_kind":"request"},"geometry":{"type":"Point","coordinates":[-75.20909427,40.01579799]}},{"type":"Feature","properties":{"id":"18126508","status":"Closed","zipcode":"19131","requested_date":"2025-09-27","closed_date":"2026-04-28","expected_date":"2026-04-08","days_to_close":212.9,"closed_within_180_days":false,"closed_by_expected":false,"missed_expected":true,"feature_kind":"request"},"geometry":{"type":"Point","coordinates":[-75.23012263,39.96879596]}},{"type":"Feature","properties":{"id":"18126669","status":"Closed","zipcode":"19128","requested_date":"2025-09-28","closed_date":"2025-12-11","expected_date":"2026-04-07","days_to_close":74.3,"closed_within_180_days":true,"closed_by_expected":true,"missed_expected":false,"feature_kind":"request"},"geometry":{"type":"Point","coordinates":[-75.22512444,40.0371443]}},{"type":"Feature","properties":{"id":"18127214","status":"Closed","zipcode":"19131","requested_date":"2025-09-29","closed_date":"2026-06-11","expected_date":"2026-04-08","days_to_close":255.1,"closed_within_180_days":false,"closed_by_expected":false,"missed_expected":true,"feature_kind":"request"},"geometry":{"type":"Point","coordinates":[-75.24084615,39.98587847]}},{"type":"Feature","properties":{"id":"18127226","status":"Closed","zipcode":"19131","requested_date":"2025-09-29","closed_date":"2026-06-11","expected_date":"2026-04-08","days_to_close":255.1,"closed_within_180_days":false,"closed_by_expected":false,"missed_expected":true,"feature_kind":"request"},"geometry":{"type":"Point","coordinates":[-75.24058643,39.98598149]}},{"type":"Feature","properties":{"id":"18127796","status":"Open","zipcode":"19128","requested_date":"2025-09-29","closed_date":null,"expected_date":"2026-04-07","days_to_close":null,"closed_within_180_days":false,"closed_by_expected":false,"missed_expected":true,"feature_kind":"request"},"geometry":{"type":"Point","coordinates":[-75.21020744,40.02481337]}},{"type":"Feature","properties":{"id":"18127817","status":"Closed","zipcode":"19128","requested_date":"2025-09-29","closed_date":"2025-12-11","expected_date":"2026-04-07","days_to_close":73.2,"closed_within_180_days":true,"closed_by_expected":true,"missed_expected":false,"feature_kind":"request"},"geometry":{"type":"Point","coordinates":[-75.23029257,40.04677453]}},{"type":"Feature","properties":{"id":"18129282","status":"Open","zipcode":"19128","requested_date":"2025-09-29","closed_date":null,"expected_date":"2026-04-08","days_to_close":null,"closed_within_180_days":false,"closed_by_expected":false,"missed_expected":true,"feature_kind":"request"},"geometry":{"type":"Point","coordinates":[-75.20846269,40.03205789]}},{"type":"Feature","properties":{"id":"18129535","status":"Closed","zipcode":"19128","requested_date":"2025-09-30","closed_date":"2026-04-07","expected_date":"2026-04-08","days_to_close":189.3,"closed_within_180_days":false,"closed_by_expected":true,"missed_expected":false,"feature_kind":"request"},"geometry":{"type":"Point","coordinates":[-75.2269869,40.03774201]}},{"type":"Feature","properties":{"id":"18136851","status":"Open","zipcode":"19128","requested_date":"2025-09-30","closed_date":null,"expected_date":"2026-04-08","days_to_close":null,"closed_within_180_days":false,"closed_by_expected":false,"missed_expected":true,"feature_kind":"request"},"geometry":{"type":"Point","coordinates":[-75.20433448,40.03064006]}},{"type":"Feature","properties":{"id":"18136967","status":"Open","zipcode":"19128","requested_date":"2025-09-30","closed_date":null,"expected_date":"2026-04-08","days_to_close":null,"closed_within_180_days":false,"closed_by_expected":false,"missed_expected":true,"feature_kind":"request"},"geometry":{"type":"Point","coordinates":[-75.20969119,40.03164113]}},{"type":"Feature","properties":{"id":"18137126","status":"Open","zipcode":"19128","requested_date":"2025-09-30","closed_date":null,"expected_date":"2026-04-08","days_to_close":null,"closed_within_180_days":false,"closed_by_expected":false,"missed_expected":true,"feature_kind":"request"},"geometry":{"type":"Point","coordinates":[-75.21146131,40.02520155]}},{"type":"Feature","properties":{"id":"18149465","status":"Closed","zipcode":"19128","requested_date":"2025-09-30","closed_date":"2025-12-11","expected_date":"2026-04-09","days_to_close":71.7,"closed_within_180_days":true,"closed_by_expected":true,"missed_expected":false,"feature_kind":"request"},"geometry":{"type":"Point","coordinates":[-75.23036327,40.04571038]}},{"type":"Feature","properties":{"id":"18169558","status":"Open","zipcode":"19131","requested_date":"2025-10-01","closed_date":null,"expected_date":"2026-04-09","days_to_close":null,"closed_within_180_days":false,"closed_by_expected":false,"missed_expected":true,"feature_kind":"request"},"geometry":{"type":"Point","coordinates":[-75.23314222,39.99634512]}},{"type":"Feature","properties":{"id":"18175165","status":"Closed","zipcode":"19128","requested_date":"2025-10-01","closed_date":"2025-12-11","expected_date":"2026-04-09","days_to_close":71.3,"closed_within_180_days":true,"closed_by_expected":true,"missed_expected":false,"feature_kind":"request"},"geometry":{"type":"Point","coordinates":[-75.2327886,40.05140786]}},{"type":"Feature","properties":{"id":"18184647","status":"Closed","zipcode":"19131","requested_date":"2025-10-01","closed_date":"2026-08-20","expected_date":"2026-04-10","days_to_close":322.8,"closed_within_180_days":false,"closed_by_expected":false,"missed_expected":true,"feature_kind":"request"},"geometry":{"type":"Point","coordinates":[-75.23326911,39.98653349]}},{"type":"Feature","properties":{"id":"18185144","status":"Closed","zipcode":"19131","requested_date":"2025-10-01","closed_date":"2026-06-12","expected_date":"2026-04-10","days_to_close":253.8,"closed_within_180_days":false,"closed_by_expected":false,"missed_expected":true,"feature_kind":"request"},"geometry":{"type":"Point","coordinates":[-75.23321589,39.98654452]}},{"type":"Feature","properties":{"id":"18185482","status":"Closed","zipcode":"19131","requested_date":"2025-10-01","closed_date":"2026-06-12","expected_date":"2026-04-10","days_to_close":253.8,"closed_within_180_days":false,"closed_by_expected":false,"missed_expected":true,"feature_kind":"request"},"geometry":{"type":"Point","coordinates":[-75.23348844,39.98648745]}},{"type":"Feature","properties":{"id":"18186335","status":"Open","zipcode":"19128","requested_date":"2025-10-01","closed_date":null,"expected_date":"2026-04-10","days_to_close":null,"closed_within_180_days":false,"closed_by_expected":false,"missed_expected":true,"feature_kind":"request"},"geometry":{"type":"Point","coordinates":[-75.22016927,40.03040499]}},{"type":"Feature","properties":{"id":"18188981","status":"Open","zipcode":"19131","requested_date":"2025-10-02","closed_date":null,"expected_date":"2026-04-10","days_to_close":null,"closed_within_180_days":false,"closed_by_expected":false,"missed_expected":true,"feature_kind":"request"},"geometry":{"type":"Point","coordinates":[-75.23453049,39.96906662]}},{"type":"Feature","properties":{"id":"18189041","status":"Open","zipcode":"19131","requested_date":"2025-10-02","closed_date":null,"expected_date":"2026-04-10","days_to_close":null,"closed_within_180_days":false,"closed_by_expected":false,"missed_expected":true,"feature_kind":"request"},"geometry":{"type":"Point","coordinates":[-75.23447878,39.96907221]}},{"type":"Feature","properties":{"id":"18189117","status":"Open","zipcode":"19131","requested_date":"2025-10-02","closed_date":null,"expected_date":"2026-04-10","days_to_close":null,"closed_within_180_days":false,"closed_by_expected":false,"missed_expected":true,"feature_kind":"request"},"geometry":{"type":"Point","coordinates":[-75.23463735,39.96905503]}},{"type":"Feature","properties":{"id":"18189167","status":"Open","zipcode":"19131","requested_date":"2025-10-02","closed_date":null,"expected_date":"2026-04-10","days_to_close":null,"closed_within_180_days":false,"closed_by_expected":false,"missed_expected":true,"feature_kind":"request"},"geometry":{"type":"Point","coordinates":[-75.23447878,39.96907221]}},{"type":"Feature","properties":{"id":"18189215","status":"Open","zipcode":"19131","requested_date":"2025-10-02","closed_date":null,"expected_date":"2026-04-10","days_to_close":null,"closed_within_180_days":false,"closed_by_expected":false,"missed_expected":true,"feature_kind":"request"},"geometry":{"type":"Point","coordinates":[-75.23468674,39.96904992]}},{"type":"Feature","properties":{"id":"18189286","status":"Open","zipcode":"19131","requested_date":"2025-10-02","closed_date":null,"expected_date":"2026-04-10","days_to_close":null,"closed_within_180_days":false,"closed_by_expected":false,"missed_expected":true,"feature_kind":"request"},"geometry":{"type":"Point","coordinates":[-75.23474439,39.96904355]}},{"type":"Feature","properties":{"id":"18189343","status":"Open","zipcode":"19131","requested_date":"2025-10-02","closed_date":null,"expected_date":"2026-04-10","days_to_close":null,"closed_within_180_days":false,"closed_by_expected":false,"missed_expected":true,"feature_kind":"request"},"geometry":{"type":"Point","coordinates":[-75.23479483,39.96903789]}},{"type":"Feature","properties":{"id":"18189413","status":"Open","zipcode":"19131","requested_date":"2025-10-02","closed_date":null,"expected_date":"2026-04-10","days_to_close":null,"closed_within_180_days":false,"closed_by_expected":false,"missed_expected":true,"feature_kind":"request"},"geometry":{"type":"Point","coordinates":[-75.2348334,39.96903407]}},{"type":"Feature","properties":{"id":"18216659","status":"Closed","zipcode":"19128","requested_date":"2025-10-03","closed_date":"2025-12-11","expected_date":"2026-04-14","days_to_close":69,"closed_within_180_days":true,"closed_by_expected":true,"missed_expected":false,"feature_kind":"request"},"geometry":{"type":"Point","coordinates":[-75.22940872,40.05009921]}},{"type":"Feature","properties":{"id":"18222216","status":"Open","zipcode":"19128","requested_date":"2025-10-06","closed_date":null,"expected_date":"2026-04-14","days_to_close":null,"closed_within_180_days":false,"closed_by_expected":false,"missed_expected":true,"feature_kind":"request"},"geometry":{"type":"Point","coordinates":[-75.24805941,40.06680357]}},{"type":"Feature","properties":{"id":"18222220","status":"Closed","zipcode":"19128","requested_date":"2025-10-06","closed_date":"2025-12-31","expected_date":"2026-04-15","days_to_close":86.1,"closed_within_180_days":true,"closed_by_expected":true,"missed_expected":false,"feature_kind":"request"},"geometry":{"type":"Point","coordinates":[-75.24808309,40.068059]}},{"type":"Feature","properties":{"id":"18222333","status":"Closed","zipcode":"19128","requested_date":"2025-10-06","closed_date":"2026-01-05","expected_date":"2026-04-15","days_to_close":91.1,"closed_within_180_days":true,"closed_by_expected":true,"missed_expected":false,"feature_kind":"request"},"geometry":{"type":"Point","coordinates":[-75.24422116,40.046947]}},{"type":"Feature","properties":{"id":"18222349","status":"Closed","zipcode":"19128","requested_date":"2025-10-06","closed_date":"2025-12-30","expected_date":"2026-04-15","days_to_close":85.3,"closed_within_180_days":true,"closed_by_expected":true,"missed_expected":false,"feature_kind":"request"},"geometry":{"type":"Point","coordinates":[-75.2409614,40.06785629]}},{"type":"Feature","properties":{"id":"18222546","status":"Open","zipcode":"19131","requested_date":"2025-10-06","closed_date":null,"expected_date":"2026-04-14","days_to_close":null,"closed_within_180_days":false,"closed_by_expected":false,"missed_expected":true,"feature_kind":"request"},"geometry":{"type":"Point","coordinates":[-75.23201302,39.96827852]}},{"type":"Feature","properties":{"id":"18222576","status":"Open","zipcode":"19128","requested_date":"2025-10-06","closed_date":null,"expected_date":"2026-04-14","days_to_close":null,"closed_within_180_days":false,"closed_by_expected":false,"missed_expected":true,"feature_kind":"request"},"geometry":{"type":"Point","coordinates":[-75.22888392,40.0636494]}},{"type":"Feature","properties":{"id":"18222580","status":"Closed","zipcode":"19128","requested_date":"2025-10-06","closed_date":"2025-12-30","expected_date":"2026-04-15","days_to_close":85.3,"closed_within_180_days":true,"closed_by_expected":true,"missed_expected":false,"feature_kind":"request"},"geometry":{"type":"Point","coordinates":[-75.24059392,40.06804889]}},{"type":"Feature","properties":{"id":"18223431","status":"Open","zipcode":"19128","requested_date":"2025-10-06","closed_date":null,"expected_date":"2026-04-14","days_to_close":null,"closed_within_180_days":false,"closed_by_expected":false,"missed_expected":true,"feature_kind":"request"},"geometry":{"type":"Point","coordinates":[-75.24035453,40.06842724]}},{"type":"Feature","properties":{"id":"18223810","status":"Closed","zipcode":"19128","requested_date":"2025-10-06","closed_date":"2025-12-31","expected_date":"2026-04-15","days_to_close":86,"closed_within_180_days":true,"closed_by_expected":true,"missed_expected":false,"feature_kind":"request"},"geometry":{"type":"Point","coordinates":[-75.23203934,40.03758567]}},{"type":"Feature","properties":{"id":"18225271","status":"Closed","zipcode":"19131","requested_date":"2025-10-06","closed_date":"2026-07-14","expected_date":"2026-04-15","days_to_close":280.9,"closed_within_180_days":false,"closed_by_expected":false,"missed_expected":true,"feature_kind":"request"},"geometry":{"type":"Point","coordinates":[-75.23650979,39.98842437]}},{"type":"Feature","properties":{"id":"18254132","status":"Closed","zipcode":"19131","requested_date":"2025-10-07","closed_date":"2026-07-16","expected_date":"2026-04-16","days_to_close":282,"closed_within_180_days":false,"closed_by_expected":false,"missed_expected":true,"feature_kind":"request"},"geometry":{"type":"Point","coordinates":[-75.23943223,39.99110241]}},{"type":"Feature","properties":{"id":"18258831","status":"Closed","zipcode":"19128","requested_date":"2025-10-07","closed_date":"2025-12-30","expected_date":"2026-04-15","days_to_close":84.2,"closed_within_180_days":true,"closed_by_expected":true,"missed_expected":false,"feature_kind":"request"},"geometry":{"type":"Point","coordinates":[-75.24059392,40.06804889]}},{"type":"Feature","properties":{"id":"18265442","status":"Open","zipcode":"19131","requested_date":"2025-10-07","closed_date":null,"expected_date":"2026-04-15","days_to_close":null,"closed_within_180_days":false,"closed_by_expected":false,"missed_expected":true,"feature_kind":"request"},"geometry":{"type":"Point","coordinates":[-75.22680377,39.98748178]}},{"type":"Feature","properties":{"id":"18265501","status":"Closed","zipcode":"19131","requested_date":"2025-10-07","closed_date":"2026-02-19","expected_date":"2026-04-16","days_to_close":134.9,"closed_within_180_days":true,"closed_by_expected":true,"missed_expected":false,"feature_kind":"request"},"geometry":{"type":"Point","coordinates":[-75.22680377,39.98748178]}},{"type":"Feature","properties":{"id":"18265620","status":"Open","zipcode":"19131","requested_date":"2025-10-07","closed_date":null,"expected_date":"2026-04-15","days_to_close":null,"closed_within_180_days":false,"closed_by_expected":false,"missed_expected":true,"feature_kind":"request"},"geometry":{"type":"Point","coordinates":[-75.22682629,39.9873622]}},{"type":"Feature","properties":{"id":"18270488","status":"Open","zipcode":"19128","requested_date":"2025-10-08","closed_date":null,"expected_date":"2026-04-16","days_to_close":null,"closed_within_180_days":false,"closed_by_expected":false,"missed_expected":true,"feature_kind":"request"},"geometry":{"type":"Point","coordinates":[-75.24123308,40.04964868]}},{"type":"Feature","properties":{"id":"18270590","status":"Closed","zipcode":"19128","requested_date":"2025-10-08","closed_date":"2025-12-11","expected_date":"2026-04-16","days_to_close":64.7,"closed_within_180_days":true,"closed_by_expected":true,"missed_expected":false,"feature_kind":"request"},"geometry":{"type":"Point","coordinates":[-75.23085802,40.04511051]}},{"type":"Feature","properties":{"id":"18270666","status":"Closed","zipcode":"19131","requested_date":"2025-10-08","closed_date":"2026-07-22","expected_date":"2026-04-16","days_to_close":287.5,"closed_within_180_days":false,"closed_by_expected":false,"missed_expected":true,"feature_kind":"request"},"geometry":{"type":"Point","coordinates":[-75.23916044,39.98747232]}},{"type":"Feature","properties":{"id":"18270977","status":"Open","zipcode":"19131","requested_date":"2025-10-08","closed_date":null,"expected_date":"2026-04-16","days_to_close":null,"closed_within_180_days":false,"closed_by_expected":false,"missed_expected":true,"feature_kind":"request"},"geometry":{"type":"Point","coordinates":[-75.22856221,39.97388914]}},{"type":"Feature","properties":{"id":"18270981","status":"Open","zipcode":"19131","requested_date":"2025-10-08","closed_date":null,"expected_date":"2026-04-16","days_to_close":null,"closed_within_180_days":false,"closed_by_expected":false,"missed_expected":true,"feature_kind":"request"},"geometry":{"type":"Point","coordinates":[-75.22236082,40.00206195]}},{"type":"Feature","properties":{"id":"18271063","status":"Closed","zipcode":"19131","requested_date":"2025-10-08","closed_date":"2026-06-23","expected_date":"2026-04-16","days_to_close":258.5,"closed_within_180_days":false,"closed_by_expected":false,"missed_expected":true,"feature_kind":"request"},"geometry":{"type":"Point","coordinates":[-75.24279556,39.98576254]}},{"type":"Feature","properties":{"id":"18271238","status":"Open","zipcode":"19131","requested_date":"2025-10-08","closed_date":null,"expected_date":"2026-04-16","days_to_close":null,"closed_within_180_days":false,"closed_by_expected":false,"missed_expected":true,"feature_kind":"request"},"geometry":{"type":"Point","coordinates":[-75.22418733,39.97391706]}},{"type":"Feature","properties":{"id":"18271241","status":"Open","zipcode":"19131","requested_date":"2025-10-08","closed_date":null,"expected_date":"2026-04-16","days_to_close":null,"closed_within_180_days":false,"closed_by_expected":false,"missed_expected":true,"feature_kind":"request"},"geometry":{"type":"Point","coordinates":[-75.22418733,39.97391706]}},{"type":"Feature","properties":{"id":"18271243","status":"Open","zipcode":"19131","requested_date":"2025-10-08","closed_date":null,"expected_date":"2026-04-16","days_to_close":null,"closed_within_180_days":false,"closed_by_expected":false,"missed_expected":true,"feature_kind":"request"},"geometry":{"type":"Point","coordinates":[-75.22418733,39.97391706]}},{"type":"Feature","properties":{"id":"18271870","status":"Open","zipcode":"19128","requested_date":"2025-10-08","closed_date":null,"expected_date":"2026-04-16","days_to_close":null,"closed_within_180_days":false,"closed_by_expected":false,"missed_expected":true,"feature_kind":"request"},"geometry":{"type":"Point","coordinates":[-75.21221624,40.03282457]}},{"type":"Feature","properties":{"id":"18272782","status":"Closed","zipcode":"19131","requested_date":"2025-10-08","closed_date":"2026-06-23","expected_date":"2026-04-16","days_to_close":257.7,"closed_within_180_days":false,"closed_by_expected":false,"missed_expected":true,"feature_kind":"request"},"geometry":{"type":"Point","coordinates":[-75.24279556,39.98576254]}},{"type":"Feature","properties":{"id":"18273800","status":"Open","zipcode":"19128","requested_date":"2025-10-08","closed_date":null,"expected_date":"2026-04-17","days_to_close":null,"closed_within_180_days":false,"closed_by_expected":false,"missed_expected":true,"feature_kind":"request"},"geometry":{"type":"Point","coordinates":[-75.20681178,40.03078443]}},{"type":"Feature","properties":{"id":"18298493","status":"Open","zipcode":"19131","requested_date":"2025-10-09","closed_date":null,"expected_date":"2026-04-17","days_to_close":null,"closed_within_180_days":false,"closed_by_expected":false,"missed_expected":true,"feature_kind":"request"},"geometry":{"type":"Point","coordinates":[-75.23420429,39.96960038]}},{"type":"Feature","properties":{"id":"18307467","status":"Closed","zipcode":"19128","requested_date":"2025-10-09","closed_date":"2025-12-15","expected_date":"2026-04-17","days_to_close":66.9,"closed_within_180_days":true,"closed_by_expected":true,"missed_expected":false,"feature_kind":"request"},"geometry":{"type":"Point","coordinates":[-75.21234917,40.01805976]}},{"type":"Feature","properties":{"id":"18307534","status":"Closed","zipcode":"19128","requested_date":"2025-10-09","closed_date":"2025-12-15","expected_date":"2026-04-17","days_to_close":66.9,"closed_within_180_days":true,"closed_by_expected":true,"missed_expected":false,"feature_kind":"request"},"geometry":{"type":"Point","coordinates":[-75.21219657,40.01812419]}},{"type":"Feature","properties":{"id":"18318059","status":"Open","zipcode":"19131","requested_date":"2025-10-09","closed_date":null,"expected_date":"2026-04-20","days_to_close":null,"closed_within_180_days":false,"closed_by_expected":false,"missed_expected":true,"feature_kind":"request"},"geometry":{"type":"Point","coordinates":[-75.22418733,39.97391706]}},{"type":"Feature","properties":{"id":"18318066","status":"Open","zipcode":"19131","requested_date":"2025-10-09","closed_date":null,"expected_date":"2026-04-20","days_to_close":null,"closed_within_180_days":false,"closed_by_expected":false,"missed_expected":true,"feature_kind":"request"},"geometry":{"type":"Point","coordinates":[-75.22444816,39.97376349]}},{"type":"Feature","properties":{"id":"18318073","status":"Open","zipcode":"19131","requested_date":"2025-10-09","closed_date":null,"expected_date":"2026-04-20","days_to_close":null,"closed_within_180_days":false,"closed_by_expected":false,"missed_expected":true,"feature_kind":"request"},"geometry":{"type":"Point","coordinates":[-75.22418733,39.97391706]}},{"type":"Feature","properties":{"id":"18318084","status":"Open","zipcode":"19131","requested_date":"2025-10-09","closed_date":null,"expected_date":"2026-04-20","days_to_close":null,"closed_within_180_days":false,"closed_by_expected":false,"missed_expected":true,"feature_kind":"request"},"geometry":{"type":"Point","coordinates":[-75.22423043,39.97391239]}},{"type":"Feature","properties":{"id":"18318098","status":"Open","zipcode":"19131","requested_date":"2025-10-09","closed_date":null,"expected_date":"2026-04-20","days_to_close":null,"closed_within_180_days":false,"closed_by_expected":false,"missed_expected":true,"feature_kind":"request"},"geometry":{"type":"Point","coordinates":[-75.22418733,39.97391706]}},{"type":"Feature","properties":{"id":"18319299","status":"Open","zipcode":"19131","requested_date":"2025-10-09","closed_date":null,"expected_date":"2026-04-20","days_to_close":null,"closed_within_180_days":false,"closed_by_expected":false,"missed_expected":true,"feature_kind":"request"},"geometry":{"type":"Point","coordinates":[-75.23350484,39.96867848]}},{"type":"Feature","properties":{"id":"18355517","status":"Closed","zipcode":"19128","requested_date":"2025-10-10","closed_date":"2025-12-30","expected_date":"2026-04-21","days_to_close":81.3,"closed_within_180_days":true,"closed_by_expected":true,"missed_expected":false,"feature_kind":"request"},"geometry":{"type":"Point","coordinates":[-75.2407226,40.0683159]}},{"type":"Feature","properties":{"id":"18419616","status":"Closed","zipcode":"19128","requested_date":"2025-10-13","closed_date":"2025-12-10","expected_date":"2026-04-21","days_to_close":58.2,"closed_within_180_days":true,"closed_by_expected":true,"missed_expected":false,"feature_kind":"request"},"geometry":{"type":"Point","coordinates":[-75.21538573,40.03813953]}},{"type":"Feature","properties":{"id":"18419855","status":"Open","zipcode":"19131","requested_date":"2025-10-13","closed_date":null,"expected_date":"2026-04-21","days_to_close":null,"closed_within_180_days":false,"closed_by_expected":false,"missed_expected":true,"feature_kind":"request"},"geometry":{"type":"Point","coordinates":[-75.23111446,39.97514428]}},{"type":"Feature","properties":{"id":"18419871","status":"Open","zipcode":"19131","requested_date":"2025-10-13","closed_date":null,"expected_date":"2026-04-21","days_to_close":null,"closed_within_180_days":false,"closed_by_expected":false,"missed_expected":true,"feature_kind":"request"},"geometry":{"type":"Point","coordinates":[-75.23188999,39.98737387]}},{"type":"Feature","properties":{"id":"18420031","status":"Closed","zipcode":"19128","requested_date":"2025-10-13","closed_date":"2025-12-11","expected_date":"2026-04-21","days_to_close":59.2,"closed_within_180_days":true,"closed_by_expected":true,"missed_expected":false,"feature_kind":"request"},"geometry":{"type":"Point","coordinates":[-75.22839513,40.03907059]}},{"type":"Feature","properties":{"id":"18420359","status":"Closed","zipcode":"19131","requested_date":"2025-10-13","closed_date":"2026-07-01","expected_date":"2026-04-23","days_to_close":260.6,"closed_within_180_days":false,"closed_by_expected":false,"missed_expected":true,"feature_kind":"request"},"geometry":{"type":"Point","coordinates":[-75.23078008,39.97707807]}},{"type":"Feature","properties":{"id":"18420384","status":"Open","zipcode":"19128","requested_date":"2025-10-13","closed_date":null,"expected_date":"2026-04-22","days_to_close":null,"closed_within_180_days":false,"closed_by_expected":false,"missed_expected":true,"feature_kind":"request"},"geometry":{"type":"Point","coordinates":[-75.239408,40.06811803]}},{"type":"Feature","properties":{"id":"18420393","status":"Open","zipcode":"19131","requested_date":"2025-10-13","closed_date":null,"expected_date":"2026-04-22","days_to_close":null,"closed_within_180_days":false,"closed_by_expected":false,"missed_expected":true,"feature_kind":"request"},"geometry":{"type":"Point","coordinates":[-75.23394601,39.96980903]}},{"type":"Feature","properties":{"id":"18422338","status":"Closed","zipcode":"19128","requested_date":"2025-10-14","closed_date":"2025-12-30","expected_date":"2026-04-22","days_to_close":77.3,"closed_within_180_days":true,"closed_by_expected":true,"missed_expected":false,"feature_kind":"request"},"geometry":{"type":"Point","coordinates":[-75.2407226,40.0683159]}},{"type":"Feature","properties":{"id":"18427366","status":"Open","zipcode":"19131","requested_date":"2025-10-14","closed_date":null,"expected_date":"2026-04-23","days_to_close":null,"closed_within_180_days":false,"closed_by_expected":false,"missed_expected":true,"feature_kind":"request"},"geometry":{"type":"Point","coordinates":[-75.2313347,39.96754479]}},{"type":"Feature","properties":{"id":"18427436","status":"Open","zipcode":"19128","requested_date":"2025-10-14","closed_date":null,"expected_date":"2026-04-23","days_to_close":null,"closed_within_180_days":false,"closed_by_expected":false,"missed_expected":true,"feature_kind":"request"},"geometry":{"type":"Point","coordinates":[-75.21423431,40.03004839]}},{"type":"Feature","properties":{"id":"18427444","status":"Open","zipcode":"19131","requested_date":"2025-10-14","closed_date":null,"expected_date":"2026-04-23","days_to_close":null,"closed_within_180_days":false,"closed_by_expected":false,"missed_expected":true,"feature_kind":"request"},"geometry":{"type":"Point","coordinates":[-75.21029525,40.00102576]}},{"type":"Feature","properties":{"id":"18429294","status":"Closed","zipcode":"19131","requested_date":"2025-10-15","closed_date":"2026-07-16","expected_date":"2026-04-24","days_to_close":274.4,"closed_within_180_days":false,"closed_by_expected":false,"missed_expected":true,"feature_kind":"request"},"geometry":{"type":"Point","coordinates":[-75.24121612,39.99031119]}},{"type":"Feature","properties":{"id":"18429651","status":"Closed","zipcode":"19128","requested_date":"2025-10-15","closed_date":"2025-12-15","expected_date":"2026-04-23","days_to_close":61.5,"closed_within_180_days":true,"closed_by_expected":true,"missed_expected":false,"feature_kind":"request"},"geometry":{"type":"Point","coordinates":[-75.21048691,40.01744133]}},{"type":"Feature","properties":{"id":"18432425","status":"Closed","zipcode":"19128","requested_date":"2025-10-15","closed_date":"2025-12-30","expected_date":"2026-04-24","days_to_close":76.4,"closed_within_180_days":true,"closed_by_expected":true,"missed_expected":false,"feature_kind":"request"},"geometry":{"type":"Point","coordinates":[-75.24061673,40.06851486]}},{"type":"Feature","properties":{"id":"18433622","status":"Closed","zipcode":"19128","requested_date":"2025-10-15","closed_date":"2025-12-15","expected_date":"2026-04-23","days_to_close":61.1,"closed_within_180_days":true,"closed_by_expected":true,"missed_expected":false,"feature_kind":"request"},"geometry":{"type":"Point","coordinates":[-75.21032524,40.01816433]}},{"type":"Feature","properties":{"id":"18437598","status":"Open","zipcode":"19128","requested_date":"2025-10-15","closed_date":null,"expected_date":"2026-04-23","days_to_close":null,"closed_within_180_days":false,"closed_by_expected":false,"missed_expected":true,"feature_kind":"request"},"geometry":{"type":"Point","coordinates":[-75.22556692,40.03440757]}},{"type":"Feature","properties":{"id":"18440383","status":"Closed","zipcode":"19128","requested_date":"2025-10-15","closed_date":"2025-12-11","expected_date":"2026-04-23","days_to_close":57.1,"closed_within_180_days":true,"closed_by_expected":true,"missed_expected":false,"feature_kind":"request"},"geometry":{"type":"Point","coordinates":[-75.21487646,40.03043373]}},{"type":"Feature","properties":{"id":"18440392","status":"Closed","zipcode":"19128","requested_date":"2025-10-15","closed_date":"2025-12-11","expected_date":"2026-04-23","days_to_close":57.1,"closed_within_180_days":true,"closed_by_expected":true,"missed_expected":false,"feature_kind":"request"},"geometry":{"type":"Point","coordinates":[-75.21659896,40.0322356]}},{"type":"Feature","properties":{"id":"18440438","status":"Closed","zipcode":"19128","requested_date":"2025-10-15","closed_date":"2025-12-30","expected_date":"2026-04-23","days_to_close":76.1,"closed_within_180_days":true,"closed_by_expected":true,"missed_expected":false,"feature_kind":"request"},"geometry":{"type":"Point","coordinates":[-75.24059392,40.06804889]}},{"type":"Feature","properties":{"id":"18440802","status":"Open","zipcode":"19128","requested_date":"2025-10-15","closed_date":null,"expected_date":"2026-04-23","days_to_close":null,"closed_within_180_days":false,"closed_by_expected":false,"missed_expected":true,"feature_kind":"request"},"geometry":{"type":"Point","coordinates":[-75.23910361,40.06862755]}},{"type":"Feature","properties":{"id":"18441059","status":"Closed","zipcode":"19131","requested_date":"2025-10-15","closed_date":"2026-07-01","expected_date":"2026-04-23","days_to_close":258.7,"closed_within_180_days":false,"closed_by_expected":false,"missed_expected":true,"feature_kind":"request"},"geometry":{"type":"Point","coordinates":[-75.23078008,39.97707807]}},{"type":"Feature","properties":{"id":"18446413","status":"Open","zipcode":"19128","requested_date":"2025-10-15","closed_date":null,"expected_date":"2026-04-24","days_to_close":null,"closed_within_180_days":false,"closed_by_expected":false,"missed_expected":true,"feature_kind":"request"},"geometry":{"type":"Point","coordinates":[-75.22903978,40.04786187]}},{"type":"Feature","properties":{"id":"18446584","status":"Open","zipcode":"19128","requested_date":"2025-10-15","closed_date":null,"expected_date":"2026-04-24","days_to_close":null,"closed_within_180_days":false,"closed_by_expected":false,"missed_expected":true,"feature_kind":"request"},"geometry":{"type":"Point","coordinates":[-75.24007947,40.06885627]}},{"type":"Feature","properties":{"id":"18461740","status":"Closed","zipcode":"19128","requested_date":"2025-10-16","closed_date":"2025-12-15","expected_date":"2026-04-24","days_to_close":60.6,"closed_within_180_days":true,"closed_by_expected":true,"missed_expected":false,"feature_kind":"request"},"geometry":{"type":"Point","coordinates":[-75.21038949,40.01742968]}},{"type":"Feature","properties":{"id":"18480870","status":"Closed","zipcode":"19128","requested_date":"2025-10-16","closed_date":"2025-12-30","expected_date":"2026-04-27","days_to_close":75.2,"closed_within_180_days":true,"closed_by_expected":true,"missed_expected":false,"feature_kind":"request"},"geometry":{"type":"Point","coordinates":[-75.2407226,40.0683159]}},{"type":"Feature","properties":{"id":"18480965","status":"Open","zipcode":"19128","requested_date":"2025-10-16","closed_date":null,"expected_date":"2026-04-24","days_to_close":null,"closed_within_180_days":false,"closed_by_expected":false,"missed_expected":true,"feature_kind":"request"},"geometry":{"type":"Point","coordinates":[-75.20567895,40.02244795]}},{"type":"Feature","properties":{"id":"18481014","status":"Open","zipcode":"19131","requested_date":"2025-10-16","closed_date":null,"expected_date":"2026-04-24","days_to_close":null,"closed_within_180_days":false,"closed_by_expected":false,"missed_expected":true,"feature_kind":"request"},"geometry":{"type":"Point","coordinates":[-75.23058728,39.97598645]}},{"type":"Feature","properties":{"id":"18482275","status":"Closed","zipcode":"19128","requested_date":"2025-10-17","closed_date":"2025-12-30","expected_date":"2026-04-28","days_to_close":74.4,"closed_within_180_days":true,"closed_by_expected":true,"missed_expected":false,"feature_kind":"request"},"geometry":{"type":"Point","coordinates":[-75.24109569,40.06799117]}},{"type":"Feature","properties":{"id":"18482318","status":"Open","zipcode":"19128","requested_date":"2025-10-17","closed_date":null,"expected_date":"2026-04-27","days_to_close":null,"closed_within_180_days":false,"closed_by_expected":false,"missed_expected":true,"feature_kind":"request"},"geometry":{"type":"Point","coordinates":[-75.22974899,40.04792652]}},{"type":"Feature","properties":{"id":"18483760","status":"Closed","zipcode":"19131","requested_date":"2025-10-17","closed_date":"2026-01-15","expected_date":"2026-04-28","days_to_close":89.8,"closed_within_180_days":true,"closed_by_expected":true,"missed_expected":false,"feature_kind":"request"},"geometry":{"type":"Point","coordinates":[-75.23182042,39.9850952]}},{"type":"Feature","properties":{"id":"18494467","status":"Closed","zipcode":"19128","requested_date":"2025-10-18","closed_date":"2025-12-30","expected_date":"2026-04-28","days_to_close":73.8,"closed_within_180_days":true,"closed_by_expected":true,"missed_expected":false,"feature_kind":"request"},"geometry":{"type":"Point","coordinates":[-75.24059392,40.06804889]}},{"type":"Feature","properties":{"id":"18528874","status":"Open","zipcode":"19131","requested_date":"2025-10-18","closed_date":null,"expected_date":"2026-04-28","days_to_close":null,"closed_within_180_days":false,"closed_by_expected":false,"missed_expected":true,"feature_kind":"request"},"geometry":{"type":"Point","coordinates":[-75.2311454,39.98430235]}},{"type":"Feature","properties":{"id":"18531004","status":"Closed","zipcode":"19131","requested_date":"2025-10-18","closed_date":"2026-01-15","expected_date":"2026-04-28","days_to_close":88.9,"closed_within_180_days":true,"closed_by_expected":true,"missed_expected":false,"feature_kind":"request"},"geometry":{"type":"Point","coordinates":[-75.23182042,39.9850952]}},{"type":"Feature","properties":{"id":"18537049","status":"Closed","zipcode":"19128","requested_date":"2025-10-18","closed_date":"2025-12-15","expected_date":"2026-04-28","days_to_close":57.9,"closed_within_180_days":true,"closed_by_expected":true,"missed_expected":false,"feature_kind":"request"},"geometry":{"type":"Point","coordinates":[-75.21038949,40.01742968]}},{"type":"Feature","properties":{"id":"18537379","status":"Open","zipcode":"19131","requested_date":"2025-10-18","closed_date":null,"expected_date":"2026-04-28","days_to_close":null,"closed_within_180_days":false,"closed_by_expected":false,"missed_expected":true,"feature_kind":"request"},"geometry":{"type":"Point","coordinates":[-75.233181,39.97321527]}},{"type":"Feature","properties":{"id":"18540985","status":"Open","zipcode":"19131","requested_date":"2025-10-18","closed_date":null,"expected_date":"2026-04-28","days_to_close":null,"closed_within_180_days":false,"closed_by_expected":false,"missed_expected":true,"feature_kind":"request"},"geometry":{"type":"Point","coordinates":[-75.22680377,39.98748178]}},{"type":"Feature","properties":{"id":"18557214","status":"Open","zipcode":"19131","requested_date":"2025-10-19","closed_date":null,"expected_date":"2026-04-28","days_to_close":null,"closed_within_180_days":false,"closed_by_expected":false,"missed_expected":true,"feature_kind":"request"},"geometry":{"type":"Point","coordinates":[-75.23200311,39.98735099]}},{"type":"Feature","properties":{"id":"18582553","status":"Open","zipcode":"19131","requested_date":"2025-10-20","closed_date":null,"expected_date":"2026-04-28","days_to_close":null,"closed_within_180_days":false,"closed_by_expected":false,"missed_expected":true,"feature_kind":"request"},"geometry":{"type":"Point","coordinates":[-75.22036006,40.00208043]}},{"type":"Feature","properties":{"id":"18585298","status":"Open","zipcode":"19131","requested_date":"2025-10-20","closed_date":null,"expected_date":"2026-04-28","days_to_close":null,"closed_within_180_days":false,"closed_by_expected":false,"missed_expected":true,"feature_kind":"request"},"geometry":{"type":"Point","coordinates":[-75.22207456,40.00213656]}},{"type":"Feature","properties":{"id":"18591214","status":"Open","zipcode":"19128","requested_date":"2025-10-20","closed_date":null,"expected_date":"2026-04-28","days_to_close":null,"closed_within_180_days":false,"closed_by_expected":false,"missed_expected":true,"feature_kind":"request"},"geometry":{"type":"Point","coordinates":[-75.20913391,40.02327244]}},{"type":"Feature","properties":{"id":"18594869","status":"Closed","zipcode":"19128","requested_date":"2025-10-20","closed_date":"2025-12-30","expected_date":"2026-04-30","days_to_close":71,"closed_within_180_days":true,"closed_by_expected":true,"missed_expected":false,"feature_kind":"request"},"geometry":{"type":"Point","coordinates":[-75.24059392,40.06804889]}},{"type":"Feature","properties":{"id":"18595332","status":"Open","zipcode":"19131","requested_date":"2025-10-20","closed_date":null,"expected_date":"2026-04-29","days_to_close":null,"closed_within_180_days":false,"closed_by_expected":false,"missed_expected":true,"feature_kind":"request"},"geometry":{"type":"Point","coordinates":[-75.22046208,39.97312677]}},{"type":"Feature","properties":{"id":"18595438","status":"Open","zipcode":"19131","requested_date":"2025-10-20","closed_date":null,"expected_date":"2026-04-29","days_to_close":null,"closed_within_180_days":false,"closed_by_expected":false,"missed_expected":true,"feature_kind":"request"},"geometry":{"type":"Point","coordinates":[-75.22038719,39.97298272]}},{"type":"Feature","properties":{"id":"18595542","status":"Open","zipcode":"19131","requested_date":"2025-10-20","closed_date":null,"expected_date":"2026-04-29","days_to_close":null,"closed_within_180_days":false,"closed_by_expected":false,"missed_expected":true,"feature_kind":"request"},"geometry":{"type":"Point","coordinates":[-75.22058838,39.97303334]}},{"type":"Feature","properties":{"id":"18595888","status":"Open","zipcode":"19131","requested_date":"2025-10-20","closed_date":null,"expected_date":"2026-04-29","days_to_close":null,"closed_within_180_days":false,"closed_by_expected":false,"missed_expected":true,"feature_kind":"request"},"geometry":{"type":"Point","coordinates":[-75.21989612,39.97324992]}},{"type":"Feature","properties":{"id":"18599497","status":"Closed","zipcode":"19128","requested_date":"2025-10-21","closed_date":"2025-12-15","expected_date":"2026-04-29","days_to_close":55.1,"closed_within_180_days":true,"closed_by_expected":true,"missed_expected":false,"feature_kind":"request"},"geometry":{"type":"Point","coordinates":[-75.21047421,40.02545547]}},{"type":"Feature","properties":{"id":"18600754","status":"Open","zipcode":"19131","requested_date":"2025-10-21","closed_date":null,"expected_date":"2026-04-29","days_to_close":null,"closed_within_180_days":false,"closed_by_expected":false,"missed_expected":true,"feature_kind":"request"},"geometry":{"type":"Point","coordinates":[-75.23456061,39.96955969]}},{"type":"Feature","properties":{"id":"18600819","status":"Closed","zipcode":"19128","requested_date":"2025-10-21","closed_date":"2025-12-12","expected_date":"2026-04-29","days_to_close":52,"closed_within_180_days":true,"closed_by_expected":true,"missed_expected":false,"feature_kind":"request"},"geometry":{"type":"Point","coordinates":[-75.21529423,40.03442262]}},{"type":"Feature","properties":{"id":"18601532","status":"Closed","zipcode":"19131","requested_date":"2025-10-21","closed_date":"2026-04-28","expected_date":"2026-04-30","days_to_close":189,"closed_within_180_days":false,"closed_by_expected":true,"missed_expected":false,"feature_kind":"request"},"geometry":{"type":"Point","coordinates":[-75.20716818,40.00131251]}},{"type":"Feature","properties":{"id":"18601550","status":"Open","zipcode":"19131","requested_date":"2025-10-21","closed_date":null,"expected_date":"2026-04-29","days_to_close":null,"closed_within_180_days":false,"closed_by_expected":false,"missed_expected":true,"feature_kind":"request"},"geometry":{"type":"Point","coordinates":[-75.20800006,40.00094506]}},{"type":"Feature","properties":{"id":"18611588","status":"Open","zipcode":"19131","requested_date":"2025-10-21","closed_date":null,"expected_date":"2026-04-30","days_to_close":null,"closed_within_180_days":false,"closed_by_expected":false,"missed_expected":true,"feature_kind":"request"},"geometry":{"type":"Point","coordinates":[-75.23078317,39.98707476]}},{"type":"Feature","properties":{"id":"18611749","status":"Open","zipcode":"19131","requested_date":"2025-10-21","closed_date":null,"expected_date":"2026-04-30","days_to_close":null,"closed_within_180_days":false,"closed_by_expected":false,"missed_expected":true,"feature_kind":"request"},"geometry":{"type":"Point","coordinates":[-75.23118078,39.98699289]}},{"type":"Feature","properties":{"id":"18613127","status":"Closed","zipcode":"19131","requested_date":"2025-10-21","closed_date":"2026-07-02","expected_date":"2026-05-01","days_to_close":253.6,"closed_within_180_days":false,"closed_by_expected":false,"missed_expected":true,"feature_kind":"request"},"geometry":{"type":"Point","coordinates":[-75.23459416,39.9878778]}},{"type":"Feature","properties":{"id":"18613354","status":"Closed","zipcode":"19131","requested_date":"2025-10-21","closed_date":"2026-07-02","expected_date":"2026-05-01","days_to_close":253.6,"closed_within_180_days":false,"closed_by_expected":false,"missed_expected":true,"feature_kind":"request"},"geometry":{"type":"Point","coordinates":[-75.23463411,39.98761553]}},{"type":"Feature","properties":{"id":"18617689","status":"Open","zipcode":"19131","requested_date":"2025-10-22","closed_date":null,"expected_date":"2026-04-30","days_to_close":null,"closed_within_180_days":false,"closed_by_expected":false,"missed_expected":true,"feature_kind":"request"},"geometry":{"type":"Point","coordinates":[-75.22797789,39.9805179]}},{"type":"Feature","properties":{"id":"18617962","status":"Open","zipcode":"19128","requested_date":"2025-10-22","closed_date":null,"expected_date":"2026-04-30","days_to_close":null,"closed_within_180_days":false,"closed_by_expected":false,"missed_expected":true,"feature_kind":"request"},"geometry":{"type":"Point","coordinates":[-75.2053278,40.03193416]}},{"type":"Feature","properties":{"id":"18618912","status":"Open","zipcode":"19131","requested_date":"2025-10-22","closed_date":null,"expected_date":"2026-04-30","days_to_close":null,"closed_within_180_days":false,"closed_by_expected":false,"missed_expected":true,"feature_kind":"request"},"geometry":{"type":"Point","coordinates":[-75.2309572,39.99437541]}},{"type":"Feature","properties":{"id":"18618996","status":"Open","zipcode":"19131","requested_date":"2025-10-22","closed_date":null,"expected_date":"2026-04-30","days_to_close":null,"closed_within_180_days":false,"closed_by_expected":false,"missed_expected":true,"feature_kind":"request"},"geometry":{"type":"Point","coordinates":[-75.22856221,39.97388914]}},{"type":"Feature","properties":{"id":"18619072","status":"Open","zipcode":"19131","requested_date":"2025-10-22","closed_date":null,"expected_date":"2026-04-30","days_to_close":null,"closed_within_180_days":false,"closed_by_expected":false,"missed_expected":true,"feature_kind":"request"},"geometry":{"type":"Point","coordinates":[-75.23337241,39.97002802]}},{"type":"Feature","properties":{"id":"18619504","status":"Open","zipcode":"19128","requested_date":"2025-10-22","closed_date":null,"expected_date":"2026-05-01","days_to_close":null,"closed_within_180_days":false,"closed_by_expected":false,"missed_expected":true,"feature_kind":"request"},"geometry":{"type":"Point","coordinates":[-75.2283956,40.03708673]}},{"type":"Feature","properties":{"id":"18619972","status":"Closed","zipcode":"19131","requested_date":"2025-10-22","closed_date":"2026-07-02","expected_date":"2026-05-04","days_to_close":252.6,"closed_within_180_days":false,"closed_by_expected":false,"missed_expected":true,"feature_kind":"request"},"geometry":{"type":"Point","coordinates":[-75.23372495,39.98380415]}},{"type":"Feature","properties":{"id":"18620857","status":"Open","zipcode":"19128","requested_date":"2025-10-23","closed_date":null,"expected_date":"2026-05-01","days_to_close":null,"closed_within_180_days":false,"closed_by_expected":false,"missed_expected":true,"feature_kind":"request"},"geometry":{"type":"Point","coordinates":[-75.20744234,40.02166508]}},{"type":"Feature","properties":{"id":"18621261","status":"Open","zipcode":"19131","requested_date":"2025-10-23","closed_date":null,"expected_date":"2026-05-01","days_to_close":null,"closed_within_180_days":false,"closed_by_expected":false,"missed_expected":true,"feature_kind":"request"},"geometry":{"type":"Point","coordinates":[-75.22565222,39.97538404]}},{"type":"Feature","properties":{"id":"18621887","status":"Closed","zipcode":"19128","requested_date":"2025-10-23","closed_date":"2025-12-15","expected_date":"2026-05-04","days_to_close":52.8,"closed_within_180_days":true,"closed_by_expected":true,"missed_expected":false,"feature_kind":"request"},"geometry":{"type":"Point","coordinates":[-75.21048691,40.01744133]}},{"type":"Feature","properties":{"id":"18621984","status":"Open","zipcode":"19131","requested_date":"2025-10-23","closed_date":null,"expected_date":"2026-05-04","days_to_close":null,"closed_within_180_days":false,"closed_by_expected":false,"missed_expected":true,"feature_kind":"request"},"geometry":{"type":"Point","coordinates":[-75.2268462,39.98731798]}},{"type":"Feature","properties":{"id":"18622840","status":"Closed","zipcode":"19128","requested_date":"2025-10-24","closed_date":"2025-12-15","expected_date":"2026-05-04","days_to_close":52,"closed_within_180_days":true,"closed_by_expected":true,"missed_expected":false,"feature_kind":"request"},"geometry":{"type":"Point","coordinates":[-75.21042153,40.01812302]}},{"type":"Feature","properties":{"id":"18623324","status":"Open","zipcode":"19131","requested_date":"2025-10-24","closed_date":null,"expected_date":"2026-05-04","days_to_close":null,"closed_within_180_days":false,"closed_by_expected":false,"missed_expected":true,"feature_kind":"request"},"geometry":{"type":"Point","coordinates":[-75.22618242,39.98852668]}},{"type":"Feature","properties":{"id":"18623605","status":"Closed","zipcode":"19128","requested_date":"2025-10-24","closed_date":"2025-12-11","expected_date":"2026-05-04","days_to_close":47.9,"closed_within_180_days":true,"closed_by_expected":true,"missed_expected":false,"feature_kind":"request"},"geometry":{"type":"Point","coordinates":[-75.22419405,40.04643412]}},{"type":"Feature","properties":{"id":"18623619","status":"Closed","zipcode":"19128","requested_date":"2025-10-24","closed_date":"2025-12-11","expected_date":"2026-05-04","days_to_close":47.9,"closed_within_180_days":true,"closed_by_expected":true,"missed_expected":false,"feature_kind":"request"},"geometry":{"type":"Point","coordinates":[-75.22401151,40.04628456]}},{"type":"Feature","properties":{"id":"18625944","status":"Closed","zipcode":"19128","requested_date":"2025-10-25","closed_date":"2025-12-18","expected_date":"2026-05-05","days_to_close":54.5,"closed_within_180_days":true,"closed_by_expected":true,"missed_expected":false,"feature_kind":"request"},"geometry":{"type":"Point","coordinates":[-75.22044098,40.03353417]}},{"type":"Feature","properties":{"id":"18640411","status":"Open","zipcode":"19131","requested_date":"2025-10-25","closed_date":null,"expected_date":"2026-05-05","days_to_close":null,"closed_within_180_days":false,"closed_by_expected":false,"missed_expected":true,"feature_kind":"request"},"geometry":{"type":"Point","coordinates":[-75.22013918,39.97322577]}},{"type":"Feature","properties":{"id":"18644113","status":"Closed","zipcode":"19131","requested_date":"2025-10-25","closed_date":"2026-07-17","expected_date":"2026-05-06","days_to_close":264.6,"closed_within_180_days":false,"closed_by_expected":false,"missed_expected":true,"feature_kind":"request"},"geometry":{"type":"Point","coordinates":[-75.2369966,39.98633131]}},{"type":"Feature","properties":{"id":"18649938","status":"Closed","zipcode":"19131","requested_date":"2025-10-25","closed_date":"2026-07-16","expected_date":"2026-05-06","days_to_close":263.6,"closed_within_180_days":false,"closed_by_expected":false,"missed_expected":true,"feature_kind":"request"},"geometry":{"type":"Point","coordinates":[-75.23709043,39.98698815]}},{"type":"Feature","properties":{"id":"18655279","status":"Open","zipcode":"19128","requested_date":"2025-10-26","closed_date":null,"expected_date":"2026-05-05","days_to_close":null,"closed_within_180_days":false,"closed_by_expected":false,"missed_expected":true,"feature_kind":"request"},"geometry":{"type":"Point","coordinates":[-75.2085391,40.01662685]}},{"type":"Feature","properties":{"id":"18656331","status":"Closed","zipcode":"19131","requested_date":"2025-10-27","closed_date":"2026-06-23","expected_date":"2026-05-06","days_to_close":238.9,"closed_within_180_days":false,"closed_by_expected":false,"missed_expected":true,"feature_kind":"request"},"geometry":{"type":"Point","coordinates":[-75.24279556,39.98576254]}},{"type":"Feature","properties":{"id":"18656550","status":"Open","zipcode":"19131","requested_date":"2025-10-27","closed_date":null,"expected_date":"2026-05-05","days_to_close":null,"closed_within_180_days":false,"closed_by_expected":false,"missed_expected":true,"feature_kind":"request"},"geometry":{"type":"Point","coordinates":[-75.23670417,39.97013216]}},{"type":"Feature","properties":{"id":"18656586","status":"Open","zipcode":"19128","requested_date":"2025-10-27","closed_date":null,"expected_date":"2026-05-05","days_to_close":null,"closed_within_180_days":false,"closed_by_expected":false,"missed_expected":true,"feature_kind":"request"},"geometry":{"type":"Point","coordinates":[-75.23946057,40.06283252]}},{"type":"Feature","properties":{"id":"18657230","status":"Closed","zipcode":"19128","requested_date":"2025-10-27","closed_date":"2025-12-11","expected_date":"2026-05-05","days_to_close":45.1,"closed_within_180_days":true,"closed_by_expected":true,"missed_expected":false,"feature_kind":"request"},"geometry":{"type":"Point","coordinates":[-75.22766164,40.03607717]}},{"type":"Feature","properties":{"id":"18657236","status":"Closed","zipcode":"19128","requested_date":"2025-10-27","closed_date":"2025-12-11","expected_date":"2026-05-05","days_to_close":45.1,"closed_within_180_days":true,"closed_by_expected":true,"missed_expected":false,"feature_kind":"request"},"geometry":{"type":"Point","coordinates":[-75.22766164,40.03607717]}},{"type":"Feature","properties":{"id":"18657844","status":"Open","zipcode":"19131","requested_date":"2025-10-27","closed_date":null,"expected_date":"2026-05-06","days_to_close":null,"closed_within_180_days":false,"closed_by_expected":false,"missed_expected":true,"feature_kind":"request"},"geometry":{"type":"Point","coordinates":[-75.21775118,39.97005567]}},{"type":"Feature","properties":{"id":"18658026","status":"Open","zipcode":"19128","requested_date":"2025-10-27","closed_date":null,"expected_date":"2026-05-06","days_to_close":null,"closed_within_180_days":false,"closed_by_expected":false,"missed_expected":true,"feature_kind":"request"},"geometry":{"type":"Point","coordinates":[-75.21070618,40.01725706]}},{"type":"Feature","properties":{"id":"18658618","status":"Open","zipcode":"19128","requested_date":"2025-10-28","closed_date":null,"expected_date":"2026-05-06","days_to_close":null,"closed_within_180_days":false,"closed_by_expected":false,"missed_expected":true,"feature_kind":"request"},"geometry":{"type":"Point","coordinates":[-75.2087368,40.03184879]}},{"type":"Feature","properties":{"id":"18658662","status":"Open","zipcode":"19128","requested_date":"2025-10-28","closed_date":null,"expected_date":"2026-05-06","days_to_close":null,"closed_within_180_days":false,"closed_by_expected":false,"missed_expected":true,"feature_kind":"request"},"geometry":{"type":"Point","coordinates":[-75.20535772,40.03197529]}},{"type":"Feature","properties":{"id":"18659451","status":"Closed","zipcode":"19128","requested_date":"2025-10-28","closed_date":"2025-12-12","expected_date":"2026-05-06","days_to_close":45,"closed_within_180_days":true,"closed_by_expected":true,"missed_expected":false,"feature_kind":"request"},"geometry":{"type":"Point","coordinates":[-75.21040744,40.02919103]}},{"type":"Feature","properties":{"id":"18659457","status":"Open","zipcode":"19131","requested_date":"2025-10-28","closed_date":null,"expected_date":"2026-05-06","days_to_close":null,"closed_within_180_days":false,"closed_by_expected":false,"missed_expected":true,"feature_kind":"request"},"geometry":{"type":"Point","coordinates":[-75.23489636,39.96864482]}},{"type":"Feature","properties":{"id":"18660628","status":"Open","zipcode":"19131","requested_date":"2025-10-29","closed_date":null,"expected_date":"2026-05-07","days_to_close":null,"closed_within_180_days":false,"closed_by_expected":false,"missed_expected":true,"feature_kind":"request"},"geometry":{"type":"Point","coordinates":[-75.236626,39.97013905]}},{"type":"Feature","properties":{"id":"18660643","status":"Closed","zipcode":"19128","requested_date":"2025-10-29","closed_date":"2026-01-05","expected_date":"2026-05-08","days_to_close":68.2,"closed_within_180_days":true,"closed_by_expected":true,"missed_expected":false,"feature_kind":"request"},"geometry":{"type":"Point","coordinates":[-75.24422116,40.046947]}},{"type":"Feature","properties":{"id":"18660648","status":"Open","zipcode":"19131","requested_date":"2025-10-29","closed_date":null,"expected_date":"2026-05-07","days_to_close":null,"closed_within_180_days":false,"closed_by_expected":false,"missed_expected":true,"feature_kind":"request"},"geometry":{"type":"Point","coordinates":[-75.22683013,39.98972141]}},{"type":"Feature","properties":{"id":"18660721","status":"Open","zipcode":"19128","requested_date":"2025-10-29","closed_date":null,"expected_date":"2026-05-07","days_to_close":null,"closed_within_180_days":false,"closed_by_expected":false,"missed_expected":true,"feature_kind":"request"},"geometry":{"type":"Point","coordinates":[-75.20407213,40.01935375]}},{"type":"Feature","properties":{"id":"18660972","status":"Open","zipcode":"19131","requested_date":"2025-10-29","closed_date":null,"expected_date":"2026-05-07","days_to_close":null,"closed_within_180_days":false,"closed_by_expected":false,"missed_expected":true,"feature_kind":"request"},"geometry":{"type":"Point","coordinates":[-75.22832858,39.98275557]}},{"type":"Feature","properties":{"id":"18661738","status":"Open","zipcode":"19131","requested_date":"2025-10-29","closed_date":null,"expected_date":"2026-05-07","days_to_close":null,"closed_within_180_days":false,"closed_by_expected":false,"missed_expected":true,"feature_kind":"request"},"geometry":{"type":"Point","coordinates":[-75.22750315,39.97340587]}},{"type":"Feature","properties":{"id":"18663475","status":"Closed","zipcode":"19128","requested_date":"2025-10-30","closed_date":"2025-12-12","expected_date":"2026-05-08","days_to_close":43.1,"closed_within_180_days":true,"closed_by_expected":true,"missed_expected":false,"feature_kind":"request"},"geometry":{"type":"Point","coordinates":[-75.20983036,40.03050037]}},{"type":"Feature","properties":{"id":"18663988","status":"Open","zipcode":"19131","requested_date":"2025-10-30","closed_date":null,"expected_date":"2026-05-08","days_to_close":null,"closed_within_180_days":false,"closed_by_expected":false,"missed_expected":true,"feature_kind":"request"},"geometry":{"type":"Point","coordinates":[-75.22797789,39.9805179]}},{"type":"Feature","properties":{"id":"18664755","status":"Open","zipcode":"19131","requested_date":"2025-10-30","closed_date":null,"expected_date":"2026-05-11","days_to_close":null,"closed_within_180_days":false,"closed_by_expected":false,"missed_expected":true,"feature_kind":"request"},"geometry":{"type":"Point","coordinates":[-75.23544032,39.97354491]}},{"type":"Feature","properties":{"id":"18664815","status":"Closed","zipcode":"19128","requested_date":"2025-10-30","closed_date":"2025-12-11","expected_date":"2026-05-11","days_to_close":41.8,"closed_within_180_days":true,"closed_by_expected":true,"missed_expected":false,"feature_kind":"request"},"geometry":{"type":"Point","coordinates":[-75.23475973,40.05362327]}},{"type":"Feature","properties":{"id":"18664887","status":"Open","zipcode":"19131","requested_date":"2025-10-30","closed_date":null,"expected_date":"2026-05-11","days_to_close":null,"closed_within_180_days":false,"closed_by_expected":false,"missed_expected":true,"feature_kind":"request"},"geometry":{"type":"Point","coordinates":[-75.22247189,40.00071712]}},{"type":"Feature","properties":{"id":"18665344","status":"Closed","zipcode":"19131","requested_date":"2025-10-31","closed_date":"2026-06-12","expected_date":"2026-05-12","days_to_close":224,"closed_within_180_days":false,"closed_by_expected":false,"missed_expected":true,"feature_kind":"request"},"geometry":{"type":"Point","coordinates":[-75.23318274,39.98628447]}},{"type":"Feature","properties":{"id":"18665812","status":"Closed","zipcode":"19128","requested_date":"2025-10-31","closed_date":"2025-12-11","expected_date":"2026-05-11","days_to_close":41,"closed_within_180_days":true,"closed_by_expected":true,"missed_expected":false,"feature_kind":"request"},"geometry":{"type":"Point","coordinates":[-75.22288231,40.04557315]}},{"type":"Feature","properties":{"id":"18665877","status":"Open","zipcode":"19131","requested_date":"2025-10-31","closed_date":null,"expected_date":"2026-05-11","days_to_close":null,"closed_within_180_days":false,"closed_by_expected":false,"missed_expected":true,"feature_kind":"request"},"geometry":{"type":"Point","coordinates":[-75.2241732,39.98839516]}},{"type":"Feature","properties":{"id":"18666178","status":"Open","zipcode":"19131","requested_date":"2025-10-31","closed_date":null,"expected_date":"2026-05-11","days_to_close":null,"closed_within_180_days":false,"closed_by_expected":false,"missed_expected":true,"feature_kind":"request"},"geometry":{"type":"Point","coordinates":[-75.2298263,39.97023305]}},{"type":"Feature","properties":{"id":"18666179","status":"Open","zipcode":"19131","requested_date":"2025-10-31","closed_date":null,"expected_date":"2026-05-11","days_to_close":null,"closed_within_180_days":false,"closed_by_expected":false,"missed_expected":true,"feature_kind":"request"},"geometry":{"type":"Point","coordinates":[-75.2298263,39.97023305]}},{"type":"Feature","properties":{"id":"18666647","status":"Open","zipcode":"19131","requested_date":"2025-10-31","closed_date":null,"expected_date":"2026-05-11","days_to_close":null,"closed_within_180_days":false,"closed_by_expected":false,"missed_expected":true,"feature_kind":"request"},"geometry":{"type":"Point","coordinates":[-75.23593048,39.97508704]}},{"type":"Feature","properties":{"id":"18666845","status":"Open","zipcode":"19131","requested_date":"2025-10-31","closed_date":null,"expected_date":"2026-05-12","days_to_close":null,"closed_within_180_days":false,"closed_by_expected":false,"missed_expected":true,"feature_kind":"request"},"geometry":{"type":"Point","coordinates":[-75.23473421,39.97258436]}},{"type":"Feature","properties":{"id":"18667010","status":"Closed","zipcode":"19131","requested_date":"2025-10-31","closed_date":"2026-07-16","expected_date":"2026-05-13","days_to_close":257.6,"closed_within_180_days":false,"closed_by_expected":false,"missed_expected":true,"feature_kind":"request"},"geometry":{"type":"Point","coordinates":[-75.23679999,39.98715955]}},{"type":"Feature","properties":{"id":"18667104","status":"Open","zipcode":"19131","requested_date":"2025-11-01","closed_date":null,"expected_date":"2026-05-12","days_to_close":null,"closed_within_180_days":false,"closed_by_expected":false,"missed_expected":true,"feature_kind":"request"},"geometry":{"type":"Point","coordinates":[-75.22418733,39.97391706]}},{"type":"Feature","properties":{"id":"18667107","status":"Open","zipcode":"19131","requested_date":"2025-11-01","closed_date":null,"expected_date":"2026-05-12","days_to_close":null,"closed_within_180_days":false,"closed_by_expected":false,"missed_expected":true,"feature_kind":"request"},"geometry":{"type":"Point","coordinates":[-75.22418733,39.97391706]}},{"type":"Feature","properties":{"id":"18667109","status":"Open","zipcode":"19131","requested_date":"2025-11-01","closed_date":null,"expected_date":"2026-05-12","days_to_close":null,"closed_within_180_days":false,"closed_by_expected":false,"missed_expected":true,"feature_kind":"request"},"geometry":{"type":"Point","coordinates":[-75.22418733,39.97391706]}},{"type":"Feature","properties":{"id":"18667111","status":"Open","zipcode":"19131","requested_date":"2025-11-01","closed_date":null,"expected_date":"2026-05-12","days_to_close":null,"closed_within_180_days":false,"closed_by_expected":false,"missed_expected":true,"feature_kind":"request"},"geometry":{"type":"Point","coordinates":[-75.22418733,39.97391706]}},{"type":"Feature","properties":{"id":"18667268","status":"Closed","zipcode":"19128","requested_date":"2025-11-01","closed_date":"2025-12-12","expected_date":"2026-05-12","days_to_close":41,"closed_within_180_days":true,"closed_by_expected":true,"missed_expected":false,"feature_kind":"request"},"geometry":{"type":"Point","coordinates":[-75.2077793,40.02882961]}},{"type":"Feature","properties":{"id":"18667326","status":"Open","zipcode":"19131","requested_date":"2025-11-01","closed_date":null,"expected_date":"2026-05-12","days_to_close":null,"closed_within_180_days":false,"closed_by_expected":false,"missed_expected":true,"feature_kind":"request"},"geometry":{"type":"Point","coordinates":[-75.22537246,39.98059886]}},{"type":"Feature","properties":{"id":"18667336","status":"Open","zipcode":"19131","requested_date":"2025-11-01","closed_date":null,"expected_date":"2026-05-12","days_to_close":null,"closed_within_180_days":false,"closed_by_expected":false,"missed_expected":true,"feature_kind":"request"},"geometry":{"type":"Point","coordinates":[-75.2241732,39.98839516]}},{"type":"Feature","properties":{"id":"18671340","status":"Open","zipcode":"19131","requested_date":"2025-11-03","closed_date":null,"expected_date":"2026-05-12","days_to_close":null,"closed_within_180_days":false,"closed_by_expected":false,"missed_expected":true,"feature_kind":"request"},"geometry":{"type":"Point","coordinates":[-75.22977986,39.98391101]}},{"type":"Feature","properties":{"id":"18677185","status":"Closed","zipcode":"19128","requested_date":"2025-11-03","closed_date":"2025-12-11","expected_date":"2026-05-12","days_to_close":38.1,"closed_within_180_days":true,"closed_by_expected":true,"missed_expected":false,"feature_kind":"request"},"geometry":{"type":"Point","coordinates":[-75.21172636,40.02742853]}},{"type":"Feature","properties":{"id":"18712933","status":"Open","zipcode":"19131","requested_date":"2025-11-04","closed_date":null,"expected_date":"2026-05-13","days_to_close":null,"closed_within_180_days":false,"closed_by_expected":false,"missed_expected":true,"feature_kind":"request"},"geometry":{"type":"Point","coordinates":[-75.22440294,39.98107396]}},{"type":"Feature","properties":{"id":"18713201","status":"Open","zipcode":"19131","requested_date":"2025-11-04","closed_date":null,"expected_date":"2026-05-13","days_to_close":null,"closed_within_180_days":false,"closed_by_expected":false,"missed_expected":true,"feature_kind":"request"},"geometry":{"type":"Point","coordinates":[-75.22187022,39.98008213]}},{"type":"Feature","properties":{"id":"18713440","status":"Closed","zipcode":"19131","requested_date":"2025-11-04","closed_date":"2026-01-22","expected_date":"2026-05-14","days_to_close":79.1,"closed_within_180_days":true,"closed_by_expected":true,"missed_expected":false,"feature_kind":"request"},"geometry":{"type":"Point","coordinates":[-75.23496238,39.98413823]}},{"type":"Feature","properties":{"id":"18714844","status":"Open","zipcode":"19131","requested_date":"2025-11-04","closed_date":null,"expected_date":"2026-05-13","days_to_close":null,"closed_within_180_days":false,"closed_by_expected":false,"missed_expected":true,"feature_kind":"request"},"geometry":{"type":"Point","coordinates":[-75.2241732,39.98839516]}},{"type":"Feature","properties":{"id":"18716804","status":"Open","zipcode":"19131","requested_date":"2025-11-04","closed_date":null,"expected_date":"2026-05-13","days_to_close":null,"closed_within_180_days":false,"closed_by_expected":false,"missed_expected":true,"feature_kind":"request"},"geometry":{"type":"Point","coordinates":[-75.22497205,39.98041474]}},{"type":"Feature","properties":{"id":"18721332","status":"Closed","zipcode":"19128","requested_date":"2025-11-04","closed_date":"2025-12-11","expected_date":"2026-05-13","days_to_close":36.9,"closed_within_180_days":true,"closed_by_expected":true,"missed_expected":false,"feature_kind":"request"},"geometry":{"type":"Point","coordinates":[-75.22428779,40.04649435]}},{"type":"Feature","properties":{"id":"18730806","status":"Open","zipcode":"19131","requested_date":"2025-11-04","closed_date":null,"expected_date":"2026-05-14","days_to_close":null,"closed_within_180_days":false,"closed_by_expected":false,"missed_expected":true,"feature_kind":"request"},"geometry":{"type":"Point","coordinates":[-75.22576617,39.98078194]}},{"type":"Feature","properties":{"id":"18732525","status":"Closed","zipcode":"19131","requested_date":"2025-11-05","closed_date":"2026-07-24","expected_date":"2026-05-15","days_to_close":261.5,"closed_within_180_days":false,"closed_by_expected":false,"missed_expected":true,"feature_kind":"request"},"geometry":{"type":"Point","coordinates":[-75.24779051,39.99009114]}},{"type":"Feature","properties":{"id":"18733788","status":"Closed","zipcode":"19128","requested_date":"2025-11-05","closed_date":"2025-12-11","expected_date":"2026-05-14","days_to_close":36,"closed_within_180_days":true,"closed_by_expected":true,"missed_expected":false,"feature_kind":"request"},"geometry":{"type":"Point","coordinates":[-75.23475973,40.05362327]}},{"type":"Feature","properties":{"id":"18737692","status":"Closed","zipcode":"19128","requested_date":"2025-11-05","closed_date":"2026-07-08","expected_date":"2026-05-15","days_to_close":244.9,"closed_within_180_days":false,"closed_by_expected":false,"missed_expected":true,"feature_kind":"request"},"geometry":{"type":"Point","coordinates":[-75.22901029,40.06757632]}},{"type":"Feature","properties":{"id":"18739448","status":"Open","zipcode":"19131","requested_date":"2025-11-05","closed_date":null,"expected_date":"2026-05-14","days_to_close":null,"closed_within_180_days":false,"closed_by_expected":false,"missed_expected":true,"feature_kind":"request"},"geometry":{"type":"Point","coordinates":[-75.22556308,39.98067746]}},{"type":"Feature","properties":{"id":"18739609","status":"Closed","zipcode":"19131","requested_date":"2025-11-05","closed_date":"2025-12-11","expected_date":"2026-05-14","days_to_close":36,"closed_within_180_days":true,"closed_by_expected":true,"missed_expected":false,"feature_kind":"request"},"geometry":{"type":"Point","coordinates":[-75.2207691,39.97309604]}},{"type":"Feature","properties":{"id":"18739743","status":"Closed","zipcode":"19131","requested_date":"2025-11-05","closed_date":"2025-12-15","expected_date":"2026-05-14","days_to_close":39.9,"closed_within_180_days":true,"closed_by_expected":true,"missed_expected":false,"feature_kind":"request"},"geometry":{"type":"Point","coordinates":[-75.22068811,39.97302232]}},{"type":"Feature","properties":{"id":"18740192","status":"Closed","zipcode":"19131","requested_date":"2025-11-05","closed_date":"2025-12-11","expected_date":"2026-05-14","days_to_close":36,"closed_within_180_days":true,"closed_by_expected":true,"missed_expected":false,"feature_kind":"request"},"geometry":{"type":"Point","coordinates":[-75.22036213,39.97313668]}},{"type":"Feature","properties":{"id":"18745850","status":"Open","zipcode":"19131","requested_date":"2025-11-05","closed_date":null,"expected_date":"2026-05-15","days_to_close":null,"closed_within_180_days":false,"closed_by_expected":false,"missed_expected":true,"feature_kind":"request"},"geometry":{"type":"Point","coordinates":[-75.23466196,39.97209903]}},{"type":"Feature","properties":{"id":"18746152","status":"Open","zipcode":"19131","requested_date":"2025-11-05","closed_date":null,"expected_date":"2026-05-15","days_to_close":null,"closed_within_180_days":false,"closed_by_expected":false,"missed_expected":true,"feature_kind":"request"},"geometry":{"type":"Point","coordinates":[-75.23335136,39.9756011]}},{"type":"Feature","properties":{"id":"18746813","status":"Closed","zipcode":"19128","requested_date":"2025-11-05","closed_date":"2025-12-15","expected_date":"2026-05-15","days_to_close":39.7,"closed_within_180_days":true,"closed_by_expected":true,"missed_expected":false,"feature_kind":"request"},"geometry":{"type":"Point","coordinates":[-75.21044165,40.02541156]}},{"type":"Feature","properties":{"id":"18747317","status":"Open","zipcode":"19131","requested_date":"2025-11-06","closed_date":null,"expected_date":"2026-05-15","days_to_close":null,"closed_within_180_days":false,"closed_by_expected":false,"missed_expected":true,"feature_kind":"request"},"geometry":{"type":"Point","coordinates":[-75.22679065,39.97279659]}},{"type":"Feature","properties":{"id":"18747318","status":"Open","zipcode":"19131","requested_date":"2025-11-06","closed_date":null,"expected_date":"2026-05-15","days_to_close":null,"closed_within_180_days":false,"closed_by_expected":false,"missed_expected":true,"feature_kind":"request"},"geometry":{"type":"Point","coordinates":[-75.22690364,39.97278436]}},{"type":"Feature","properties":{"id":"18752763","status":"Open","zipcode":"19131","requested_date":"2025-11-06","closed_date":null,"expected_date":"2026-05-15","days_to_close":null,"closed_within_180_days":false,"closed_by_expected":false,"missed_expected":true,"feature_kind":"request"},"geometry":{"type":"Point","coordinates":[-75.22213108,40.0021272]}},{"type":"Feature","properties":{"id":"18762120","status":"Open","zipcode":"19128","requested_date":"2025-11-06","closed_date":null,"expected_date":"2026-05-18","days_to_close":null,"closed_within_180_days":false,"closed_by_expected":false,"missed_expected":true,"feature_kind":"request"},"geometry":{"type":"Point","coordinates":[-75.24492697,40.04807173]}},{"type":"Feature","properties":{"id":"18768688","status":"Closed","zipcode":"19131","requested_date":"2025-11-07","closed_date":"2026-07-27","expected_date":"2026-05-19","days_to_close":262,"closed_within_180_days":false,"closed_by_expected":false,"missed_expected":true,"feature_kind":"request"},"geometry":{"type":"Point","coordinates":[-75.2488582,39.99051204]}},{"type":"Feature","properties":{"id":"18781150","status":"Open","zipcode":"19131","requested_date":"2025-11-07","closed_date":null,"expected_date":"2026-05-19","days_to_close":null,"closed_within_180_days":false,"closed_by_expected":false,"missed_expected":true,"feature_kind":"request"},"geometry":{"type":"Point","coordinates":[-75.22941055,39.98466492]}},{"type":"Feature","properties":{"id":"18800123","status":"Closed","zipcode":"19128","requested_date":"2025-11-08","closed_date":"2026-05-13","expected_date":"2026-05-20","days_to_close":186.3,"closed_within_180_days":false,"closed_by_expected":true,"missed_expected":false,"feature_kind":"request"},"geometry":{"type":"Point","coordinates":[-75.22449875,40.03395082]}},{"type":"Feature","properties":{"id":"18800220","status":"Closed","zipcode":"19128","requested_date":"2025-11-08","closed_date":"2025-12-12","expected_date":"2026-05-19","days_to_close":34,"closed_within_180_days":true,"closed_by_expected":true,"missed_expected":false,"feature_kind":"request"},"geometry":{"type":"Point","coordinates":[-75.20831763,40.02889005]}},{"type":"Feature","properties":{"id":"18800316","status":"Open","zipcode":"19131","requested_date":"2025-11-08","closed_date":null,"expected_date":"2026-05-19","days_to_close":null,"closed_within_180_days":false,"closed_by_expected":false,"missed_expected":true,"feature_kind":"request"},"geometry":{"type":"Point","coordinates":[-75.22871611,39.97174921]}},{"type":"Feature","properties":{"id":"18800333","status":"Closed","zipcode":"19128","requested_date":"2025-11-08","closed_date":"2025-12-11","expected_date":"2026-05-19","days_to_close":33,"closed_within_180_days":true,"closed_by_expected":true,"missed_expected":false,"feature_kind":"request"},"geometry":{"type":"Point","coordinates":[-75.21773431,40.02728442]}},{"type":"Feature","properties":{"id":"18800707","status":"Open","zipcode":"19128","requested_date":"2025-11-10","closed_date":null,"expected_date":"2026-05-19","days_to_close":null,"closed_within_180_days":false,"closed_by_expected":false,"missed_expected":true,"feature_kind":"request"},"geometry":{"type":"Point","coordinates":[-75.20407213,40.01935375]}},{"type":"Feature","properties":{"id":"18800714","status":"Open","zipcode":"19131","requested_date":"2025-11-10","closed_date":null,"expected_date":"2026-05-19","days_to_close":null,"closed_within_180_days":false,"closed_by_expected":false,"missed_expected":true,"feature_kind":"request"},"geometry":{"type":"Point","coordinates":[-75.22186882,40.00029456]}},{"type":"Feature","properties":{"id":"18801767","status":"Closed","zipcode":"19128","requested_date":"2025-11-10","closed_date":"2026-05-14","expected_date":"2026-05-20","days_to_close":184.9,"closed_within_180_days":false,"closed_by_expected":true,"missed_expected":false,"feature_kind":"request"},"geometry":{"type":"Point","coordinates":[-75.20510575,40.02170628]}},{"type":"Feature","properties":{"id":"18802333","status":"Open","zipcode":"19128","requested_date":"2025-11-10","closed_date":null,"expected_date":"2026-05-19","days_to_close":null,"closed_within_180_days":false,"closed_by_expected":false,"missed_expected":true,"feature_kind":"request"},"geometry":{"type":"Point","coordinates":[-75.2118893,40.02414081]}},{"type":"Feature","properties":{"id":"18802334","status":"Open","zipcode":"19128","requested_date":"2025-11-10","closed_date":null,"expected_date":"2026-05-19","days_to_close":null,"closed_within_180_days":false,"closed_by_expected":false,"missed_expected":true,"feature_kind":"request"},"geometry":{"type":"Point","coordinates":[-75.2118893,40.02414081]}},{"type":"Feature","properties":{"id":"18802623","status":"Open","zipcode":"19128","requested_date":"2025-11-10","closed_date":null,"expected_date":"2026-05-19","days_to_close":null,"closed_within_180_days":false,"closed_by_expected":false,"missed_expected":true,"feature_kind":"request"},"geometry":{"type":"Point","coordinates":[-75.2118893,40.02414081]}},{"type":"Feature","properties":{"id":"18802663","status":"Open","zipcode":"19131","requested_date":"2025-11-10","closed_date":null,"expected_date":"2026-05-19","days_to_close":null,"closed_within_180_days":false,"closed_by_expected":false,"missed_expected":true,"feature_kind":"request"},"geometry":{"type":"Point","coordinates":[-75.23001853,39.98553284]}},{"type":"Feature","properties":{"id":"18804833","status":"Open","zipcode":"19131","requested_date":"2025-11-11","closed_date":null,"expected_date":"2026-05-20","days_to_close":null,"closed_within_180_days":false,"closed_by_expected":false,"missed_expected":true,"feature_kind":"request"},"geometry":{"type":"Point","coordinates":[-75.22924029,39.97546214]}},{"type":"Feature","properties":{"id":"18808615","status":"Open","zipcode":"19128","requested_date":"2025-11-11","closed_date":null,"expected_date":"2026-05-21","days_to_close":null,"closed_within_180_days":false,"closed_by_expected":false,"missed_expected":true,"feature_kind":"request"},"geometry":{"type":"Point","coordinates":[-75.21020744,40.02481337]}},{"type":"Feature","properties":{"id":"18817208","status":"Open","zipcode":"19131","requested_date":"2025-11-12","closed_date":null,"expected_date":"2026-05-21","days_to_close":null,"closed_within_180_days":false,"closed_by_expected":false,"missed_expected":true,"feature_kind":"request"},"geometry":{"type":"Point","coordinates":[-75.2206867,40.00139696]}},{"type":"Feature","properties":{"id":"18818069","status":"Open","zipcode":"19128","requested_date":"2025-11-12","closed_date":null,"expected_date":"2026-05-21","days_to_close":null,"closed_within_180_days":false,"closed_by_expected":false,"missed_expected":true,"feature_kind":"request"},"geometry":{"type":"Point","coordinates":[-75.21354869,40.0237674]}},{"type":"Feature","properties":{"id":"18823662","status":"Open","zipcode":"19128","requested_date":"2025-11-14","closed_date":null,"expected_date":"2026-05-25","days_to_close":null,"closed_within_180_days":false,"closed_by_expected":false,"missed_expected":true,"feature_kind":"request"},"geometry":{"type":"Point","coordinates":[-75.21944631,40.03349544]}},{"type":"Feature","properties":{"id":"18823945","status":"Open","zipcode":"19131","requested_date":"2025-11-14","closed_date":null,"expected_date":"2026-05-25","days_to_close":null,"closed_within_180_days":false,"closed_by_expected":false,"missed_expected":true,"feature_kind":"request"},"geometry":{"type":"Point","coordinates":[-75.23530771,39.97264484]}},{"type":"Feature","properties":{"id":"18825176","status":"Open","zipcode":"19128","requested_date":"2025-11-14","closed_date":null,"expected_date":"2026-05-25","days_to_close":null,"closed_within_180_days":false,"closed_by_expected":false,"missed_expected":true,"feature_kind":"request"},"geometry":{"type":"Point","coordinates":[-75.21020744,40.02481337]}},{"type":"Feature","properties":{"id":"18825197","status":"Open","zipcode":"19128","requested_date":"2025-11-14","closed_date":null,"expected_date":"2026-05-25","days_to_close":null,"closed_within_180_days":false,"closed_by_expected":false,"missed_expected":true,"feature_kind":"request"},"geometry":{"type":"Point","coordinates":[-75.2096912,40.03164113]}},{"type":"Feature","properties":{"id":"18825218","status":"Closed","zipcode":"19128","requested_date":"2025-11-14","closed_date":"2025-12-15","expected_date":"2026-05-25","days_to_close":30.9,"closed_within_180_days":true,"closed_by_expected":true,"missed_expected":false,"feature_kind":"request"},"geometry":{"type":"Point","coordinates":[-75.21047421,40.02545547]}},{"type":"Feature","properties":{"id":"18826123","status":"Open","zipcode":"19131","requested_date":"2025-11-16","closed_date":null,"expected_date":"2026-05-26","days_to_close":null,"closed_within_180_days":false,"closed_by_expected":false,"missed_expected":true,"feature_kind":"request"},"geometry":{"type":"Point","coordinates":[-75.23244992,39.97441046]}},{"type":"Feature","properties":{"id":"18826358","status":"Open","zipcode":"19128","requested_date":"2025-11-17","closed_date":null,"expected_date":"2026-05-26","days_to_close":null,"closed_within_180_days":false,"closed_by_expected":false,"missed_expected":true,"feature_kind":"request"},"geometry":{"type":"Point","coordinates":[-75.20744234,40.02166508]}},{"type":"Feature","properties":{"id":"18826773","status":"Open","zipcode":"19131","requested_date":"2025-11-17","closed_date":null,"expected_date":"2026-05-26","days_to_close":null,"closed_within_180_days":false,"closed_by_expected":false,"missed_expected":true,"feature_kind":"request"},"geometry":{"type":"Point","coordinates":[-75.23650609,39.9740258]}},{"type":"Feature","properties":{"id":"18826799","status":"Open","zipcode":"19131","requested_date":"2025-11-17","closed_date":null,"expected_date":"2026-05-26","days_to_close":null,"closed_within_180_days":false,"closed_by_expected":false,"missed_expected":true,"feature_kind":"request"},"geometry":{"type":"Point","coordinates":[-75.22838077,39.99024423]}},{"type":"Feature","properties":{"id":"18826867","status":"Open","zipcode":"19131","requested_date":"2025-11-17","closed_date":null,"expected_date":"2026-05-26","days_to_close":null,"closed_within_180_days":false,"closed_by_expected":false,"missed_expected":true,"feature_kind":"request"},"geometry":{"type":"Point","coordinates":[-75.22859484,39.99246412]}},{"type":"Feature","properties":{"id":"18826897","status":"Open","zipcode":"19131","requested_date":"2025-11-17","closed_date":null,"expected_date":"2026-05-26","days_to_close":null,"closed_within_180_days":false,"closed_by_expected":false,"missed_expected":true,"feature_kind":"request"},"geometry":{"type":"Point","coordinates":[-75.20846554,40.00221477]}},{"type":"Feature","properties":{"id":"18826969","status":"Open","zipcode":"19131","requested_date":"2025-11-17","closed_date":null,"expected_date":"2026-05-26","days_to_close":null,"closed_within_180_days":false,"closed_by_expected":false,"missed_expected":true,"feature_kind":"request"},"geometry":{"type":"Point","coordinates":[-75.22908908,39.99435819]}},{"type":"Feature","properties":{"id":"18827157","status":"Open","zipcode":"19128","requested_date":"2025-11-17","closed_date":null,"expected_date":"2026-05-26","days_to_close":null,"closed_within_180_days":false,"closed_by_expected":false,"missed_expected":true,"feature_kind":"request"},"geometry":{"type":"Point","coordinates":[-75.22128988,40.03544573]}},{"type":"Feature","properties":{"id":"18832287","status":"Open","zipcode":"19128","requested_date":"2025-11-19","closed_date":null,"expected_date":"2026-05-28","days_to_close":null,"closed_within_180_days":false,"closed_by_expected":false,"missed_expected":true,"feature_kind":"request"},"geometry":{"type":"Point","coordinates":[-75.22761986,40.04207035]}},{"type":"Feature","properties":{"id":"18833685","status":"Closed","zipcode":"19128","requested_date":"2025-11-19","closed_date":"2026-01-14","expected_date":"2026-05-28","days_to_close":56.1,"closed_within_180_days":true,"closed_by_expected":true,"missed_expected":false,"feature_kind":"request"},"geometry":{"type":"Point","coordinates":[-75.21423431,40.03004839]}},{"type":"Feature","properties":{"id":"18833777","status":"Open","zipcode":"19131","requested_date":"2025-11-19","closed_date":null,"expected_date":"2026-05-28","days_to_close":null,"closed_within_180_days":false,"closed_by_expected":false,"missed_expected":true,"feature_kind":"request"},"geometry":{"type":"Point","coordinates":[-75.22870828,39.96789528]}},{"type":"Feature","properties":{"id":"18833782","status":"Closed","zipcode":"19128","requested_date":"2025-11-19","closed_date":"2025-12-10","expected_date":"2026-05-28","days_to_close":20.9,"closed_within_180_days":true,"closed_by_expected":true,"missed_expected":false,"feature_kind":"request"},"geometry":{"type":"Point","coordinates":[-75.210558,40.03016124]}},{"type":"Feature","properties":{"id":"18834018","status":"Open","zipcode":"19131","requested_date":"2025-11-19","closed_date":null,"expected_date":"2026-05-28","days_to_close":null,"closed_within_180_days":false,"closed_by_expected":false,"missed_expected":true,"feature_kind":"request"},"geometry":{"type":"Point","coordinates":[-75.2260861,39.97383509]}},{"type":"Feature","properties":{"id":"18834311","status":"Open","zipcode":"19131","requested_date":"2025-11-19","closed_date":null,"expected_date":"2026-05-28","days_to_close":null,"closed_within_180_days":false,"closed_by_expected":false,"missed_expected":true,"feature_kind":"request"},"geometry":{"type":"Point","coordinates":[-75.23563144,39.97456938]}},{"type":"Feature","properties":{"id":"18834471","status":"Open","zipcode":"19128","requested_date":"2025-11-19","closed_date":null,"expected_date":"2026-05-29","days_to_close":null,"closed_within_180_days":false,"closed_by_expected":false,"missed_expected":true,"feature_kind":"request"},"geometry":{"type":"Point","coordinates":[-75.2213359,40.0354253]}},{"type":"Feature","properties":{"id":"18834794","status":"Open","zipcode":"19128","requested_date":"2025-11-20","closed_date":null,"expected_date":"2026-05-29","days_to_close":null,"closed_within_180_days":false,"closed_by_expected":false,"missed_expected":true,"feature_kind":"request"},"geometry":{"type":"Point","coordinates":[-75.20602842,40.02731201]}},{"type":"Feature","properties":{"id":"18835198","status":"Open","zipcode":"19131","requested_date":"2025-11-20","closed_date":null,"expected_date":"2026-05-29","days_to_close":null,"closed_within_180_days":false,"closed_by_expected":false,"missed_expected":true,"feature_kind":"request"},"geometry":{"type":"Point","coordinates":[-75.22358249,39.98873595]}},{"type":"Feature","properties":{"id":"18836802","status":"Open","zipcode":"19128","requested_date":"2025-11-20","closed_date":null,"expected_date":"2026-06-01","days_to_close":null,"closed_within_180_days":false,"closed_by_expected":false,"missed_expected":true,"feature_kind":"request"},"geometry":{"type":"Point","coordinates":[-75.21063696,40.01984256]}},{"type":"Feature","properties":{"id":"18837115","status":"Open","zipcode":"19128","requested_date":"2025-11-21","closed_date":null,"expected_date":"2026-06-01","days_to_close":null,"closed_within_180_days":false,"closed_by_expected":false,"missed_expected":true,"feature_kind":"request"},"geometry":{"type":"Point","coordinates":[-75.24082691,40.04787527]}},{"type":"Feature","properties":{"id":"18837152","status":"Open","zipcode":"19128","requested_date":"2025-11-21","closed_date":null,"expected_date":"2026-06-01","days_to_close":null,"closed_within_180_days":false,"closed_by_expected":false,"missed_expected":true,"feature_kind":"request"},"geometry":{"type":"Point","coordinates":[-75.22974899,40.04792652]}},{"type":"Feature","properties":{"id":"18837170","status":"Closed","zipcode":"19131","requested_date":"2025-11-21","closed_date":"2026-07-17","expected_date":"2026-06-01","days_to_close":238,"closed_within_180_days":false,"closed_by_expected":false,"missed_expected":true,"feature_kind":"request"},"geometry":{"type":"Point","coordinates":[-75.23673589,39.9871536]}},{"type":"Feature","properties":{"id":"18837570","status":"Closed","zipcode":"19131","requested_date":"2025-11-21","closed_date":"2026-06-05","expected_date":"2026-06-01","days_to_close":195.9,"closed_within_180_days":false,"closed_by_expected":false,"missed_expected":true,"feature_kind":"request"},"geometry":{"type":"Point","coordinates":[-75.23412268,39.97823819]}},{"type":"Feature","properties":{"id":"18837976","status":"Closed","zipcode":"19131","requested_date":"2025-11-21","closed_date":"2025-12-11","expected_date":"2026-06-01","days_to_close":20.1,"closed_within_180_days":true,"closed_by_expected":true,"missed_expected":false,"feature_kind":"request"},"geometry":{"type":"Point","coordinates":[-75.2207691,39.97309604]}},{"type":"Feature","properties":{"id":"18837995","status":"Open","zipcode":"19131","requested_date":"2025-11-21","closed_date":null,"expected_date":"2026-06-01","days_to_close":null,"closed_within_180_days":false,"closed_by_expected":false,"missed_expected":true,"feature_kind":"request"},"geometry":{"type":"Point","coordinates":[-75.22063506,39.97302818]}},{"type":"Feature","properties":{"id":"18838005","status":"Closed","zipcode":"19131","requested_date":"2025-11-21","closed_date":"2025-12-15","expected_date":"2026-06-01","days_to_close":24.1,"closed_within_180_days":true,"closed_by_expected":true,"missed_expected":false,"feature_kind":"request"},"geometry":{"type":"Point","coordinates":[-75.22068811,39.97302232]}},{"type":"Feature","properties":{"id":"18839546","status":"Open","zipcode":"19131","requested_date":"2025-11-21","closed_date":null,"expected_date":"2026-06-02","days_to_close":null,"closed_within_180_days":false,"closed_by_expected":false,"missed_expected":true,"feature_kind":"request"},"geometry":{"type":"Point","coordinates":[-75.2209905,39.99158678]}},{"type":"Feature","properties":{"id":"18872537","status":"Open","zipcode":"19131","requested_date":"2025-11-23","closed_date":null,"expected_date":"2026-06-02","days_to_close":null,"closed_within_180_days":false,"closed_by_expected":false,"missed_expected":true,"feature_kind":"request"},"geometry":{"type":"Point","coordinates":[-75.22249101,39.97226386]}},{"type":"Feature","properties":{"id":"18874150","status":"Open","zipcode":"19131","requested_date":"2025-11-24","closed_date":null,"expected_date":"2026-06-02","days_to_close":null,"closed_within_180_days":false,"closed_by_expected":false,"missed_expected":true,"feature_kind":"request"},"geometry":{"type":"Point","coordinates":[-75.23443352,39.97471806]}},{"type":"Feature","properties":{"id":"18877996","status":"Closed","zipcode":"19131","requested_date":"2025-11-24","closed_date":"2026-07-23","expected_date":"2026-06-02","days_to_close":240.8,"closed_within_180_days":false,"closed_by_expected":false,"missed_expected":true,"feature_kind":"request"},"geometry":{"type":"Point","coordinates":[-75.24345044,39.99071052]}},{"type":"Feature","properties":{"id":"18882239","status":"Closed","zipcode":"19128","requested_date":"2025-11-24","closed_date":"2025-12-11","expected_date":"2026-06-03","days_to_close":17,"closed_within_180_days":true,"closed_by_expected":true,"missed_expected":false,"feature_kind":"request"},"geometry":{"type":"Point","coordinates":[-75.23483177,40.04887422]}},{"type":"Feature","properties":{"id":"18906583","status":"Open","zipcode":"19128","requested_date":"2025-11-25","closed_date":null,"expected_date":"2026-06-03","days_to_close":null,"closed_within_180_days":false,"closed_by_expected":false,"missed_expected":true,"feature_kind":"request"},"geometry":{"type":"Point","coordinates":[-75.20864219,40.01628119]}},{"type":"Feature","properties":{"id":"18906797","status":"Open","zipcode":"19131","requested_date":"2025-11-25","closed_date":null,"expected_date":"2026-06-03","days_to_close":null,"closed_within_180_days":false,"closed_by_expected":false,"missed_expected":true,"feature_kind":"request"},"geometry":{"type":"Point","coordinates":[-75.21390449,39.9725084]}},{"type":"Feature","properties":{"id":"18906799","status":"Open","zipcode":"19131","requested_date":"2025-11-25","closed_date":null,"expected_date":"2026-06-03","days_to_close":null,"closed_within_180_days":false,"closed_by_expected":false,"missed_expected":true,"feature_kind":"request"},"geometry":{"type":"Point","coordinates":[-75.21390449,39.9725084]}},{"type":"Feature","properties":{"id":"18906800","status":"Open","zipcode":"19131","requested_date":"2025-11-25","closed_date":null,"expected_date":"2026-06-03","days_to_close":null,"closed_within_180_days":false,"closed_by_expected":false,"missed_expected":true,"feature_kind":"request"},"geometry":{"type":"Point","coordinates":[-75.21402263,39.97253393]}},{"type":"Feature","properties":{"id":"18906809","status":"Open","zipcode":"19131","requested_date":"2025-11-25","closed_date":null,"expected_date":"2026-06-03","days_to_close":null,"closed_within_180_days":false,"closed_by_expected":false,"missed_expected":true,"feature_kind":"request"},"geometry":{"type":"Point","coordinates":[-75.21392664,39.97262978]}},{"type":"Feature","properties":{"id":"18908343","status":"Open","zipcode":"19131","requested_date":"2025-11-25","closed_date":null,"expected_date":"2026-06-04","days_to_close":null,"closed_within_180_days":false,"closed_by_expected":false,"missed_expected":true,"feature_kind":"request"},"geometry":{"type":"Point","coordinates":[-75.22996064,39.97194502]}},{"type":"Feature","properties":{"id":"18908379","status":"Open","zipcode":"19128","requested_date":"2025-11-25","closed_date":null,"expected_date":"2026-06-04","days_to_close":null,"closed_within_180_days":false,"closed_by_expected":false,"missed_expected":true,"feature_kind":"request"},"geometry":{"type":"Point","coordinates":[-75.21751499,40.02977457]}},{"type":"Feature","properties":{"id":"18913974","status":"Open","zipcode":"19131","requested_date":"2025-11-27","closed_date":null,"expected_date":"2026-06-05","days_to_close":null,"closed_within_180_days":false,"closed_by_expected":false,"missed_expected":true,"feature_kind":"request"},"geometry":{"type":"Point","coordinates":[-75.22871611,39.97174921]}},{"type":"Feature","properties":{"id":"18937584","status":"Closed","zipcode":"19131","requested_date":"2025-11-28","closed_date":"2026-06-05","expected_date":"2026-06-08","days_to_close":189.4,"closed_within_180_days":false,"closed_by_expected":true,"missed_expected":false,"feature_kind":"request"},"geometry":{"type":"Point","coordinates":[-75.23242066,39.97901508]}},{"type":"Feature","properties":{"id":"18980249","status":"Closed","zipcode":"19131","requested_date":"2025-11-29","closed_date":"2026-06-23","expected_date":"2026-06-09","days_to_close":206.5,"closed_within_180_days":false,"closed_by_expected":false,"missed_expected":true,"feature_kind":"request"},"geometry":{"type":"Point","coordinates":[-75.24279556,39.98576254]}},{"type":"Feature","properties":{"id":"18980319","status":"Open","zipcode":"19128","requested_date":"2025-11-29","closed_date":null,"expected_date":"2026-06-09","days_to_close":null,"closed_within_180_days":false,"closed_by_expected":false,"missed_expected":true,"feature_kind":"request"},"geometry":{"type":"Point","coordinates":[-75.20407213,40.01935375]}},{"type":"Feature","properties":{"id":"18980402","status":"Open","zipcode":"19131","requested_date":"2025-11-29","closed_date":null,"expected_date":"2026-06-09","days_to_close":null,"closed_within_180_days":false,"closed_by_expected":false,"missed_expected":true,"feature_kind":"request"},"geometry":{"type":"Point","coordinates":[-75.22553541,39.98090482]}},{"type":"Feature","properties":{"id":"18982005","status":"Open","zipcode":"19131","requested_date":"2025-12-01","closed_date":null,"expected_date":"2026-06-09","days_to_close":null,"closed_within_180_days":false,"closed_by_expected":false,"missed_expected":true,"feature_kind":"request"},"geometry":{"type":"Point","coordinates":[-75.2139338,39.97267181]}},{"type":"Feature","properties":{"id":"18982272","status":"Open","zipcode":"19131","requested_date":"2025-12-01","closed_date":null,"expected_date":"2026-06-09","days_to_close":null,"closed_within_180_days":false,"closed_by_expected":false,"missed_expected":true,"feature_kind":"request"},"geometry":{"type":"Point","coordinates":[-75.23112252,39.98615114]}},{"type":"Feature","properties":{"id":"18983817","status":"Open","zipcode":"19131","requested_date":"2025-12-02","closed_date":null,"expected_date":"2026-06-10","days_to_close":null,"closed_within_180_days":false,"closed_by_expected":false,"missed_expected":true,"feature_kind":"request"},"geometry":{"type":"Point","coordinates":[-75.23268101,39.96783]}},{"type":"Feature","properties":{"id":"18984026","status":"Closed","zipcode":"19131","requested_date":"2025-12-02","closed_date":"2026-06-12","expected_date":"2026-06-10","days_to_close":192,"closed_within_180_days":false,"closed_by_expected":false,"missed_expected":true,"feature_kind":"request"},"geometry":{"type":"Point","coordinates":[-75.23415412,39.9863481]}},{"type":"Feature","properties":{"id":"18986208","status":"Open","zipcode":"19131","requested_date":"2025-12-03","closed_date":null,"expected_date":"2026-06-11","days_to_close":null,"closed_within_180_days":false,"closed_by_expected":false,"missed_expected":true,"feature_kind":"request"},"geometry":{"type":"Point","coordinates":[-75.23053971,39.9738688]}},{"type":"Feature","properties":{"id":"18987155","status":"Open","zipcode":"19131","requested_date":"2025-12-03","closed_date":null,"expected_date":"2026-06-11","days_to_close":null,"closed_within_180_days":false,"closed_by_expected":false,"missed_expected":true,"feature_kind":"request"},"geometry":{"type":"Point","coordinates":[-75.22852726,39.97062978]}},{"type":"Feature","properties":{"id":"18987734","status":"Open","zipcode":"19131","requested_date":"2025-12-03","closed_date":null,"expected_date":"2026-06-11","days_to_close":null,"closed_within_180_days":false,"closed_by_expected":false,"missed_expected":true,"feature_kind":"request"},"geometry":{"type":"Point","coordinates":[-75.22036006,40.00208043]}},{"type":"Feature","properties":{"id":"18988978","status":"Open","zipcode":"19128","requested_date":"2025-12-04","closed_date":null,"expected_date":"2026-06-12","days_to_close":null,"closed_within_180_days":false,"closed_by_expected":false,"missed_expected":true,"feature_kind":"request"},"geometry":{"type":"Point","coordinates":[-75.22102651,40.0376646]}},{"type":"Feature","properties":{"id":"18989478","status":"Open","zipcode":"19131","requested_date":"2025-12-04","closed_date":null,"expected_date":"2026-06-12","days_to_close":null,"closed_within_180_days":false,"closed_by_expected":false,"missed_expected":true,"feature_kind":"request"},"geometry":{"type":"Point","coordinates":[-75.23681419,39.97011613]}},{"type":"Feature","properties":{"id":"18989483","status":"Open","zipcode":"19131","requested_date":"2025-12-04","closed_date":null,"expected_date":"2026-06-12","days_to_close":null,"closed_within_180_days":false,"closed_by_expected":false,"missed_expected":true,"feature_kind":"request"},"geometry":{"type":"Point","coordinates":[-75.23681419,39.97011613]}},{"type":"Feature","properties":{"id":"18990879","status":"Open","zipcode":"19128","requested_date":"2025-12-05","closed_date":null,"expected_date":"2026-06-15","days_to_close":null,"closed_within_180_days":false,"closed_by_expected":false,"missed_expected":true,"feature_kind":"request"},"geometry":{"type":"Point","coordinates":[-75.23854441,40.06270561]}},{"type":"Feature","properties":{"id":"18991773","status":"Open","zipcode":"19128","requested_date":"2025-12-05","closed_date":null,"expected_date":"2026-06-15","days_to_close":null,"closed_within_180_days":false,"closed_by_expected":false,"missed_expected":true,"feature_kind":"request"},"geometry":{"type":"Point","coordinates":[-75.21257909,40.03176973]}},{"type":"Feature","properties":{"id":"18991823","status":"Open","zipcode":"19128","requested_date":"2025-12-05","closed_date":null,"expected_date":"2026-06-15","days_to_close":null,"closed_within_180_days":false,"closed_by_expected":false,"missed_expected":true,"feature_kind":"request"},"geometry":{"type":"Point","coordinates":[-75.22496166,40.03697992]}},{"type":"Feature","properties":{"id":"18992824","status":"Open","zipcode":"19131","requested_date":"2025-12-06","closed_date":null,"expected_date":"2026-06-16","days_to_close":null,"closed_within_180_days":false,"closed_by_expected":false,"missed_expected":true,"feature_kind":"request"},"geometry":{"type":"Point","coordinates":[-75.23001519,39.98723137]}},{"type":"Feature","properties":{"id":"18993252","status":"Open","zipcode":"19131","requested_date":"2025-12-07","closed_date":null,"expected_date":"2026-06-16","days_to_close":null,"closed_within_180_days":false,"closed_by_expected":false,"missed_expected":true,"feature_kind":"request"},"geometry":{"type":"Point","coordinates":[-75.2227827,39.97987568]}},{"type":"Feature","properties":{"id":"18994285","status":"Open","zipcode":"19128","requested_date":"2025-12-08","closed_date":null,"expected_date":"2026-06-16","days_to_close":null,"closed_within_180_days":false,"closed_by_expected":false,"missed_expected":true,"feature_kind":"request"},"geometry":{"type":"Point","coordinates":[-75.2087942,40.01957499]}},{"type":"Feature","properties":{"id":"18994643","status":"Open","zipcode":"19128","requested_date":"2025-12-08","closed_date":null,"expected_date":"2026-06-16","days_to_close":null,"closed_within_180_days":false,"closed_by_expected":false,"missed_expected":true,"feature_kind":"request"},"geometry":{"type":"Point","coordinates":[-75.21199804,40.02718916]}},{"type":"Feature","properties":{"id":"18996121","status":"Open","zipcode":"19128","requested_date":"2025-12-09","closed_date":null,"expected_date":"2026-06-17","days_to_close":null,"closed_within_180_days":false,"closed_by_expected":false,"missed_expected":true,"feature_kind":"request"},"geometry":{"type":"Point","coordinates":[-75.22671119,40.04194536]}},{"type":"Feature","properties":{"id":"18996527","status":"Open","zipcode":"19128","requested_date":"2025-12-09","closed_date":null,"expected_date":"2026-06-17","days_to_close":null,"closed_within_180_days":false,"closed_by_expected":false,"missed_expected":true,"feature_kind":"request"},"geometry":{"type":"Point","coordinates":[-75.21120397,40.03709501]}},{"type":"Feature","properties":{"id":"18997544","status":"Closed","zipcode":"19131","requested_date":"2025-12-09","closed_date":"2026-07-24","expected_date":"2026-06-17","days_to_close":226.8,"closed_within_180_days":false,"closed_by_expected":false,"missed_expected":true,"feature_kind":"request"},"geometry":{"type":"Point","coordinates":[-75.24494241,39.98708399]}},{"type":"Feature","properties":{"id":"18998087","status":"Open","zipcode":"19131","requested_date":"2025-12-09","closed_date":null,"expected_date":"2026-06-18","days_to_close":null,"closed_within_180_days":false,"closed_by_expected":false,"missed_expected":true,"feature_kind":"request"},"geometry":{"type":"Point","coordinates":[-75.21365023,39.97244555]}},{"type":"Feature","properties":{"id":"18998098","status":"Open","zipcode":"19131","requested_date":"2025-12-09","closed_date":null,"expected_date":"2026-06-18","days_to_close":null,"closed_within_180_days":false,"closed_by_expected":false,"missed_expected":true,"feature_kind":"request"},"geometry":{"type":"Point","coordinates":[-75.2136891,39.9726116]}},{"type":"Feature","properties":{"id":"18999064","status":"Open","zipcode":"19131","requested_date":"2025-12-10","closed_date":null,"expected_date":"2026-06-18","days_to_close":null,"closed_within_180_days":false,"closed_by_expected":false,"missed_expected":true,"feature_kind":"request"},"geometry":{"type":"Point","coordinates":[-75.23095833,39.99517592]}},{"type":"Feature","properties":{"id":"18999360","status":"Open","zipcode":"19131","requested_date":"2025-12-10","closed_date":null,"expected_date":"2026-06-18","days_to_close":null,"closed_within_180_days":false,"closed_by_expected":false,"missed_expected":true,"feature_kind":"request"},"geometry":{"type":"Point","coordinates":[-75.20253384,40.00403001]}},{"type":"Feature","properties":{"id":"18999509","status":"Open","zipcode":"19131","requested_date":"2025-12-10","closed_date":null,"expected_date":"2026-06-18","days_to_close":null,"closed_within_180_days":false,"closed_by_expected":false,"missed_expected":true,"feature_kind":"request"},"geometry":{"type":"Point","coordinates":[-75.20253384,40.00403001]}},{"type":"Feature","properties":{"id":"19000340","status":"Open","zipcode":"19131","requested_date":"2025-12-10","closed_date":null,"expected_date":"2026-06-19","days_to_close":null,"closed_within_180_days":false,"closed_by_expected":false,"missed_expected":true,"feature_kind":"request"},"geometry":{"type":"Point","coordinates":[-75.22969479,39.98161765]}},{"type":"Feature","properties":{"id":"19001073","status":"Open","zipcode":"19131","requested_date":"2025-12-11","closed_date":null,"expected_date":"2026-06-19","days_to_close":null,"closed_within_180_days":false,"closed_by_expected":false,"missed_expected":true,"feature_kind":"request"},"geometry":{"type":"Point","coordinates":[-75.20996248,39.99946844]}},{"type":"Feature","properties":{"id":"19001079","status":"Open","zipcode":"19131","requested_date":"2025-12-11","closed_date":null,"expected_date":"2026-06-19","days_to_close":null,"closed_within_180_days":false,"closed_by_expected":false,"missed_expected":true,"feature_kind":"request"},"geometry":{"type":"Point","coordinates":[-75.20996248,39.99946844]}},{"type":"Feature","properties":{"id":"19001101","status":"Open","zipcode":"19131","requested_date":"2025-12-11","closed_date":null,"expected_date":"2026-06-19","days_to_close":null,"closed_within_180_days":false,"closed_by_expected":false,"missed_expected":true,"feature_kind":"request"},"geometry":{"type":"Point","coordinates":[-75.23561672,39.96933871]}},{"type":"Feature","properties":{"id":"19002516","status":"Open","zipcode":"19131","requested_date":"2025-12-11","closed_date":null,"expected_date":"2026-06-22","days_to_close":null,"closed_within_180_days":false,"closed_by_expected":false,"missed_expected":true,"feature_kind":"request"},"geometry":{"type":"Point","coordinates":[-75.22418733,39.97391706]}},{"type":"Feature","properties":{"id":"19002539","status":"Open","zipcode":"19131","requested_date":"2025-12-11","closed_date":null,"expected_date":"2026-06-22","days_to_close":null,"closed_within_180_days":false,"closed_by_expected":false,"missed_expected":true,"feature_kind":"request"},"geometry":{"type":"Point","coordinates":[-75.22418733,39.97391706]}},{"type":"Feature","properties":{"id":"19008153","status":"Open","zipcode":"19128","requested_date":"2025-12-12","closed_date":null,"expected_date":"2026-06-22","days_to_close":null,"closed_within_180_days":false,"closed_by_expected":false,"missed_expected":true,"feature_kind":"request"},"geometry":{"type":"Point","coordinates":[-75.22974899,40.04792652]}},{"type":"Feature","properties":{"id":"19010470","status":"Closed","zipcode":"19131","requested_date":"2025-12-12","closed_date":"2026-07-22","expected_date":"2026-06-22","days_to_close":221.7,"closed_within_180_days":false,"closed_by_expected":false,"missed_expected":true,"feature_kind":"request"},"geometry":{"type":"Point","coordinates":[-75.23739362,39.97752357]}},{"type":"Feature","properties":{"id":"19010759","status":"Open","zipcode":"19128","requested_date":"2025-12-12","closed_date":null,"expected_date":"2026-06-22","days_to_close":null,"closed_within_180_days":false,"closed_by_expected":false,"missed_expected":true,"feature_kind":"request"},"geometry":{"type":"Point","coordinates":[-75.21271669,40.03629749]}},{"type":"Feature","properties":{"id":"19012671","status":"Open","zipcode":"19128","requested_date":"2025-12-13","closed_date":null,"expected_date":"2026-06-23","days_to_close":null,"closed_within_180_days":false,"closed_by_expected":false,"missed_expected":true,"feature_kind":"request"},"geometry":{"type":"Point","coordinates":[-75.22680414,40.04187462]}},{"type":"Feature","properties":{"id":"19018796","status":"Open","zipcode":"19131","requested_date":"2025-12-13","closed_date":null,"expected_date":"2026-06-23","days_to_close":null,"closed_within_180_days":false,"closed_by_expected":false,"missed_expected":true,"feature_kind":"request"},"geometry":{"type":"Point","coordinates":[-75.22871611,39.97174921]}},{"type":"Feature","properties":{"id":"19065064","status":"Closed","zipcode":"19128","requested_date":"2025-12-15","closed_date":"2026-07-14","expected_date":"2026-06-23","days_to_close":211,"closed_within_180_days":false,"closed_by_expected":false,"missed_expected":true,"feature_kind":"request"},"geometry":{"type":"Point","coordinates":[-75.21323038,40.02331627]}},{"type":"Feature","properties":{"id":"19066575","status":"Open","zipcode":"19128","requested_date":"2025-12-15","closed_date":null,"expected_date":"2026-06-23","days_to_close":null,"closed_within_180_days":false,"closed_by_expected":false,"missed_expected":true,"feature_kind":"request"},"geometry":{"type":"Point","coordinates":[-75.22643753,40.04348826]}},{"type":"Feature","properties":{"id":"19075803","status":"Open","zipcode":"19128","requested_date":"2025-12-16","closed_date":null,"expected_date":"2026-06-24","days_to_close":null,"closed_within_180_days":false,"closed_by_expected":false,"missed_expected":true,"feature_kind":"request"},"geometry":{"type":"Point","coordinates":[-75.20627017,40.01843729]}},{"type":"Feature","properties":{"id":"19079576","status":"Open","zipcode":"19128","requested_date":"2025-12-16","closed_date":null,"expected_date":"2026-06-24","days_to_close":null,"closed_within_180_days":false,"closed_by_expected":false,"missed_expected":true,"feature_kind":"request"},"geometry":{"type":"Point","coordinates":[-75.23946057,40.06283252]}},{"type":"Feature","properties":{"id":"19083078","status":"Open","zipcode":"19128","requested_date":"2025-12-16","closed_date":null,"expected_date":"2026-06-24","days_to_close":null,"closed_within_180_days":false,"closed_by_expected":false,"missed_expected":true,"feature_kind":"request"},"geometry":{"type":"Point","coordinates":[-75.22619733,40.04976399]}},{"type":"Feature","properties":{"id":"19087267","status":"Open","zipcode":"19128","requested_date":"2025-12-16","closed_date":null,"expected_date":"2026-06-25","days_to_close":null,"closed_within_180_days":false,"closed_by_expected":false,"missed_expected":true,"feature_kind":"request"},"geometry":{"type":"Point","coordinates":[-75.22671119,40.04194536]}},{"type":"Feature","properties":{"id":"19116216","status":"Closed","zipcode":"19131","requested_date":"2025-12-17","closed_date":"2026-06-10","expected_date":"2026-06-25","days_to_close":175,"closed_within_180_days":true,"closed_by_expected":true,"missed_expected":false,"feature_kind":"request"},"geometry":{"type":"Point","coordinates":[-75.22692953,39.97945763]}},{"type":"Feature","properties":{"id":"19116223","status":"Closed","zipcode":"19131","requested_date":"2025-12-17","closed_date":"2026-06-10","expected_date":"2026-06-25","days_to_close":175,"closed_within_180_days":true,"closed_by_expected":true,"missed_expected":false,"feature_kind":"request"},"geometry":{"type":"Point","coordinates":[-75.22692953,39.97945763]}},{"type":"Feature","properties":{"id":"19116535","status":"Open","zipcode":"19131","requested_date":"2025-12-17","closed_date":null,"expected_date":"2026-06-25","days_to_close":null,"closed_within_180_days":false,"closed_by_expected":false,"missed_expected":true,"feature_kind":"request"},"geometry":{"type":"Point","coordinates":[-75.20711247,40.00439757]}},{"type":"Feature","properties":{"id":"19118114","status":"Open","zipcode":"19128","requested_date":"2025-12-18","closed_date":null,"expected_date":"2026-06-26","days_to_close":null,"closed_within_180_days":false,"closed_by_expected":false,"missed_expected":true,"feature_kind":"request"},"geometry":{"type":"Point","coordinates":[-75.22529717,40.03363255]}},{"type":"Feature","properties":{"id":"19118604","status":"Open","zipcode":"19128","requested_date":"2025-12-18","closed_date":null,"expected_date":"2026-06-26","days_to_close":null,"closed_within_180_days":false,"closed_by_expected":false,"missed_expected":true,"feature_kind":"request"},"geometry":{"type":"Point","coordinates":[-75.21174373,40.02131594]}},{"type":"Feature","properties":{"id":"19118818","status":"Open","zipcode":"19128","requested_date":"2025-12-18","closed_date":null,"expected_date":"2026-06-26","days_to_close":null,"closed_within_180_days":false,"closed_by_expected":false,"missed_expected":true,"feature_kind":"request"},"geometry":{"type":"Point","coordinates":[-75.22087835,40.03883622]}},{"type":"Feature","properties":{"id":"19118972","status":"Closed","zipcode":"19131","requested_date":"2025-12-18","closed_date":"2026-07-02","expected_date":"2026-06-26","days_to_close":195.8,"closed_within_180_days":false,"closed_by_expected":false,"missed_expected":true,"feature_kind":"request"},"geometry":{"type":"Point","coordinates":[-75.23363382,39.98731596]}},{"type":"Feature","properties":{"id":"19119362","status":"Open","zipcode":"19131","requested_date":"2025-12-18","closed_date":null,"expected_date":"2026-06-26","days_to_close":null,"closed_within_180_days":false,"closed_by_expected":false,"missed_expected":true,"feature_kind":"request"},"geometry":{"type":"Point","coordinates":[-75.22565179,39.98133596]}},{"type":"Feature","properties":{"id":"19119371","status":"Open","zipcode":"19131","requested_date":"2025-12-18","closed_date":null,"expected_date":"2026-06-26","days_to_close":null,"closed_within_180_days":false,"closed_by_expected":false,"missed_expected":true,"feature_kind":"request"},"geometry":{"type":"Point","coordinates":[-75.22565179,39.98133596]}},{"type":"Feature","properties":{"id":"19119852","status":"Open","zipcode":"19128","requested_date":"2025-12-18","closed_date":null,"expected_date":"2026-06-26","days_to_close":null,"closed_within_180_days":false,"closed_by_expected":false,"missed_expected":true,"feature_kind":"request"},"geometry":{"type":"Point","coordinates":[-75.22671119,40.04194536]}},{"type":"Feature","properties":{"id":"19120157","status":"Open","zipcode":"19131","requested_date":"2025-12-18","closed_date":null,"expected_date":"2026-06-29","days_to_close":null,"closed_within_180_days":false,"closed_by_expected":false,"missed_expected":true,"feature_kind":"request"},"geometry":{"type":"Point","coordinates":[-75.22657432,39.98125614]}},{"type":"Feature","properties":{"id":"19120252","status":"Open","zipcode":"19131","requested_date":"2025-12-19","closed_date":null,"expected_date":"2026-06-29","days_to_close":null,"closed_within_180_days":false,"closed_by_expected":false,"missed_expected":true,"feature_kind":"request"},"geometry":{"type":"Point","coordinates":[-75.22687989,39.99085739]}},{"type":"Feature","properties":{"id":"19120908","status":"Open","zipcode":"19131","requested_date":"2025-12-19","closed_date":null,"expected_date":"2026-06-29","days_to_close":null,"closed_within_180_days":false,"closed_by_expected":false,"missed_expected":true,"feature_kind":"request"},"geometry":{"type":"Point","coordinates":[-75.22900577,39.98267629]}},{"type":"Feature","properties":{"id":"19121680","status":"Open","zipcode":"19128","requested_date":"2025-12-19","closed_date":null,"expected_date":"2026-06-29","days_to_close":null,"closed_within_180_days":false,"closed_by_expected":false,"missed_expected":true,"feature_kind":"request"},"geometry":{"type":"Point","coordinates":[-75.21944631,40.03349544]}},{"type":"Feature","properties":{"id":"19121764","status":"Open","zipcode":"19131","requested_date":"2025-12-19","closed_date":null,"expected_date":"2026-06-29","days_to_close":null,"closed_within_180_days":false,"closed_by_expected":false,"missed_expected":true,"feature_kind":"request"},"geometry":{"type":"Point","coordinates":[-75.20253384,40.00403001]}},{"type":"Feature","properties":{"id":"19122254","status":"Open","zipcode":"19131","requested_date":"2025-12-19","closed_date":null,"expected_date":"2026-06-30","days_to_close":null,"closed_within_180_days":false,"closed_by_expected":false,"missed_expected":true,"feature_kind":"request"},"geometry":{"type":"Point","coordinates":[-75.20436893,40.00077855]}},{"type":"Feature","properties":{"id":"19122655","status":"Open","zipcode":"19128","requested_date":"2025-12-20","closed_date":null,"expected_date":"2026-06-30","days_to_close":null,"closed_within_180_days":false,"closed_by_expected":false,"missed_expected":true,"feature_kind":"request"},"geometry":{"type":"Point","coordinates":[-75.21174373,40.02131594]}},{"type":"Feature","properties":{"id":"19122731","status":"Closed","zipcode":"19131","requested_date":"2025-12-20","closed_date":"2026-07-07","expected_date":"2026-06-30","days_to_close":198.8,"closed_within_180_days":false,"closed_by_expected":false,"missed_expected":true,"feature_kind":"request"},"geometry":{"type":"Point","coordinates":[-75.23342156,39.97755531]}},{"type":"Feature","properties":{"id":"19122786","status":"Open","zipcode":"19128","requested_date":"2025-12-20","closed_date":null,"expected_date":"2026-06-30","days_to_close":null,"closed_within_180_days":false,"closed_by_expected":false,"missed_expected":true,"feature_kind":"request"},"geometry":{"type":"Point","coordinates":[-75.21507629,40.03744348]}},{"type":"Feature","properties":{"id":"19123011","status":"Closed","zipcode":"19131","requested_date":"2025-12-20","closed_date":"2026-06-23","expected_date":"2026-06-30","days_to_close":184.6,"closed_within_180_days":false,"closed_by_expected":true,"missed_expected":false,"feature_kind":"request"},"geometry":{"type":"Point","coordinates":[-75.24597638,39.98796472]}},{"type":"Feature","properties":{"id":"19123352","status":"Open","zipcode":"19131","requested_date":"2025-12-21","closed_date":null,"expected_date":"2026-06-30","days_to_close":null,"closed_within_180_days":false,"closed_by_expected":false,"missed_expected":true,"feature_kind":"request"},"geometry":{"type":"Point","coordinates":[-75.20720616,40.00094475]}},{"type":"Feature","properties":{"id":"19123541","status":"Open","zipcode":"19128","requested_date":"2025-12-22","closed_date":null,"expected_date":"2026-06-30","days_to_close":null,"closed_within_180_days":false,"closed_by_expected":false,"missed_expected":true,"feature_kind":"request"},"geometry":{"type":"Point","coordinates":[-75.20553478,40.03221951]}},{"type":"Feature","properties":{"id":"19123972","status":"Open","zipcode":"19131","requested_date":"2025-12-22","closed_date":null,"expected_date":"2026-06-30","days_to_close":null,"closed_within_180_days":false,"closed_by_expected":false,"missed_expected":true,"feature_kind":"request"},"geometry":{"type":"Point","coordinates":[-75.22074419,40.00165415]}},{"type":"Feature","properties":{"id":"19124476","status":"Open","zipcode":"19128","requested_date":"2025-12-22","closed_date":null,"expected_date":"2026-06-30","days_to_close":null,"closed_within_180_days":false,"closed_by_expected":false,"missed_expected":true,"feature_kind":"request"},"geometry":{"type":"Point","coordinates":[-75.21172027,40.02128175]}},{"type":"Feature","properties":{"id":"19124538","status":"Open","zipcode":"19131","requested_date":"2025-12-22","closed_date":null,"expected_date":"2026-06-30","days_to_close":null,"closed_within_180_days":false,"closed_by_expected":false,"missed_expected":true,"feature_kind":"request"},"geometry":{"type":"Point","coordinates":[-75.22064721,40.00209121]}},{"type":"Feature","properties":{"id":"19125126","status":"Open","zipcode":"19128","requested_date":"2025-12-22","closed_date":null,"expected_date":"2026-06-30","days_to_close":null,"closed_within_180_days":false,"closed_by_expected":false,"missed_expected":true,"feature_kind":"request"},"geometry":{"type":"Point","coordinates":[-75.22916553,40.04199711]}},{"type":"Feature","properties":{"id":"19125516","status":"Open","zipcode":"19128","requested_date":"2025-12-22","closed_date":null,"expected_date":"2026-07-01","days_to_close":null,"closed_within_180_days":false,"closed_by_expected":false,"missed_expected":true,"feature_kind":"request"},"geometry":{"type":"Point","coordinates":[-75.22043301,40.03952099]}},{"type":"Feature","properties":{"id":"19125949","status":"Open","zipcode":"19128","requested_date":"2025-12-23","closed_date":null,"expected_date":"2026-07-01","days_to_close":null,"closed_within_180_days":false,"closed_by_expected":false,"missed_expected":true,"feature_kind":"request"},"geometry":{"type":"Point","coordinates":[-75.21210939,40.02443199]}},{"type":"Feature","properties":{"id":"19127137","status":"Open","zipcode":"19131","requested_date":"2025-12-23","closed_date":null,"expected_date":"2026-07-01","days_to_close":null,"closed_within_180_days":false,"closed_by_expected":false,"missed_expected":true,"feature_kind":"request"},"geometry":{"type":"Point","coordinates":[-75.22099933,39.97413179]}},{"type":"Feature","properties":{"id":"19127571","status":"Open","zipcode":"19131","requested_date":"2025-12-23","closed_date":null,"expected_date":"2026-07-01","days_to_close":null,"closed_within_180_days":false,"closed_by_expected":false,"missed_expected":true,"feature_kind":"request"},"geometry":{"type":"Point","coordinates":[-75.20379834,40.00119481]}},{"type":"Feature","properties":{"id":"19137385","status":"Open","zipcode":"19131","requested_date":"2025-12-23","closed_date":null,"expected_date":"2026-07-02","days_to_close":null,"closed_within_180_days":false,"closed_by_expected":false,"missed_expected":true,"feature_kind":"request"},"geometry":{"type":"Point","coordinates":[-75.23023267,39.99331867]}},{"type":"Feature","properties":{"id":"19143012","status":"Open","zipcode":"19128","requested_date":"2025-12-24","closed_date":null,"expected_date":"2026-07-02","days_to_close":null,"closed_within_180_days":false,"closed_by_expected":false,"missed_expected":true,"feature_kind":"request"},"geometry":{"type":"Point","coordinates":[-75.22267826,40.03154579]}},{"type":"Feature","properties":{"id":"19146552","status":"Open","zipcode":"19128","requested_date":"2025-12-24","closed_date":null,"expected_date":"2026-07-02","days_to_close":null,"closed_within_180_days":false,"closed_by_expected":false,"missed_expected":true,"feature_kind":"request"},"geometry":{"type":"Point","coordinates":[-75.23964854,40.06226378]}},{"type":"Feature","properties":{"id":"19161125","status":"Open","zipcode":"19131","requested_date":"2025-12-25","closed_date":null,"expected_date":"2026-07-03","days_to_close":null,"closed_within_180_days":false,"closed_by_expected":false,"missed_expected":true,"feature_kind":"request"},"geometry":{"type":"Point","coordinates":[-75.22068331,40.00165164]}},{"type":"Feature","properties":{"id":"19201301","status":"Open","zipcode":"19128","requested_date":"2025-12-26","closed_date":null,"expected_date":"2026-07-03","days_to_close":null,"closed_within_180_days":false,"closed_by_expected":false,"missed_expected":true,"feature_kind":"request"},"geometry":{"type":"Point","coordinates":[-75.23495435,40.03494968]}},{"type":"Feature","properties":{"id":"19201993","status":"Open","zipcode":"19128","requested_date":"2025-12-26","closed_date":null,"expected_date":"2026-07-03","days_to_close":null,"closed_within_180_days":false,"closed_by_expected":false,"missed_expected":true,"feature_kind":"request"},"geometry":{"type":"Point","coordinates":[-75.23567666,40.03535182]}},{"type":"Feature","properties":{"id":"19201998","status":"Open","zipcode":"19131","requested_date":"2025-12-26","closed_date":null,"expected_date":"2026-07-03","days_to_close":null,"closed_within_180_days":false,"closed_by_expected":false,"missed_expected":true,"feature_kind":"request"},"geometry":{"type":"Point","coordinates":[-75.22812508,39.97106364]}},{"type":"Feature","properties":{"id":"19202198","status":"Open","zipcode":"19131","requested_date":"2025-12-26","closed_date":null,"expected_date":"2026-07-03","days_to_close":null,"closed_within_180_days":false,"closed_by_expected":false,"missed_expected":true,"feature_kind":"request"},"geometry":{"type":"Point","coordinates":[-75.23176623,39.96939137]}},{"type":"Feature","properties":{"id":"19203814","status":"Open","zipcode":"19131","requested_date":"2025-12-29","closed_date":null,"expected_date":"2026-07-06","days_to_close":null,"closed_within_180_days":false,"closed_by_expected":false,"missed_expected":true,"feature_kind":"request"},"geometry":{"type":"Point","coordinates":[-75.2366413,39.9697798]}},{"type":"Feature","properties":{"id":"19203909","status":"Open","zipcode":"19128","requested_date":"2025-12-29","closed_date":null,"expected_date":"2026-07-06","days_to_close":null,"closed_within_180_days":false,"closed_by_expected":false,"missed_expected":true,"feature_kind":"request"},"geometry":{"type":"Point","coordinates":[-75.22568035,40.03619644]}},{"type":"Feature","properties":{"id":"19205227","status":"Open","zipcode":"19128","requested_date":"2025-12-29","closed_date":null,"expected_date":"2026-07-06","days_to_close":null,"closed_within_180_days":false,"closed_by_expected":false,"missed_expected":true,"feature_kind":"request"},"geometry":{"type":"Point","coordinates":[-75.22534299,40.03704513]}},{"type":"Feature","properties":{"id":"19206239","status":"Open","zipcode":"19128","requested_date":"2025-12-29","closed_date":null,"expected_date":"2026-07-06","days_to_close":null,"closed_within_180_days":false,"closed_by_expected":false,"missed_expected":true,"feature_kind":"request"},"geometry":{"type":"Point","coordinates":[-75.20998373,40.03382672]}},{"type":"Feature","properties":{"id":"19232210","status":"Open","zipcode":"19131","requested_date":"2025-12-30","closed_date":null,"expected_date":"2026-07-07","days_to_close":null,"closed_within_180_days":false,"closed_by_expected":false,"missed_expected":true,"feature_kind":"request"},"geometry":{"type":"Point","coordinates":[-75.22565179,39.98133596]}},{"type":"Feature","properties":{"id":"19232224","status":"Open","zipcode":"19131","requested_date":"2025-12-30","closed_date":null,"expected_date":"2026-07-07","days_to_close":null,"closed_within_180_days":false,"closed_by_expected":false,"missed_expected":true,"feature_kind":"request"},"geometry":{"type":"Point","coordinates":[-75.22455906,39.98082466]}},{"type":"Feature","properties":{"id":"19243752","status":"Open","zipcode":"19128","requested_date":"2025-12-31","closed_date":null,"expected_date":"2026-07-07","days_to_close":null,"closed_within_180_days":false,"closed_by_expected":false,"missed_expected":true,"feature_kind":"request"},"geometry":{"type":"Point","coordinates":[-75.23964854,40.06226378]}},{"type":"Feature","properties":{"id":"19264484","status":"Open","zipcode":"19131","requested_date":"2025-12-31","closed_date":null,"expected_date":"2026-07-08","days_to_close":null,"closed_within_180_days":false,"closed_by_expected":false,"missed_expected":true,"feature_kind":"request"},"geometry":{"type":"Point","coordinates":[-75.2369325,39.97316269]}}]}
